Bioassay_ID	sentrix_id	dkfz_v12.8_superfamily	dkfz_v12.8_superfamily_maxscore	dkfz_v12.8_family	dkfz_v12.8_family_maxscore	dkfz_v12.8_class	dkfz_v12.8_class_maxscore	dkfz_v12.8_subclass	dkfz_v12.8_subclass_maxscore	NIH_v3.1_superfamily	NIH_v3.1_superfamily_meanscore	NIH_v3.1_class	NIH_v3.1_class_score	NIH_v3.1_subclass	NIH_v3.1_subclass_meanscore
BS_TME3CH5P	205567980099_R08C01	Paediatric-Type Diffuse High-Grade Gliomas	0.999990557	Diffuse Midline Glioma, H3k27-Altered	0.999990485	Diffuse Midline Glioma, H3 K27-Mutant / EZHIP Overexpressing	0.999990458	DMG_K27	0.999990458	Diffuse midline glioma, H3 K27-altered	0.986	Diffuse midline glioma, H3 K27-altered	0.986	DMG K27	0.986
BS_V7BJFTRG	205707900146_R03C01	Ependymal Tumours	0.999898088	Posterior Fossa Ependymoma Group A	0.999885077	Posterior Fossa Ependymoma Group A1	0.999754379	EPN_PFA_1D	0.995531615	Ependymal tumors	0.989	Posterior fossa group A (PFA) ependymoma	0.985	EPN PFA 1D	0.98
BS_CVAEDWP3	205624860109_R06C01	Low-Grade Glial/Glioneuronal/Neuroepithelial Tumours	0.996843277	Low-Grade Glioneuronal Tumour	0.987277882	Rosette-Forming Glioneuronal Tumour	0.955881423	RGNT	0.955881423	Low-grade glial/glioneuronal tumors	0.99	Rosette-forming glioneuronal tumor	0.985	RGNT	0.985
BS_PDNXHWQ8	205676380019_R07C01	Pineal Parenchymal And Retinal Tumours	0.999115623	Pineoblastoma	0.998968918	Pineoblastoma, miRNA Pathway Altered, Group 1	0.998887759	PB_GRP1A	0.997497966	Pineal region tumors and retinoblastoma	0.986	Pineoblastoma	0.973	PB GROUP 1A	0.958
BS_DZK30R1H	206402350019_R03C01	Medulloblastoma	0.999728329	Medulloblastoma Non-WNT/Non-SHH Activated	0.999693618	Medulloblastoma Group 4	0.999659797	MB_G34_VIII	0.999455759	Medulloblastoma	0.991	Medulloblastoma, non-WNT/non-SHH, Group 4	0.989	MB G4 VIII	0.989
BS_MZN7GK89	205567980099_R06C01	Paediatric-Type Diffuse High-Grade Gliomas	0.770138176	Paediatric-Type Diffuse High-Grade Gliomas	0.765890592	Diffuse Paediatric-Type High Grade Glioma, MYCN Subtype	0.755670573	pedHGG_MYCN	0.755670573	Neuroblastic embryonal tumors	0.516	CNS tumor with PATZ1 fusion	0.181	CNS PATZ1 FUS	0.181
BS_F6N9A1V2	205676390068_R05C01	Neuroblastoma	0.265882677	Neuroblastoma	0.265882677	Neuroblastoma	0.265882677	NB_TMM_NEG	0.263578829	Mesenchymal tumors	0.848	Malignant melanotic nerve sheath tumor	0.423	MMNST	0.423
BS_NDRBA7M5	205707900163_R01C01	Other CNS Embryonal Tumours	0.825060584	Atypical Teratoid Rhabdoid Tumour	0.818676467	Atypical Teratoid Rhabdoid Tumour, MYC Activated	0.797557088	ATRT_MYC	0.797557088	SMARC-altered tumors	0.344	Atypical teratoid/rhabdoid tumor	0.287	ATRT MYC	0.286
BS_Q7YA56VW	205657380092_R05C01	Cranial And Paraspinal Nerve Tumours	0.852607448	Cranial And Paraspinal Nerve Tumours	0.798936027	Plexiform Neurofibroma	0.798832268	NFIB_PLEX	0.798832268	Mesenchymal tumors	0.988	Plexiform neurofibroma	0.987	NFIB PLEX	0.987
BS_M37MAAEE	206390560034_R04C01	Low-Grade Glial/Glioneuronal/Neuroepithelial Tumours	0.499267722	Low-Grade Glioneuronal Tumour	0.455586247	Diffuse Glioneuronal Tumour, Non Defined Type	0.4507733	GNT_A	0.4507733	Intermediate-grade IDH-wildtype gliomas	0.834	Glioneuronal tumor, kinase-fused	0.426	GNT KinF A	0.426
BS_BEG2KZHH	206402350130_R04C01	Paediatric-Type Diffuse High-Grade Gliomas	0.999828304	Diffuse Midline Glioma, H3k27-Altered	0.999823929	Diffuse Midline Glioma, H3 K27-Mutant / EZHIP Overexpressing	0.999823642	DMG_K27	0.999823642	Diffuse midline glioma, H3 K27-altered	0.987	Diffuse midline glioma, H3 K27-altered	0.987	DMG K27	0.987
BS_1D4N9CKA	206402350020_R05C01	Paediatric-Type Diffuse High-Grade Gliomas	0.99994134	Diffuse Midline Glioma, H3k27-Altered	0.999941303	Diffuse Midline Glioma, H3 K27-Mutant / EZHIP Overexpressing	0.999941296	DMG_K27	0.999941296	Diffuse midline glioma, H3 K27-altered	0.987	Diffuse midline glioma, H3 K27-altered	0.987	DMG K27	0.987
BS_SKGSC6PE	205567990034_R02C01	Tumours Of The Sellar Region	0.384200983	Craniopharyngioma	0.356259592	Papillary Craniopharyngioma	0.238725109	CPH_PAP	0.238725109	Epithelial tumors	0.967	Papillary craniopharyngioma	0.937	CPH PAP	0.937
BS_N56WYDCZ	206402350020_R07C01	Other CNS Embryonal Tumours	0.999893629	Atypical Teratoid Rhabdoid Tumour	0.99987768	Atypical Teratoid Rhabdoid Tumour, SHH Activated	0.999701909	ATRT_SHH	0.999701909	SMARC-altered tumors	0.987	Atypical teratoid/rhabdoid tumor	0.987	ATRT SHH	0.986
BS_WMSJC65B	205624900113_R05C01	Low-Grade Glial/Glioneuronal/Neuroepithelial Tumours	0.974860011	Low-Grade Glioneuronal Tumour	0.857776637	Dysembryoplastic Neuroepithelial Tumour	0.828675826	DNET	0.828675826	Low-grade glial/glioneuronal tumors	0.989	Dysembryoplastic neuroepithelial tumor	0.525	DNT	0.525
BS_DPN8T66Y	205624860106_R02C01	Low-Grade Glial/Glioneuronal/Neuroepithelial Tumours	0.755529145	Low-Grade Ganglioglial/Neuroepithelial Tumour	0.651775534	Ganglioglioma	0.329346977	GG	0.329346977	Low-grade glial/glioneuronal tumors	0.989	Ganglioglioma	0.952	GG	0.952
BS_8SAH8JDS	206390560102_R04C01	Meningioma	0.999855259	Meningioma	0.999855259	Meningioma, Intermediate	0.994435609	MNG_INT_A	0.858277513	Meningioma	0.988	Meningioma, intermediate	0.962	MNG INT A	0.851
BS_MVWMFRQR	205624860068_R08C01	Medulloblastoma	0.999081124	Medulloblastoma Non-WNT/Non-SHH Activated	0.998944037	Medulloblastoma Group 4	0.998596069	MB_G34_VII	0.962513815	Medulloblastoma	0.991	Medulloblastoma, non-WNT/non-SHH, Group 4	0.989	MB G4 VII	0.988
BS_GTSTAR3W	205676390090_R01C01	Paediatric-Type Diffuse High-Grade Gliomas	0.999842025	Diffuse Midline Glioma, H3k27-Altered	0.999839028	Diffuse Midline Glioma, H3 K27-Mutant / EZHIP Overexpressing	0.999838577	DMG_K27	0.999838577	Diffuse midline glioma, H3 K27-altered	0.984	Diffuse midline glioma, H3 K27-altered	0.984	DMG K27	0.984
BS_7KDV25PK	205657380008_R06C01	Low-Grade Glial/Glioneuronal/Neuroepithelial Tumours	0.246787178	Low-Grade Glioneuronal Tumour	0.168394539	Papillary Glioneuronal Tumour	0.116890272	PGNT	0.116890272	Intermediate-grade IDH-wildtype gliomas	0.982	High-grade astrocytoma with piloid features	0.502	HGAP	0.502
BS_3J2TX6T1	205982900127_R02C01	Rhabdomyosarcoma	0.246565371	Alveolar Rhabdomyosarcoma	0.191228418	Rhabdomyosarcoma, Alveolar Subtype	0.191228418	ARMS	0.191228418	Mesenchymal tumors	0.987	Chordoma	0.205	CHORDM	0.205
BS_HX3MAX1E	205624860029_R08C01	Control Tissues	0.723507415	Control Brain Tissues	0.722871525	Control Tissue, White Matter (Corpus Callosum)	0.713419149	CTRL_CORPCAL	0.713419149	Low-grade glial/glioneuronal tumors	0.955	Ganglioglioma	0.826	GG	0.826
BS_6AQ17V84	205707900078_R04C01	Ependymal Tumours	0.99999555	Posterior Fossa Ependymoma Group A	0.999994028	Posterior Fossa Ependymoma Group A1	0.999983773	EPN_PFA_1C	0.996489135	Ependymal tumors	0.989	Posterior fossa group A (PFA) ependymoma	0.988	EPN PFA 1C	0.987
BS_E685NDKM	205624900008_R06C01	Meningioma	0.99946686	Meningioma	0.99946686	Meningioma, Benign	0.995451097	MNG_BEN_2	0.836620379	Meningioma	0.988	Meningioma, benign	0.987	MNG BEN 2	0.986
BS_ZGR0PYE5	205624900133_R08C01	Low-Grade Glial/Glioneuronal/Neuroepithelial Tumours	0.568729275	Pilocytic Astrocytoma	0.276042121	Supratentorial Midline Pilocytic Astrocytoma	0.207171864	PA_MID	0.207171864	Low-grade glial/glioneuronal tumors	0.989	Pilocytic astrocytoma	0.664	PA MID	0.502
BS_53R9Z7YY	206390560067_R05C01	Other CNS Embryonal Tumours	0.999962588	CNS BCOR-Altered Tumours	0.999960169	Neuroepithelial Tumour With BCOR Internal Tandem Duplication	0.999960164	CNS_BCOR_ITD	0.999960164	BCOR-altered tumors	0.976	CNS tumor with BCOR internal tandem duplication	0.975	CNS BCOR ITD	0.975
BS_2VFTZSTQ	205624900061_R06C01	Medulloblastoma	0.999894336	Medulloblastoma Non-WNT/Non-SHH Activated	0.999882748	Medulloblastoma Group 4	0.9998734	MB_G34_VIII	0.999791233	Medulloblastoma	0.991	Medulloblastoma, non-WNT/non-SHH, Group 4	0.989	MB G4 VIII	0.989
BS_NC79CTRA	206402350056_R01C01	Low-Grade Glial/Glioneuronal/Neuroepithelial Tumours	0.99606073	Low-Grade Ganglioglial/Neuroepithelial Tumour	0.993808295	Ganglioglioma	0.983112726	GG	0.983112726	Low-grade glial/glioneuronal tumors	0.989	Ganglioglioma	0.986	GG	0.986
BS_Q6T1BM6K	205624860161_R08C01	Germ Cell Tumours	0.993971825	Germ Cell Tumours Of The CNS	0.993971825	(Immature) Teratoma	0.993955412	GCT_TERA	0.993955412	Other tumors	0.977	Teratoma	0.975	GCT TERA	0.975
BS_NBY2QK7M	205566000176_R04C01	Low-Grade Glial/Glioneuronal/Neuroepithelial Tumours	0.806399364	Low-Grade Glioneuronal Tumour	0.437720474	Papillary Glioneuronal Tumour	0.229779449	PGNT	0.229779449	Low-grade glial/glioneuronal tumors	0.989	Pilocytic astrocytoma	0.932	PA PF TYP	0.593
BS_CBT428EZ	205589740019_R05C01	Low-Grade Glial/Glioneuronal/Neuroepithelial Tumours	0.979966592	Pilocytic Astrocytoma	0.971137649	Infratentorial Pilocytic Astrocytoma	0.824881089	PA_INF	0.824881089	Low-grade glial/glioneuronal tumors	0.989	Pilocytic astrocytoma	0.988	PA PF TYP	0.987
BS_1DH8SJ7B	205624900113_R08C01	Low-Grade Glial/Glioneuronal/Neuroepithelial Tumours	0.999882389	Low-Grade Glioneuronal Tumour	0.999768233	Dysembryoplastic Neuroepithelial Tumour	0.99684973	DNET	0.99684973	Low-grade glial/glioneuronal tumors	0.99	Dysembryoplastic neuroepithelial tumor	0.987	DNT	0.987
BS_55Y8M74F	206402350009_R04C01	Control Tissues	0.962323083	Control Brain Tissues	0.96208212	Control Tissue, Hemispheric Cortex	0.961634466	CTRL_HEMI	0.961634466	Control tissues	0.681	Control tissue, cerebral hemisphere	0.666	CONTR HEMI	0.666
BS_X2S37Y4C	205128000035_R04C01	Control Tissues	0.999682377	Control Brain Tissues	0.999682352	Control Tissue, Pituitary Gland (Anterior Lobe)	0.999682262	CTRL_ADENOPIT	0.999682262	Control tissues	0.976	Control tissue, pituitary gland	0.847	CONTR ADENOPIT	0.847
BS_2MG088X7	207356840021_R05C01	Adult-Type Diffuse Gliomas	0.99992585	Diffuse High-Grade Neuroepithelial Tumour [Adult-Type]	0.999925846	Diffuse High-Grade Neuroepithelial Tumour [Adult-Type, Non-Defined Type E]	0.999639686	HGG_E	0.999639686	Intermediate-grade IDH-wildtype gliomas	0.986	Diffuse high-grade glioma, IDH-wildtype, subtype E	0.982	HGG E	0.982
BS_FD03JPYW	205707900009_R05C01	Low-Grade Glial/Glioneuronal/Neuroepithelial Tumours	0.972431814	Low-Grade Glioneuronal Tumour	0.910594733	Dysembryoplastic Neuroepithelial Tumour	0.828463354	DNET	0.828463354	Low-grade glial/glioneuronal tumors	0.99	Dysembryoplastic neuroepithelial tumor	0.497	DNT	0.462
BS_F0A84A7J	205707890156_R07C01	Medulloblastoma	0.99992062	Medulloblastoma Non-WNT/Non-SHH Activated	0.999912448	Medulloblastoma Group 4	0.999903969	MB_G34_VIII	0.999765517	Medulloblastoma	0.991	Medulloblastoma, non-WNT/non-SHH, Group 4	0.989	MB G4 VIII	0.989
BS_D7CCR0HV	209760340023_R06C01	Adult-Type Diffuse Gliomas	0.241248402	Glioblastoma, IDH-Wildtype	0.225663332	Glioblastoma, IDH-Wildtype, Mesenchymal Type	0.209731794	GBM_MES_TYP	0.182368387	Pediatric-type high-grade gliomas	0.318	Diffuse pediatric-type high-grade glioma, H3-wildtype and IDH-wildtype	0.316	pedHGG MYCN	0.315
BS_PRKJWXS8	206430120112_R02C01	Medulloblastoma	0.999716348	Medulloblastoma, SHH-Activated	0.999648857	Medulloblastoma, SHH-Activated, Subtype 3	0.913464686	MB_SHH_3	0.913464686	Medulloblastoma	0.991	Medulloblastoma, SHH-activated	0.989	MB SHH 3	0.988
BS_YBZ421J5	205676380113_R03C01	Low-Grade Glial/Glioneuronal/Neuroepithelial Tumours	0.999973087	Low-Grade Ganglioglial/Neuroepithelial Tumour	0.99984944	Supratentorial Pilocytic Astrocytoma	0.999849348	PA_CORT	0.999849348	Low-grade glial/glioneuronal tumors	0.989	Pilocytic astrocytoma	0.988	PA ST	0.987
BS_RBV58RF5	205707900053_R02C01	Ependymal Tumours	0.999970144	Posterior Fossa Ependymoma Group A	0.999965449	Posterior Fossa Ependymoma Group A2	0.999961169	EPN_PFA_2A	0.994603681	Ependymal tumors	0.989	Posterior fossa group A (PFA) ependymoma	0.987	EPN PFA 2A	0.985
BS_RS0NPK3P	207356840095_R04C01	Diffuse Glioma, Mapk Altered, Cell-Cycle Activated	0.998993177	Pleomorphic Xanthoastrocytoma(-Like)	0.998992963	Pleomorphic Xanthoastrocytoma(-Like)	0.998992963	PXA	0.998992963	Intermediate-grade IDH-wildtype gliomas	0.984	Pleomorphic xanthoastrocytoma	0.983	PXA	0.983
BS_7MWSK2SH	205589730018_R03C01	Control Tissues	0.600746526	Control Brain Tissues	0.600689624	Control Tissue, Cerebellar Hemisphere	0.600351966	CTRL_CBM	0.600351966	Low-grade glial/glioneuronal tumors	0.763	Pilocytic astrocytoma	0.763	PA PF VAR	0.763
BS_4TXDH2S8	205657380118_R04C01	Low-Grade Glial/Glioneuronal/Neuroepithelial Tumours	0.999063189	Pilocytic Astrocytoma	0.997379358	Supratentorial Midline Pilocytic Astrocytoma	0.760518752	PA_MID	0.760518752	Low-grade glial/glioneuronal tumors	0.989	Pilocytic astrocytoma	0.97	PA PF TYP	0.633
BS_JJ3NEG4A	205657380118_R05C01	Low-Grade Glial/Glioneuronal/Neuroepithelial Tumours	0.383612144	Low-Grade Ganglioglial/Neuroepithelial Tumour	0.278081639	Ganglioglioma	0.213001867	GG	0.213001867	Low-grade glial/glioneuronal tumors	0.823	Ganglioglioma	0.81	GG	0.81
BS_M255G2TR	205624900100_R02C01	Cranial And Paraspinal Nerve Tumours	0.996419154	Schwann-Cell Tumours	0.996287624	Schwannoma	0.994517833	SCHW	0.994517833	Mesenchymal tumors	0.988	Schwannoma	0.987	SCHW	0.987
BS_FZ3J46KM	205707900172_R03C01	Medulloblastoma	0.955638758	Medulloblastoma, SHH-Activated	0.943157621	Medulloblastoma, SHH-Activated, Subtype 1	0.909925093	MB_SHH_1	0.909925093	Medulloblastoma	0.99	Medulloblastoma, SHH-activated	0.987	MB SHH 1	0.986
BS_JGTG242X	206430120127_R06C01	Medulloblastoma	0.999915899	Medulloblastoma Non-WNT/Non-SHH Activated	0.999907211	Medulloblastoma Group 4	0.999900473	MB_G34_VIII	0.999688996	Medulloblastoma	0.991	Medulloblastoma, non-WNT/non-SHH, Group 4	0.989	MB G4 VIII	0.989
BS_SJNWG0BD	205624860161_R04C01	Low-Grade Glial/Glioneuronal/Neuroepithelial Tumours	0.65005215	Low-Grade Ganglioglial/Neuroepithelial Tumour	0.588630963	Ganglioglioma	0.476983635	GG	0.476983635	Low-grade glial/glioneuronal tumors	0.989	Ganglioglioma	0.975	GG	0.975
BS_NSB783DJ	205657380177_R01C01	Diffuse Glioma, Mapk Altered, Cell-Cycle Activated	0.999999569	Pleomorphic Xanthoastrocytoma(-Like)	0.999999568	Pleomorphic Xanthoastrocytoma(-Like)	0.999999568	PXA	0.999999568	Intermediate-grade IDH-wildtype gliomas	0.988	Pleomorphic xanthoastrocytoma	0.987	PXA	0.987
BS_7ADKRVHT	205624900024_R04C01	Meningioma	0.998771602	Meningioma	0.998771602	Meningioma, Benign	0.990196176	MNG_BEN_1	0.977874973	Meningioma	0.988	Meningioma, benign	0.982	MNG BEN 1	0.978
BS_AW8KPYAK	205982900155_R01C01	Medulloblastoma	0.999958608	Medulloblastoma Non-WNT/Non-SHH Activated	0.999948536	Medulloblastoma Group 3	0.996710258	MB_G34_I	0.996460501	Medulloblastoma	0.991	Medulloblastoma, non-WNT/non-SHH, Group 3	0.988	MB G3 I	0.988
BS_X1J980CP	205567990072_R03C01	Low-Grade Glial/Glioneuronal/Neuroepithelial Tumours	0.998706234	Low-Grade Ganglioglial/Neuroepithelial Tumour	0.995255967	Supratentorial Pilocytic Astrocytoma	0.995241857	PA_CORT	0.995241857	Low-grade glial/glioneuronal tumors	0.989	Pilocytic astrocytoma	0.988	PA ST	0.986
BS_CSCVP0QB	205707900172_R01C01	Ependymal Tumours	0.999998902	Posterior Fossa Ependymoma Group A	0.999998325	Posterior Fossa Ependymoma Group A1	0.999983447	EPN_PFA_1E	0.99880681	Ependymal tumors	0.989	Posterior fossa group A (PFA) ependymoma	0.987	EPN PFA 1E	0.986
BS_VRTAJ4XR	207356840008_R03C01	Ependymal Tumours	0.998457912	Posterior Fossa Ependymoma Group A	0.998162119	Posterior Fossa Ependymoma Group A1	0.997317869	EPN_PFA_1B	0.715813148	Ependymal tumors	0.989	Posterior fossa group A (PFA) ependymoma	0.937	EPN PFA 1B	0.798
BS_2QSSPVGA	206390560189_R05C01	Low-Grade Glial/Glioneuronal/Neuroepithelial Tumours	0.981545013	Pilocytic Astrocytoma	0.975252984	Infratentorial Pilocytic Astrocytoma	0.97212703	PA_INF	0.97212703	Low-grade glial/glioneuronal tumors	0.989	Pilocytic astrocytoma	0.974	PA PF VAR	0.951
BS_E29VV9AZ	205589730145_R06C01	Ependymal Tumours	0.999867964	Posterior Fossa Ependymoma Group A	0.999778226	Posterior Fossa Ependymoma Group A1	0.999340628	EPN_PFA_1C	0.99806636	Ependymal tumors	0.989	Posterior fossa group A (PFA) ependymoma	0.986	EPN PFA 1C	0.985
BS_V8B6EE2J	206430120148_R08C01	Paediatric-Type Diffuse High-Grade Gliomas	0.999931539	Diffuse Midline Glioma, H3k27-Altered	0.999930538	Diffuse Midline Glioma, H3 K27-Mutant / EZHIP Overexpressing	0.999927347	DMG_K27	0.999927347	Diffuse midline glioma, H3 K27-altered	0.985	Diffuse midline glioma, H3 K27-altered	0.985	DMG K27	0.985
BS_XVGVAJW4	205589730167_R08C01	Tumours Of The Sellar Region	0.99723688	Craniopharyngioma	0.99708252	Adamantinomatous Craniopharyngioma	0.997080675	CPH_ADM	0.997080675	Epithelial tumors	0.987	Adamantinomatous craniopharyngioma	0.986	CPH ADM	0.986
BS_W38QE561	206402350001_R06C01	Medulloblastoma	0.999012945	Medulloblastoma Non-WNT/Non-SHH Activated	0.998894247	Medulloblastoma Group 4	0.993298217	MB_G34_V	0.904523582	Medulloblastoma	0.991	Medulloblastoma, non-WNT/non-SHH, Group 4	0.983	MB G4 V	0.977
BS_SK7VDHHN	205707910024_R08C01	Other CNS Embryonal Tumours	0.803765473	Atypical Teratoid Rhabdoid Tumour	0.78542874	Atypical Teratoid Rhabdoid Tumour, SHH Activated	0.640375972	ATRT_SHH	0.640375972	SMARC-altered tumors	0.518	Atypical teratoid/rhabdoid tumor	0.515	ATRT TYR	0.43
BS_KJ3NJZK0	205707890103_R02C01	Low-Grade Glial/Glioneuronal/Neuroepithelial Tumours	0.998165541	Low-Grade Glioneuronal Tumour	0.997630524	Dysembryoplastic Neuroepithelial Tumour	0.919258433	DNET	0.919258433	Low-grade glial/glioneuronal tumors	0.99	Dysembryoplastic neuroepithelial tumor	0.985	DNT	0.985
BS_QXBPAFV9	205624860020_R01C01	Low-Grade Glial/Glioneuronal/Neuroepithelial Tumours	0.995358806	Pilocytic Astrocytoma	0.992146213	Infratentorial Pilocytic Astrocytoma	0.985681683	PA_INF	0.985681683	Low-grade glial/glioneuronal tumors	0.989	Pilocytic astrocytoma	0.988	PA PF TYP	0.987
BS_8HTKD2CD	205128000027_R01C01	Other CNS Embryonal Tumours	0.999982881	Atypical Teratoid Rhabdoid Tumour	0.986570478	Atypical Teratoid Rhabdoid Tumour, Tyrosinase Activated	0.986569101	ATRT_TYR	0.986569101	SMARC-altered tumors	0.987	Atypical teratoid/rhabdoid tumor	0.987	ATRT TYR	0.985
BS_4SNB1PB5	205676390068_R07C01	Cranial And Paraspinal Nerve Tumours	0.253555012	Cranial And Paraspinal Nerve Tumours	0.207571742	Neuroblastoma	0.205386893	NB_TMM_NEG	0.202446107	Mesenchymal tumors	0.976	Malignant melanotic nerve sheath tumor	0.291	MMNST	0.291
BS_NVQCATTW	206390560188_R01C01	Paediatric-Type Diffuse High-Grade Gliomas	0.999891793	Diffuse Midline Glioma, H3k27-Altered	0.999891456	Diffuse Midline Glioma, H3 K27-Mutant / EZHIP Overexpressing	0.999891329	DMG_K27	0.999891329	Diffuse midline glioma, H3 K27-altered	0.986	Diffuse midline glioma, H3 K27-altered	0.986	DMG K27	0.986
BS_PPAZW6PJ	206402350048_R05C01	Medulloblastoma	0.996968604	Medulloblastoma Non-WNT/Non-SHH Activated	0.99642	Medulloblastoma Group 4	0.972369375	MB_G34_VII	0.935165835	Medulloblastoma	0.991	Medulloblastoma, non-WNT/non-SHH, Group 4	0.989	MB G4 VII	0.988
BS_Y8AMMKFC	206390560183_R08C01	Tumours Of The Sellar Region	0.999575707	Craniopharyngioma	0.99955324	Adamantinomatous Craniopharyngioma	0.999551954	CPH_ADM	0.999551954	Epithelial tumors	0.987	Adamantinomatous craniopharyngioma	0.985	CPH ADM	0.985
BS_GGR5DD5B	206430120107_R07C01	Paediatric-Type Diffuse High-Grade Gliomas	0.864121809	Paediatric-Type Diffuse High-Grade Gliomas	0.630256397	Diffuse Paediatric-Type High Grade Glioma, RTK1 Subtype	0.629070535	pedHGG_RTK1C	0.287488066	Diffuse midline glioma, H3 K27-altered	0.984	Diffuse midline glioma, H3 K27-altered	0.984	DMG K27	0.984
BS_2TJQGJ1T	205648310151_R07C01	Haematolymphoid Tumours Involving The CNS	0.681787308	B Cell Neoplasm	0.681369191	Plasma Cell Tumours Of The CNS	0.680967613	PLASMACT	0.680967613	Glioblastoma, IDH-wildtype	0.272	Glioblastoma, IDH-wildtype	0.203	GBM MES ATYP	0.202
BS_5TB8FGRR	205676390163_R04C01	Low-Grade Glial/Glioneuronal/Neuroepithelial Tumours	0.999999218	Pilocytic Astrocytoma	0.99999681	Infratentorial Pilocytic Astrocytoma	0.999996327	PA_INF	0.999996327	Low-grade glial/glioneuronal tumors	0.99	Pilocytic astrocytoma	0.989	PA PF TYP	0.988
BS_1S4Z6EVT	209204310156_R02C01	Paediatric-Type Diffuse High-Grade Gliomas	0.999517382	Diffuse Midline Glioma, H3k27-Altered	0.999514645	Diffuse Midline Glioma, H3 K27-Mutant / EZHIP Overexpressing	0.999514374	DMG_K27	0.999514374	Diffuse midline glioma, H3 K27-altered	0.986	Diffuse midline glioma, H3 K27-altered	0.986	DMG K27	0.986
BS_RNWC00AB	205589730113_R07C01	Paediatric-Type Diffuse High-Grade Gliomas	0.999614214	Diffuse Midline Glioma, H3k27-Altered	0.999596968	Diffuse Midline Glioma, H3 K27-Mutant / EZHIP Overexpressing	0.999596946	DMG_K27	0.999596946	Diffuse midline glioma, H3 K27-altered	0.987	Diffuse midline glioma, H3 K27-altered	0.987	DMG K27	0.987
BS_RYF0NJ9R	205624900074_R03C01	Low-Grade Glial/Glioneuronal/Neuroepithelial Tumours	0.992893752	Low-Grade Glioneuronal Tumour	0.981844991	Dysembryoplastic Neuroepithelial Tumour	0.961003541	DNET	0.961003541	Low-grade glial/glioneuronal tumors	0.989	Dysembryoplastic neuroepithelial tumor	0.947	DNT	0.947
BS_E42TRDVH	206390560167_R05C01	Paediatric-Type Diffuse High-Grade Gliomas	0.990453799	Diffuse Midline Glioma, H3k27-Altered	0.99038133	Diffuse Midline Glioma, H3 K27-Mutant / EZHIP Overexpressing	0.990379487	DMG_K27	0.990379487	Diffuse midline glioma, H3 K27-altered	0.987	Diffuse midline glioma, H3 K27-altered	0.987	DMG K27	0.987
BS_TVPQ40TM	206430120136_R02C01	Paediatric-Type Diffuse High-Grade Gliomas	0.942988661	Diffuse Midline Glioma, H3k27-Altered	0.939583222	Diffuse Midline Glioma, H3 K27-Mutant / EZHIP Overexpressing	0.924056456	DMG_K27	0.924056456	Diffuse midline glioma, H3 K27-altered	0.971	Diffuse midline glioma, H3 K27-altered	0.971	DMG K27	0.97
BS_0TX48NDF	206390560075_R08C01	Control Tissues	0.989727419	Control Brain Tissues	0.989635481	Control Tissue, Hemispheric Cortex	0.989525611	CTRL_HEMI	0.989525611	Control tissues	0.857	Control tissue, cerebral hemisphere	0.841	CONTR HEMI	0.841
BS_GJCT6WCH	205589730113_R06C01	Paediatric-Type Diffuse High-Grade Gliomas	0.999948818	Infant-Type Hemispheric Glioma	0.999945723	Infant-Type Hemispheric Glioma	0.999945723	IHG	0.999945723	Pediatric-type high-grade gliomas	0.987	Infant-type hemispheric glioma	0.986	IHG TYP	0.986
BS_2TMMNDC5	205707890059_R01C01	Ependymal Tumours	0.999993044	Posterior Fossa Ependymoma Group A	0.999991662	Posterior Fossa Ependymoma Group A2	0.999990875	EPN_PFA_2A	0.999939698	Ependymal tumors	0.989	Posterior fossa group A (PFA) ependymoma	0.984	EPN PFA 2A	0.981
BS_NWASTET4	205589730146_R05C01	Ependymal Tumours	0.999992864	Posterior Fossa Ependymoma Group A	0.999991438	Posterior Fossa Ependymoma Group A2	0.999990856	EPN_PFA_2A	0.999884491	Ependymal tumors	0.989	Posterior fossa group A (PFA) ependymoma	0.988	EPN PFA 2A	0.987
BS_WX2BE8KZ	206430120138_R04C01	Inflammatory Microenvironment	0.999517743	Inflammatory Microenvironment	0.999517743	Inflammatory Microenvironment	0.999517743	INFLAM_ENV	0.999517743	Control tissues	0.985	Control tissue, inflammatory microenvironment	0.967	CONTR INFLAM	0.967
BS_BSVJX27R	206402350072_R04C01	Choroid Plexus Tumours	0.960718598	Choroid Plexus Tumours	0.960718598	Choroid Plexus Tumours Subtype B	0.911031267	CPT_PED_B	0.909793068	Choroid plexus tumors	0.983	Choroid plexus carcinoma	0.981	CPC PED	0.981
BS_S5B15T62	207211180095_R04C01	Paediatric-Type Diffuse High-Grade Gliomas	0.999984341	Diffuse Midline Glioma, H3k27-Altered	0.999984301	Diffuse Midline Glioma, H3 K27-Mutant / EZHIP Overexpressing	0.999984287	DMG_K27	0.999984287	Diffuse midline glioma, H3 K27-altered	0.986	Diffuse midline glioma, H3 K27-altered	0.986	DMG K27	0.986
BS_EJSEXK4F	205707900008_R07C01	Ependymal Tumours	0.982541034	Supratentorial Ependymoma, ZFTA Fusion-Positive	0.982163392	Supratentorial Ependymoma, ZFTA:rela Fusion-Positive	0.853308031	EPN_ST_ZFTA_RELA_B	0.822887514	Ependymal tumors	0.989	Supratentorial ependymoma, ZFTA fusion-positive	0.985	EPN ST ZFTA RELA	0.985
BS_WXFK57AS	205128000027_R05C01	Other CNS Embryonal Tumours	0.999840503	Atypical Teratoid Rhabdoid Tumour	0.999826711	Atypical Teratoid Rhabdoid Tumour, SHH Activated	0.999751525	ATRT_SHH	0.999751525	SMARC-altered tumors	0.982	Atypical teratoid/rhabdoid tumor	0.982	ATRT SHH	0.981
BS_DRGEX9VX	205567980088_R07C01	Cranial And Paraspinal Nerve Tumours	0.999945762	Schwann-Cell Tumours	0.999942305	Schwannoma	0.99984377	SCHW	0.99984377	Mesenchymal tumors	0.989	Schwannoma	0.987	SCHW	0.987
BS_KBRRF2J1	205624900117_R04C01	Paediatric-Type Diffuse High-Grade Gliomas	0.998898523	Infant-Type Hemispheric Glioma	0.998679615	Infant-Type Hemispheric Glioma	0.998679615	IHG	0.998679615	Pediatric-type high-grade gliomas	0.987	Infant-type hemispheric glioma	0.984	IHG TYP	0.984
BS_EB5F9SDD	205589730146_R01C01	Adult-Type Diffuse Gliomas	0.288706679	Diffuse Glioma, IDH Mutant	0.203160845	Diffuse Glioma, IDH-Mutant And 1p19q Retained [Astroglial Type]	0.165098122	A_IDH_LG	0.14229985	Diffuse glioma, IDH-mutant	0.922	Oligodendroglioma, IDH-mutant and 1p/19q-codeleted	0.892	O IDH	0.892
BS_0NWC114C	206402350087_R08C01	Ependymal Tumours	0.152330211	Low-Grade Ganglioglial/Neuroepithelial Tumour	0.091109601	Desmoplastic Infantile Ganglioglioma/Astrocytoma	0.086299409	DIG_DIA	0.086299409	Mesenchymal tumors	0.786	Plexiform neurofibroma	0.113	NFIB PLEX	0.112
BS_4SJW4Q4Z	205589730030_R03C01	Low-Grade Glial/Glioneuronal/Neuroepithelial Tumours	0.999380688	Pilocytic Astrocytoma	0.999271493	Supratentorial Midline Pilocytic Astrocytoma	0.998435455	PA_MID	0.998435455	Low-grade glial/glioneuronal tumors	0.99	Pilocytic astrocytoma	0.988	PA MID	0.987
BS_GGDMSB26	206390560100_R02C01	Control Tissues	0.779986362	Control Brain Tissues	0.77851296	Control Tissue, Hemispheric Cortex	0.757736715	CTRL_HEMI	0.757736715	Control tissues	0.861	Control tissue, cerebral hemisphere	0.762	CONTR HEMI	0.762
BS_ZEVFYYB9	205567990034_R04C01	Control Tissues	0.966874888	Control Brain Tissues	0.966752813	Control Tissue, Pituitary Gland (Anterior Lobe)	0.96649054	CTRL_ADENOPIT	0.96649054	Control tissues	0.303	Control tissue, pituitary gland	0.131	CONTR ADENOPIT	0.131
BS_WG9NBSJM	206530740002_R03C01	Control Tissues	0.693605407	Control Brain Tissues	0.692797338	Control Tissue, Hypothalamus	0.371685446	CTRL_HYPOTHAL	0.371685446	Control tissues	0.916	Control tissue, optic pathway	0.618	CONTR OPTIC	0.618
BS_QCES7F55	205624900053_R05C01	Low-Grade Glial/Glioneuronal/Neuroepithelial Tumours	0.988398823	Pilocytic Astrocytoma	0.987852204	Infratentorial Pilocytic Astrocytoma	0.987743522	PA_INF	0.987743522	Low-grade glial/glioneuronal tumors	0.989	Pilocytic astrocytoma	0.988	PA PF VAR	0.987
BS_EE3NK86W	205624900022_R01C01	Low-Grade Glial/Glioneuronal/Neuroepithelial Tumours	0.532895787	Pilocytic Astrocytoma	0.4574382	Infratentorial Pilocytic Astrocytoma	0.387287062	PA_INF	0.387287062	Low-grade glial/glioneuronal tumors	0.922	Pilocytic astrocytoma	0.921	PA PF TYP	0.919
BS_9WWF3A2F	205589730006_R06C01	Diffuse Glioma, Mapk Altered, Cell-Cycle Activated	0.999999601	Pleomorphic Xanthoastrocytoma(-Like)	0.9999996	Pleomorphic Xanthoastrocytoma(-Like)	0.9999996	PXA	0.9999996	Intermediate-grade IDH-wildtype gliomas	0.988	Pleomorphic xanthoastrocytoma	0.987	PXA	0.987
BS_A746BQ2T	206430120148_R05C01	Paediatric-Type Diffuse High-Grade Gliomas	0.99997575	Diffuse Midline Glioma, H3k27-Altered	0.999975654	Diffuse Midline Glioma, H3 K27-Mutant / EZHIP Overexpressing	0.999975544	DMG_K27	0.999975544	Diffuse midline glioma, H3 K27-altered	0.985	Diffuse midline glioma, H3 K27-altered	0.985	DMG K27	0.985
BS_SN86H4MK	205676390173_R06C01	Ependymal Tumours	0.999990507	Supratentorial Ependymoma, ZFTA Fusion-Positive	0.999978813	Supratentorial Ependymoma, ZFTA:rela Fusion-Positive	0.999964785	EPN_ST_ZFTA_RELA_A	0.999964246	Ependymal tumors	0.989	Supratentorial ependymoma, ZFTA fusion-positive	0.984	EPN ST ZFTA RELA	0.984
BS_QK2JGRS8	206430120107_R03C01	Choroid Plexus Tumours	0.950471093	Choroid Plexus Tumours	0.950471093	Choroid Plexus Tumours Subtype B	0.941696961	CPT_PED_B	0.924278882	Choroid plexus tumors	0.986	Choroid plexus carcinoma	0.985	CPC PED	0.985
BS_KHE6F9DV	205624870062_R03C01	Low-Grade Glial/Glioneuronal/Neuroepithelial Tumours	0.544792068	Pilocytic Astrocytoma	0.421670002	Infratentorial Pilocytic Astrocytoma	0.150555417	PA_INF	0.150555417	Low-grade glial/glioneuronal tumors	0.988	Pilocytic astrocytoma	0.982	PA PF TYP	0.971
BS_BKWRRMTT	205676390146_R02C01	Other CNS Embryonal Tumours	0.999997786	Embryonal Tumour With Multilayered Rosettes	0.999997679	Embryonal Tumour With Multilayered Rosettes, C19MC Altered	0.99999767	ETMR_C19MC	0.99999767	Neuroblastic embryonal tumors	0.985	Embryonal tumor with multilayered rosettes	0.984	ETMR C19MC	0.984
BS_53Y8W0N9	205624900074_R01C01	Low-Grade Glial/Glioneuronal/Neuroepithelial Tumours	0.999494974	Low-Grade Ganglioglial/Neuroepithelial Tumour	0.999372598	Ganglioglioma	0.998791033	GG	0.998791033	Low-grade glial/glioneuronal tumors	0.989	Ganglioglioma	0.987	GG	0.987
BS_F116QHAJ	205707890103_R07C01	Low-Grade Glial/Glioneuronal/Neuroepithelial Tumours	0.99997355	Pilocytic Astrocytoma	0.999839946	Infratentorial Pilocytic Astrocytoma	0.999795828	PA_INF	0.999795828	Low-grade glial/glioneuronal tumors	0.989	Pilocytic astrocytoma	0.989	PA PF TYP	0.988
BS_AGQ97WK5	205676380056_R03C01	Low-Grade Glial/Glioneuronal/Neuroepithelial Tumours	0.999853967	Low-Grade Glioneuronal Tumour	0.999841953	Dysembryoplastic Neuroepithelial Tumour	0.996861482	DNET	0.996861482	Low-grade glial/glioneuronal tumors	0.99	Dysembryoplastic neuroepithelial tumor	0.987	DNT	0.987
BS_5C2TBN5R	205676390057_R02C01	High-Grade Neuroepithelial Tumour With MN1:CXXC5 Fusion	0.999962633	High-Grade Neuroepithelial Tumour With MN1:CXXC5 Fusion	0.999962633	High-Grade Neuroepithelial Tumour With MN1:CXXC5 Fusion	0.999962633	NET_CXXC5	0.999962633	Intermediate-grade IDH-wildtype gliomas	0.986	Astroblastoma, MN1-altered	0.985	AB MN1 CXXC5	0.985
BS_BY7G1QQW	206390560121_R07C01	Medulloblastoma	0.972502124	Medulloblastoma Non-WNT/Non-SHH Activated	0.966964436	Medulloblastoma Group 4	0.962891367	MB_G34_VIII	0.943343761	Medulloblastoma	0.991	Medulloblastoma, non-WNT/non-SHH, Group 4	0.989	MB G4 VIII	0.989
BS_K7HGW2FJ	205707890151_R07C01	Ependymal Tumours	0.999954034	Posterior Fossa Ependymoma Group A	0.999945679	Posterior Fossa Ependymoma Group A2	0.999931081	EPN_PFA_2A	0.999026944	Ependymal tumors	0.989	Posterior fossa group A (PFA) ependymoma	0.988	EPN PFA 2A	0.987
BS_FG4HB896	205624900139_R02C01	Inflammatory Microenvironment	0.882296052	Inflammatory Microenvironment	0.882296052	Inflammatory Microenvironment	0.882296052	INFLAM_ENV	0.882296052	Pediatric-type high-grade gliomas	0.242	H3 K27 and MAPK-altered glioma	0.219	H3K27 MAPK	0.219
BS_7BQTBTHZ	205676380056_R05C01	Meningioma	0.144954316	Meningioma	0.144954316	Meningioma, Benign	0.127766969	MNG_BEN_1	0.10469351	Mesenchymal tumors	0.959	Intracranial mesenchymal tumor, FET:CREB fusion-positive	0.489	ICMT A	0.486
BS_G788X4NY	205707900008_R08C01	Ependymal Tumours	0.891128254	Posterior Fossa Ependymoma Group B \& Posterior Fossa Subependymoma	0.629769233	Posterior Fossa Ependymoma Group B	0.591849007	EPN_PFB_3	0.477554508	Ependymal tumors	0.989	Posterior fossa group A (PFA) ependymoma	0.63	EPN PFA 1C	0.492
BS_PND839Z0	205122170051_R03C01	Ependymal Tumours	0.999970351	Posterior Fossa Ependymoma Group A	0.999964593	Posterior Fossa Ependymoma Group A1	0.999917503	EPN_PFA_1A	0.995746056	Ependymal tumors	0.989	Posterior fossa group A (PFA) ependymoma	0.987	EPN PFA 1A	0.986
BS_6GT8MKB0	207356840095_R03C01	Paediatric-Type Diffuse High-Grade Gliomas	0.914232937	Paediatric-Type Diffuse High-Grade Gliomas	0.910097444	Diffuse Paediatric-Type High Grade Glioma, RTK2 Subtype	0.872335713	pedHGG_RTK2A	0.872123884	Pediatric-type high-grade gliomas	0.986	Diffuse pediatric-type high-grade glioma, H3-wildtype and IDH-wildtype	0.866	pedHGG RTK2A	0.745
BS_H33F0VS1	205707900030_R02C01	Ependymal Tumours	0.990412943	Posterior Fossa Ependymoma Group A	0.989052397	Posterior Fossa Ependymoma Group A1	0.98675821	EPN_PFA_1A	0.535367395	Ependymal tumors	0.989	Posterior fossa group A (PFA) ependymoma	0.934	EPN PFA 1A	0.683
BS_8RFEQHZG	206430120130_R08C01	Medulloblastoma	0.999972097	Medulloblastoma Non-WNT/Non-SHH Activated	0.999967239	Medulloblastoma Group 3	0.999953566	MB_G34_II	0.999315083	Medulloblastoma	0.991	Medulloblastoma, non-WNT/non-SHH, Group 3	0.989	MB G3 II	0.988
BS_GJ5YWQNJ	206390560083_R06C01	Tumours Of The Sellar Region	0.996583227	PitNET	0.996543971	PitNET, TSH-Subtype	0.88677582	PITNET_TSH	0.88677582	Neuroendocrine tumors	0.985	Pituitary adenoma / pituitary neuroendocrine tumor	0.984	PITAD TSH	0.982
BS_FZ2SY1NJ	205589730006_R03C01	Medulloblastoma	0.991031137	Medulloblastoma, SHH-Activated	0.988788213	Medulloblastoma, SHH-Activated, Subtype 3	0.43912065	MB_SHH_3	0.43912065	Medulloblastoma	0.991	Medulloblastoma, SHH-activated	0.905	MB SHH 3	0.82
BS_CD906YAB	205624900161_R03C01	Paediatric-Type Diffuse High-Grade Gliomas	0.999916351	Paediatric-Type Diffuse High-Grade Gliomas	0.999914486	Diffuse Hemispheric Glioma, H3 G34-Mutant	0.99990339	DHG_G34	0.99990339	Pediatric-type high-grade gliomas	0.987	Diffuse hemispheric glioma, H3 G34-mutant	0.985	DHG G34	0.985
BS_5CWT1AFF	205624900053_R01C01	Control Tissues	0.861759661	Control Tissue, Reactive Tumour Microenvironment	0.861683554	Control Tissue, Reactive Tumour Microenvironment	0.861683554	CTRL_REACTIVE	0.861683554	Control tissues	0.962	Control tissue, reactive tumor microenvironment	0.932	CONTR REACT	0.932
BS_FVZMSC5K	206390560102_R01C01	Medulloblastoma	0.989957616	Medulloblastoma Non-WNT/Non-SHH Activated	0.988489746	Medulloblastoma Group 4	0.98652223000000006	MB_G34_VIII	0.580480033	Medulloblastoma	0.99	Medulloblastoma, non-WNT/non-SHH, Group 4	0.979	MB G4 VI	0.967
BS_CRX87C2V	205624880180_R04C01	Ependymal Tumours	0.999999411	Posterior Fossa Ependymoma Group A	0.99999931	Posterior Fossa Ependymoma Group A2	0.999999263	EPN_PFA_2A	0.99999594	Ependymal tumors	0.989	Posterior fossa group A (PFA) ependymoma	0.988	EPN PFA 2A	0.987
BS_PYZ9Z042	205657380065_R07C01	Medulloblastoma	0.997967712	Medulloblastoma Non-WNT/Non-SHH Activated	0.997690596	Medulloblastoma Group 4	0.992514488	MB_G34_V	0.919497169	Medulloblastoma	0.991	Medulloblastoma, non-WNT/non-SHH, Group 4	0.989	MB G4 V	0.987
BS_8WNMPCSE	206390560067_R06C01	Low-Grade Glial/Glioneuronal/Neuroepithelial Tumours	0.908488731	Low-Grade Ganglioglial/Neuroepithelial Tumour	0.901339873	Ganglioglioma	0.838039924	GG	0.838039924	Low-grade glial/glioneuronal tumors	0.988	Ganglioglioma	0.986	GG	0.986
BS_F15BYNC0	206402350086_R02C01	Inflammatory Microenvironment	0.615189578	Inflammatory Microenvironment	0.615189578	Inflammatory Microenvironment	0.615189578	INFLAM_ENV	0.615189578	Control tissues	0.63	Control tissue, inflammatory microenvironment	0.316	CONTR INFLAM	0.316
BS_JV8JSETJ	206430120113_R06C01	Medulloblastoma	0.99946945	Medulloblastoma, WNT Activated	0.998718267	Medulloblastoma, WNT Activated	0.998718267	MB_WNT	0.998718267	Medulloblastoma	0.989	Medulloblastoma, WNT-activated	0.986	MB WNT	0.986
BS_C8X8B8HV	206430120137_R02C01	Pineal Parenchymal And Retinal Tumours	0.9996768	Pineoblastoma	0.999605434	Pineoblastoma, miRNA Pathway Altered, Group 1	0.999577522	PB_GRP1A	0.999120233	Pineal region tumors and retinoblastoma	0.987	Pineoblastoma	0.982	PB GROUP 1A	0.979
BS_AKJHQQG3	205624860121_R07C01	Ependymal Tumours	0.999999744	Supratentorial Ependymoma, ZFTA Fusion-Positive	0.999998945	Supratentorial Ependymoma, ZFTA:rela Fusion-Positive	0.999997524	EPN_ST_ZFTA_RELA_A	0.999997498	Ependymal tumors	0.989	Supratentorial ependymoma, ZFTA fusion-positive	0.987	EPN ST ZFTA RELA	0.987
BS_VB39JC7F	205624900107_R07C01	Ependymal Tumours	0.999981839	Supratentorial Ependymoma, ZFTA Fusion-Positive	0.999971913	Supratentorial Ependymoma, ZFTA:rela Fusion-Positive	0.998341991	EPN_ST_ZFTA_RELA_A	0.998341191	Ependymal tumors	0.989	Supratentorial ependymoma, ZFTA fusion-positive	0.988	EPN ST ZFTA RELA	0.988
BS_AJP26WFT	205566000004_R03C01	Low-Grade Glial/Glioneuronal/Neuroepithelial Tumours	0.99999851	Pilocytic Astrocytoma	0.999991294	Infratentorial Pilocytic Astrocytoma	0.999989872	PA_INF	0.999989872	Low-grade glial/glioneuronal tumors	0.99	Pilocytic astrocytoma	0.989	PA PF TYP	0.988
BS_5349VSNB	205707900087_R04C01	Medulloblastoma	0.989424958	Medulloblastoma Non-WNT/Non-SHH Activated	0.987711587	Medulloblastoma Group 4	0.986442731	MB_G34_VIII	0.981120699	Medulloblastoma	0.991	Medulloblastoma, non-WNT/non-SHH, Group 4	0.989	MB G4 VIII	0.989
BS_D78QCZ0H	205624860106_R06C01	Medulloblastoma	0.999328524	Medulloblastoma, SHH-Activated	0.999144438	Medulloblastoma, SHH-Activated, Subtype 1	0.82785975999999994	MB_SHH_1	0.82785975999999994	Medulloblastoma	0.991	Medulloblastoma, SHH-activated	0.931	MB SHH 1	0.767
BS_0ATCJ7Z3	205676390063_R01C01	Meningioma	0.989705263	Meningioma	0.989705263	Meningioma, Benign	0.968982165	MNG_BEN_3	0.95733594	Meningioma	0.988	Meningioma, BAP1-altered	0.953	MNG BAP1	0.953
BS_FGT1HY56	206402350063_R02C01	Inflammatory Microenvironment	0.997168208	Inflammatory Microenvironment	0.997168208	Inflammatory Microenvironment	0.997168208	INFLAM_ENV	0.997168208	Control tissues	0.749	Control tissue, inflammatory microenvironment	0.702	CONTR INFLAM	0.702
BS_VTTMSAK9	205624860132_R08C01	Choroid Plexus Tumours	0.999925654	Choroid Plexus Tumours	0.999925654	Choroid Plexus Tumours Subtype A	0.999430421	CPT_PED_A	0.999424217	Choroid plexus tumors	0.987	Choroid plexus papilloma	0.986	CPP PED	0.985
BS_WFN3ZZK2	205624900125_R01C01	Paediatric-Type Diffuse High-Grade Gliomas	0.999609274	Infant-Type Hemispheric Glioma	0.999571439	Infant-Type Hemispheric Glioma	0.999571439	IHG	0.999571439	Pediatric-type high-grade gliomas	0.987	Infant-type hemispheric glioma	0.985	IHG TYP	0.985
BS_32TK5JR8	206402350117_R07C01	Control Tissues	0.999990696	Control Brain Tissues	0.999990696	Control Tissue, Cerebellar Hemisphere	0.999990696	CTRL_CBM	0.999990696	Control tissues	0.974	Control tissue, cerebellum	0.953	CONTR CEBM	0.953
BS_9SVG5Q6R	205589730018_R07C01	Medulloblastoma	0.999103814	Medulloblastoma Non-WNT/Non-SHH Activated	0.998929693	Medulloblastoma Group 3	0.99836353	MB_G34_II	0.95226419	Medulloblastoma	0.991	Medulloblastoma, non-WNT/non-SHH, Group 3	0.942	MB G3 II	0.685
BS_RA074XH1	206390560086_R03C01	Low-Grade Glial/Glioneuronal/Neuroepithelial Tumours	0.9999118	Pilocytic Astrocytoma	0.999750175	Supratentorial Midline Pilocytic Astrocytoma	0.997916481	PA_MID	0.997916481	Low-grade glial/glioneuronal tumors	0.99	Pilocytic astrocytoma	0.988	PA MID	0.987
BS_NR9W96GR	206390560106_R02C01	Paediatric-Type Diffuse High-Grade Gliomas	0.861357131	Diffuse Midline Glioma, H3k27-Altered	0.854485808	Diffuse Midline Glioma, H3 K27-Mutant / EZHIP Overexpressing	0.847802695	DMG_K27	0.847802695	Diffuse midline glioma, H3 K27-altered	0.85	Diffuse midline glioma, H3 K27-altered	0.85	DMG K27	0.85
BS_71STZY0A	205624860012_R02C01	Control Tissues	0.960047643	Control Brain Tissues	0.959616521	Control Tissue, Hemispheric Cortex	0.959313285	CTRL_HEMI	0.959313285	Low-grade glial/glioneuronal tumors	0.811	Ganglioglioma	0.79	GG	0.79
BS_GJAR8X3M	205676390146_R03C01	Rhabdomyosarcoma	0.913365704	Alveolar Rhabdomyosarcoma	0.858669592	Rhabdomyosarcoma, Alveolar Subtype	0.858669592	ARMS	0.858669592	Mesenchymal tumors	0.988	Rhabdomyosarcoma	0.967	RMS ALV	0.965
BS_0N5F0CR5	205982900127_R05C01	Meningioma	0.994339782	Meningioma	0.994339782	Meningioma, Intermediate	0.78489315	MNG_INT_A	0.784791976	Meningioma	0.988	Meningioma, intermediate	0.807	MNG INT A	0.803
BS_HDGGV829	205624900145_R03C01	Low-Grade Glial/Glioneuronal/Neuroepithelial Tumours	0.931161606	Low-Grade Ganglioglial/Neuroepithelial Tumour	0.91472125	Polymorphous Low-Grade Neuroepithelial Tumour Of The Young	0.489028592	PLNTY	0.489028592	Low-grade glial/glioneuronal tumors	0.987	Ganglioglioma	0.97	GG	0.97
BS_99ZAJDYN	206430120133_R01C01	Ependymal Tumours	0.97085625	Posterior Fossa Ependymoma Group A	0.962813356	Posterior Fossa Ependymoma Group A1	0.946858067	EPN_PFA_1C	0.609536159	Ependymal tumors	0.989	Posterior fossa group A (PFA) ependymoma	0.978	EPN PFA 1C	0.97
BS_ZKMABATZ	206430120111_R02C01	Paediatric-Type Diffuse High-Grade Gliomas	0.999970626	Diffuse Midline Glioma, H3k27-Altered	0.999970287	Diffuse Midline Glioma, H3 K27-Mutant / EZHIP Overexpressing	0.999970214	DMG_K27	0.999970214	Diffuse midline glioma, H3 K27-altered	0.986	Diffuse midline glioma, H3 K27-altered	0.986	DMG K27	0.986
BS_SHRMVXVC	205624900169_R06C01	Mesenchymal, Non-Meningothelial Tumours Involving The CNS	0.195687211	Notochordal Tumours	0.103070538	Chordoma	0.103070538	CHORDM	0.103070538	Mesenchymal tumors	0.988	Chondrosarcoma	0.897	CSA CC	0.837
BS_VE6TETQZ	205707890153_R07C01	Ependymal Tumours	0.999999935	Supratentorial Ependymoma, ZFTA Fusion-Positive	0.999999778	Supratentorial Ependymoma, ZFTA:rela Fusion-Positive	0.999999529	EPN_ST_ZFTA_RELA_A	0.999999501	Ependymal tumors	0.989	Supratentorial ependymoma, ZFTA fusion-positive	0.987	EPN ST ZFTA RELA	0.987
BS_P21X975Q	205624900024_R02C01	Meningioma	0.997795256	Meningioma	0.997795256	Meningioma, Benign	0.885009868	MNG_BEN_3	0.88487337	Meningioma	0.988	Meningioma, benign	0.987	MNG BEN 3	0.985
BS_8KX1Y9WX	205676380032_R03C01	Medulloblastoma	0.999981895	Medulloblastoma, SHH-Activated	0.999976974	Medulloblastoma, SHH-Activated, Subtype 2	0.999572659	MB_SHH_2	0.999572659	Medulloblastoma	0.99	Medulloblastoma, SHH-activated	0.988	MB SHH 2	0.988
BS_XP53Q0KM	205982900155_R04C01	Mesenchymal, Non-Meningothelial Tumours Involving The CNS	0.996606228	Tumours Of Uncertain Differentiation	0.996533382	Ewing Sarcoma	0.996312112	EWS	0.996312112	Neuroblastic embryonal tumors	0.985	Ewing sarcoma	0.982	EWS	0.982
BS_JC11G77N	207356850144_R02C01	Adult-Type Diffuse Gliomas	0.999961068	Diffuse Glioma, IDH Mutant	0.999955111	Diffuse Glioma, IDH-Mutant And 1p19q Retained [Astroglial Type]	0.999949903	A_IDH_HG	0.999930305	Diffuse glioma, IDH-mutant	0.986	Astrocytoma, IDH-mutant, high-grade	0.984	A IDH HG	0.984
BS_8H4AWHDV	205624870153_R05C01	Medulloblastoma	0.999698319	Medulloblastoma Non-WNT/Non-SHH Activated	0.999669026	Medulloblastoma Group 4	0.999644531	MB_G34_VI	0.927877897	Medulloblastoma	0.991	Medulloblastoma, non-WNT/non-SHH, Group 4	0.989	MB G4 VI	0.988
BS_H6K3MGTB	206530740002_R07C01	Meningioma	0.999198718	Meningioma	0.999198718	Meningioma, Benign	0.995524534	MNG_BEN_3	0.986366737	Meningioma	0.988	Meningioma, benign	0.986	MNG BEN 3	0.985
BS_X3Q9E03X	205657380173_R08C01	Low-Grade Glial/Glioneuronal/Neuroepithelial Tumours	0.832957999	Low-Grade Ganglioglial/Neuroepithelial Tumour	0.427684988	Supratentorial Pilocytic Astrocytoma	0.424654685	PA_CORT	0.424654685	Low-grade glial/glioneuronal tumors	0.99	Pilocytic astrocytoma	0.988	PA ST	0.987
BS_Y8P23T9M	205589730030_R02C01	Diffuse Glioma, Mapk Altered, Cell-Cycle Activated	0.886640053	Pleomorphic Xanthoastrocytoma(-Like)	0.886405683	Pleomorphic Xanthoastrocytoma(-Like)	0.886405683	PXA	0.886405683	Intermediate-grade IDH-wildtype gliomas	0.988	Pleomorphic xanthoastrocytoma	0.986	PXA	0.986
BS_336M1VHM	206390560121_R08C01	Medulloblastoma	0.986763558	Medulloblastoma, SHH-Activated	0.98398865	Medulloblastoma, SHH-Activated, Subtype 3	0.879811737	MB_SHH_3	0.879811737	Medulloblastoma	0.989	Medulloblastoma, SHH-activated	0.986	MB SHH 3	0.986
BS_3F6TXP1Y	206430120138_R08C01	Cranial And Paraspinal Nerve Tumours	0.19419562	Cranial And Paraspinal Nerve Tumours	0.165119482	Plexiform Neurofibroma	0.116182771	NFIB_PLEX	0.116182771	Mesenchymal tumors	0.972	Poorly differentiated chordoma	0.191	CHORDM PD	0.191
BS_PSR9HVZT	205122170009_R07C01	Low-Grade Glial/Glioneuronal/Neuroepithelial Tumours	0.999997022	Pilocytic Astrocytoma	0.999988483	Infratentorial Pilocytic Astrocytoma	0.999985727	PA_INF	0.999985727	Low-grade glial/glioneuronal tumors	0.989	Pilocytic astrocytoma	0.988	PA PF TYP	0.988
BS_S3CZSQSA	205122170033_R03C01	Other CNS Embryonal Tumours	0.180313294	Embryonal Tumour With Multilayered Rosettes	0.144955244	Embryonal Tumour With Multilayered Rosettes-Like	0.138650136	ETMR_Atyp	0.138650136	Neuroblastic embryonal tumors	0.458	Embryonal tumor with multilayered rosettes	0.353	ETMR non-C19MC	0.325
BS_97QEPM0H	205122170009_R01C01	Neuroepithelial Tumour With PATZ1 Fusion	0.985290011	Neuroepithelial Tumour With PATZ1 Fusion	0.985290011	Neuroepithelial Tumour With PATZ1 Fusion	0.985290011	NET_PATZ1	0.985290011	Neuroblastic embryonal tumors	0.291	CNS tumor with PATZ1 fusion	0.174	CNS PATZ1 FUS	0.174
BS_Z16K6GGT	207356850179_R06C01	Other CNS Embryonal Tumours	0.996289534	Atypical Teratoid Rhabdoid Tumour	0.972878191	Atypical Teratoid Rhabdoid Tumour, Tyrosinase Activated	0.964023096	ATRT_TYR	0.964023096	SMARC-altered tumors	0.985	Atypical teratoid/rhabdoid tumor	0.985	ATRT TYR	0.982
BS_JNS1K6PH	205624900145_R02C01	Low-Grade Glial/Glioneuronal/Neuroepithelial Tumours	0.807800108	Low-Grade Ganglioglial/Neuroepithelial Tumour	0.752223605	Supratentorial Pilocytic Astrocytoma	0.638684693	PA_CORT	0.638684693	Low-grade glial/glioneuronal tumors	0.987	Ganglioglioma	0.557	GG	0.557
BS_S6VZ053E	205624860106_R08C01	Control Tissues	0.603962375	Control Tissue, Reactive Tumour Microenvironment	0.601307722	Control Tissue, Reactive Tumour Microenvironment	0.601307722	CTRL_REACTIVE	0.601307722	Control tissues	0.531	Control tissue, reactive tumor microenvironment	0.514	CONTR REACT	0.514
BS_FJ7V42J6	206390560158_R07C01	Paediatric-Type Diffuse High-Grade Gliomas	0.992862802	Diffuse Midline Glioma, H3k27-Altered	0.992328532	Diffuse Midline Glioma, H3 K27-Mutant / EZHIP Overexpressing	0.992190489	DMG_K27	0.992190489	Diffuse midline glioma, H3 K27-altered	0.985	Diffuse midline glioma, H3 K27-altered	0.985	DMG K27	0.985
BS_WPNFMPYD	207356840106_R01C01	Control Tissues	0.988432828	Control Brain Tissues	0.988381496	Control Tissue, Hemispheric Cortex	0.987693862	CTRL_HEMI	0.987693862	Control tissues	0.707	Control tissue, cerebral hemisphere	0.664	CONTR HEMI	0.664
BS_K5G0B84P	209890280148_R04C01	Mesenchymal, Non-Meningothelial Tumours Involving The CNS	0.919980258	Tumours Of Uncertain Differentiation	0.91724527	CIC-Rearranged Sarcoma	0.914336849	CNS_SARC_CIC	0.914336849	Mesenchymal tumors	0.971	CIC-rearranged sarcoma	0.846	CNS SARC CIC	0.846
BS_8KZ641MM	205589730005_R06C01	Medulloblastoma	0.999956108	Medulloblastoma Non-WNT/Non-SHH Activated	0.999951114	Medulloblastoma Group 4	0.999752021	MB_G34_VII	0.999439526	Medulloblastoma	0.991	Medulloblastoma, non-WNT/non-SHH, Group 4	0.989	MB G4 VII	0.989
BS_A6WE8FQS	205624860108_R06C01	Low-Grade Glial/Glioneuronal/Neuroepithelial Tumours	0.240486372	Pilocytic Astrocytoma	0.162463363	Control Tissue, Reactive Tumour Microenvironment	0.143375934	CTRL_REACTIVE	0.143375934	Low-grade glial/glioneuronal tumors	0.988	Pilocytic astrocytoma	0.979	PA PF TYP	0.973
BS_2DDJY2QQ	206402350049_R01C01	Choroid Plexus Tumours	0.999876218	Choroid Plexus Tumours	0.999876218	Choroid Plexus Tumours Subtype A	0.999870208	CPT_AD_A	0.999656315	Choroid plexus tumors	0.982	Choroid plexus papilloma	0.981	CPP AD	0.98
BS_0AWZ1ZTB	205624860167_R05C01	Low-Grade Glial/Glioneuronal/Neuroepithelial Tumours	0.99998109	Pilocytic Astrocytoma	0.999948866	Infratentorial Pilocytic Astrocytoma	0.999930753	PA_INF	0.999930753	Low-grade glial/glioneuronal tumors	0.99	Pilocytic astrocytoma	0.989	PA PF TYP	0.988
BS_PDY3P2BG	206390560112_R03C01	Tumours Of The Sellar Region	0.987318626	Craniopharyngioma	0.98690623	Papillary Craniopharyngioma	0.939351913	CPH_PAP	0.939351913	Epithelial tumors	0.982	Papillary craniopharyngioma	0.98	CPH PAP	0.98
BS_T079QAZ5	205707890103_R05C01	Control Tissues	0.559544063	Control Brain Tissues	0.559503306	Control Tissue, Cerebellar Hemisphere	0.559376206	CTRL_CBM	0.559376206	Low-grade glial/glioneuronal tumors	0.988	Pilocytic astrocytoma	0.987	PA PF VAR	0.987
BS_S84AAK3V	206402350130_R08C01	Paediatric-Type Diffuse High-Grade Gliomas	0.999874505	Diffuse Midline Glioma, H3k27-Altered	0.999866583	Diffuse Midline Glioma, H3 K27-Mutant / EZHIP Overexpressing	0.999866413	DMG_K27	0.999866413	Diffuse midline glioma, H3 K27-altered	0.986	Diffuse midline glioma, H3 K27-altered	0.986	DMG K27	0.986
BS_H9PAZ2GF	205676390163_R02C01	Low-Grade Glial/Glioneuronal/Neuroepithelial Tumours	0.99998819	Pilocytic Astrocytoma	0.999926321	Infratentorial Pilocytic Astrocytoma	0.999921502	PA_INF	0.999921502	Low-grade glial/glioneuronal tumors	0.99	Pilocytic astrocytoma	0.989	PA PF TYP	0.988
BS_ED2G8Z6B	206402350049_R04C01	Medulloblastoma	0.984841092	Medulloblastoma Non-WNT/Non-SHH Activated	0.982622633	Medulloblastoma Group 3	0.757616501	MB_G34_II	0.608801077	Medulloblastoma	0.991	Medulloblastoma, non-WNT/non-SHH, Group 4	0.983	MB G4 VII	0.98
BS_RRMTKV48	205128000035_R03C01	Medulloblastoma	0.92600392	Medulloblastoma Non-WNT/Non-SHH Activated	0.894365924	Medulloblastoma Group 3	0.853910923	MB_G34_II	0.717765275	Medulloblastoma	0.99	Medulloblastoma, non-WNT/non-SHH, Group 3	0.976	MB G3 II	0.972
BS_55KR9YPC	205657380008_R04C01	Mesenchymal, Non-Meningothelial Tumours Involving The CNS	0.999659784	Tumours Of Uncertain Differentiation	0.999641975	Ewing Sarcoma	0.999618676	EWS	0.999618676	Neuroblastic embryonal tumors	0.982	Ewing sarcoma	0.979	EWS	0.979
BS_RDR36VG5	206390560086_R06C01	Paediatric-Type Diffuse High-Grade Gliomas	0.999850223	Paediatric-Type Diffuse High-Grade Gliomas	0.999847951	Diffuse Paediatric-Type High Grade Glioma, RTK1 Subtype	0.999832929	pedHGG_RTK1A	0.999710374	Pediatric-type high-grade gliomas	0.611	Diffuse pediatric-type high-grade glioma, H3-wildtype and IDH-wildtype	0.61	pedHGG RTK1A	0.609
BS_QWXFFWQ2	205624900053_R02C01	Low-Grade Glial/Glioneuronal/Neuroepithelial Tumours	0.999999834	Pilocytic Astrocytoma	0.999999259	Infratentorial Pilocytic Astrocytoma	0.999999157	PA_INF	0.999999157	Low-grade glial/glioneuronal tumors	0.99	Pilocytic astrocytoma	0.989	PA PF TYP	0.988
BS_4R2H7MWN	205676380174_R01C01	Ependymal Tumours	0.999856109	Supratentorial Ependymoma, ZFTA Fusion-Positive	0.999796477	Supratentorial Ependymoma, ZFTA:rela Fusion-Positive	0.991806503	EPN_ST_ZFTA_RELA_A	0.991796554	Ependymal tumors	0.989	Supratentorial ependymoma, ZFTA fusion-positive	0.988	EPN ST ZFTA RELA	0.988
BS_KE8EG5Y5	207356850144_R08C01	Paediatric-Type Diffuse High-Grade Gliomas	0.998946293	Paediatric-Type Diffuse High-Grade Gliomas	0.998939795	Diffuse Paediatric-Type High Grade Glioma, RTK2 Subtype	0.995696803	pedHGG_RTK2B	0.995617482	Pediatric-type high-grade gliomas	0.983	Diffuse pediatric-type high-grade glioma, H3-wildtype and IDH-wildtype	0.872	pedHGG RTK2B	0.752
BS_GNAPV1MP	205624900062_R07C01	Medulloblastoma	0.998249616	Medulloblastoma Non-WNT/Non-SHH Activated	0.997985159	Medulloblastoma Group 4	0.986343552	MB_G34_VII	0.975507576	Medulloblastoma	0.991	Medulloblastoma, non-WNT/non-SHH, Group 4	0.989	MB G4 VII	0.988
BS_TQ1QY3QH	206430120117_R01C01	Adult-Type Diffuse Gliomas	0.500061864	Glioblastoma, IDH-Wildtype	0.477058208	Glioblastoma, IDH-Wildtype, Mesenchymal Type	0.474062025	GBM_MES_TYP	0.468963359	Low-grade glial/glioneuronal tumors	0.757	Pilocytic astrocytoma	0.616	PA PF TYP	0.54
BS_S2RM5S7E	205648310089_R08C01	Neuroblastoma	0.302808796	Neuroblastoma	0.302808796	Neuroblastoma	0.302808796	NB_TMM_NEG	0.30057262	Mesenchymal tumors	0.714	Poorly differentiated chordoma	0.287	CHORDM PD	0.287
BS_1PTQFNW5	205676390090_R06C01	Paediatric-Type Diffuse High-Grade Gliomas	0.99992978	Diffuse Midline Glioma, H3k27-Altered	0.999929488	Diffuse Midline Glioma, H3 K27-Mutant / EZHIP Overexpressing	0.999929439	DMG_K27	0.999929439	Diffuse midline glioma, H3 K27-altered	0.986	Diffuse midline glioma, H3 K27-altered	0.986	DMG K27	0.986
BS_P4RER0JF	206402350049_R07C01	Medulloblastoma	0.999991604	Medulloblastoma, WNT Activated	0.999972157	Medulloblastoma, WNT Activated	0.999972157	MB_WNT	0.999972157	Medulloblastoma	0.991	Medulloblastoma, WNT-activated	0.988	MB WNT	0.988
BS_JQM0E99N	205624860137_R03C01	Neuroblastoma	0.785322351	Neuroblastoma	0.785322351	Neuroblastoma	0.785322351	NB_MYCN	0.681120886	Neuroblastic embryonal tumors	0.387	Olfactory neuroblastoma	0.146	ONB	0.073
BS_W5V921CH	206402350055_R02C01	Paediatric-Type Diffuse High-Grade Gliomas	0.99996193	Paediatric-Type Diffuse High-Grade Gliomas	0.999958324	Diffuse Paediatric-Type High Grade Glioma, H3 Wildtype And IDH Wild Type, Subtype A\&B (Novel)	0.986884443	pedHGG_A	0.986861738	Pediatric-type high-grade gliomas	0.986	Diffuse pediatric-type high-grade glioma, H3-wildtype and IDH-wildtype	0.962	pedHGG A	0.912
BS_2YPAYY78	207356850156_R03C01	Other CNS Embryonal Tumours	0.978711571	Atypical Teratoid Rhabdoid Tumour	0.977779908	Atypical Teratoid Rhabdoid Tumour, SHH Activated	0.976620972	ATRT_SHH	0.976620972	SMARC-altered tumors	0.617	Atypical teratoid/rhabdoid tumor	0.617	ATRT SHH	0.616
BS_BGJ8P34J	205676390109_R05C01	Other CNS Embryonal Tumours	0.999620716	Atypical Teratoid Rhabdoid Tumour	0.999582156	Atypical Teratoid Rhabdoid Tumour, MYC Activated	0.999069597	ATRT_MYC	0.999069597	SMARC-altered tumors	0.979	Atypical teratoid/rhabdoid tumor	0.979	ATRT MYC	0.977
BS_C334HDVS	206430120136_R07C01	Paediatric-Type Diffuse High-Grade Gliomas	0.809185994	Diffuse Midline Glioma, H3k27-Altered	0.76222896	Diffuse Midline Glioma, H3 K27-Mutant / EZHIP Overexpressing	0.725784909	DMG_K27	0.725784909	Diffuse midline glioma, H3 K27-altered	0.937	Diffuse midline glioma, H3 K27-altered	0.937	DMG K27	0.937
BS_WGBQB1HQ	206430120130_R07C01	Medulloblastoma	0.999933413	Medulloblastoma Non-WNT/Non-SHH Activated	0.99992132	Medulloblastoma Group 3	0.99990631	MB_G34_II	0.998665385	Medulloblastoma	0.991	Medulloblastoma, non-WNT/non-SHH, Group 3	0.989	MB G3 II	0.989
BS_AKYGQZS8	206390560133_R05C01	Control Tissues	0.998599618	Control Brain Tissues	0.998594779	Control Tissue, White Matter (Corpus Callosum)	0.998399098	CTRL_CORPCAL	0.998399098	Control tissues	0.977	Control tissue, corpus callosum	0.961	CONTR CORPCAL	0.961
BS_FGPTXWAV	206402350041_R08C01	Medulloblastoma	0.999912779	Medulloblastoma Non-WNT/Non-SHH Activated	0.999883289	Medulloblastoma Group 3	0.999478668	MB_G34_II	0.996430151	Medulloblastoma	0.991	Medulloblastoma, non-WNT/non-SHH, Group 3	0.989	MB G3 II	0.988
BS_5EBCN02A	206402350049_R02C01	Medulloblastoma	0.816263081	Medulloblastoma Non-WNT/Non-SHH Activated	0.507861787	Medulloblastoma Group 4	0.463948927	MB_G34_VII	0.288174816	Medulloblastoma	0.972	Medulloblastoma, non-WNT/non-SHH, Group 4	0.967	MB G4 VII	0.964
BS_BTVH61CD	206390560075_R02C01	Medulloblastoma	0.948275679	Medulloblastoma Non-WNT/Non-SHH Activated	0.91539184	Medulloblastoma Group 3	0.892524675	MB_G34_II	0.744994041	Medulloblastoma	0.99	Medulloblastoma, non-WNT/non-SHH, Group 3	0.985	MB G3 II	0.984
BS_H0RT16GV	205624900111_R06C01	Cranial And Paraspinal Nerve Tumours	0.346511405	Malignant Peripheral Nerve-Sheath Tumour	0.337741862	Malignant Peripheral Nerve Sheath Tumour [Typical Type]	0.325279823	MPNST_TYP	0.325279823	Mesenchymal tumors	0.892	Malignant peripheral nerve sheath tumor	0.214	MPNST TYP	0.201
BS_SNDPSMTW	206402350095_R02C01	Cranial And Paraspinal Nerve Tumours	0.977739775	Cranial And Paraspinal Nerve Tumours	0.867063488	Plexiform Neurofibroma	0.866663818	NFIB_PLEX	0.866663818	Mesenchymal tumors	0.988	Plexiform neurofibroma	0.979	NFIB PLEX	0.979
BS_NVK7271A	205657380093_R04C01	Ependymal Tumours	0.999999926	Supratentorial Ependymoma, YAP1-Fused	0.99999937	Supratentorial Ependymoma, YAP1-Fused	0.99999937	EPN_YAP	0.99999937	Ependymal tumors	0.989	Supratentorial ependymoma, YAP1 fusion-positive	0.986	EPN ST YAP	0.986
BS_N0ZY3NAM	205707890059_R08C01	Ependymal Tumours	0.987784764	Posterior Fossa Ependymoma Group A	0.985538735	Posterior Fossa Ependymoma Group A1	0.980395841	EPN_PFA_1B	0.337095248	Ependymal tumors	0.989	Posterior fossa group A (PFA) ependymoma	0.817	EPN PFA 1A	0.39
BS_N3P7VDD7	206390560077_R07C01	Medulloblastoma	0.961778295	Medulloblastoma, WNT Activated	0.901653325	Medulloblastoma, WNT Activated	0.901653325	MB_WNT	0.901653325	Medulloblastoma	0.99	Medulloblastoma, WNT-activated	0.982	MB WNT	0.982
BS_B5Y1FDFX	205122170051_R02C01	Ependymal Tumours	0.99987421	Posterior Fossa Ependymoma Group A	0.999853597	Posterior Fossa Ependymoma Group A1	0.999668818	EPN_PFA_1A	0.970119933	Ependymal tumors	0.989	Posterior fossa group A (PFA) ependymoma	0.987	EPN PFA 1A	0.986
BS_Q4ZSATCT	205676390152_R08C01	Ependymal Tumours	0.999998546	Supratentorial Ependymoma, ZFTA Fusion-Positive	0.999995972	Supratentorial Ependymoma, ZFTA:rela Fusion-Positive	0.999984036	EPN_ST_ZFTA_RELA_A	0.999983624	Ependymal tumors	0.989	Supratentorial ependymoma, ZFTA fusion-positive	0.988	EPN ST ZFTA RELA	0.988
BS_Q0PBV7W5	206390560108_R01C01	Control Tissues	0.999987664	Control Brain Tissues	0.999987664	Control Tissue, Cerebellar Hemisphere	0.999987664	CTRL_CBM	0.999987664	Control tissues	0.967	Control tissue, cerebellum	0.939	CONTR CEBM	0.939
BS_W9PWP17B	205707900146_R01C01	Ependymal Tumours	0.999870181	Posterior Fossa Ependymoma Group B \& Posterior Fossa Subependymoma	0.999471715	Posterior Fossa Ependymoma (Subependymoma-enriched)	0.999448519	EPN_PF_SE	0.999448519	Ependymal tumors	0.989	Subependymoma and ependymoma, posterior fossa	0.987	SE EPN PF	0.987
BS_846RA6HX	205676380026_R01C01	Low-Grade Glial/Glioneuronal/Neuroepithelial Tumours	0.999841197	Pilocytic Astrocytoma	0.999641844	Infratentorial Pilocytic Astrocytoma	0.999474108	PA_INF	0.999474108	Low-grade glial/glioneuronal tumors	0.989	Pilocytic astrocytoma	0.989	PA PF TYP	0.988
BS_JM1J1NH8	205624900107_R03C01	Ependymal Tumours	0.99999766	Spinal Ependymoma (myxopapillary-enriched)	0.999996589	Spinal Ependymoma (myxopapillary-enriched)	0.999996589	EPN_MPE	0.999996589	Ependymal tumors	0.989	Myxopapillary ependymoma	0.988	EPN MPE A	0.988
BS_ZFCXH22E	205657380112_R04C01	Cranial And Paraspinal Nerve Tumours	0.842880517	Cranial And Paraspinal Nerve Tumours	0.709155982	Plexiform Neurofibroma	0.703364121	NFIB_PLEX	0.703364121	Mesenchymal tumors	0.983	Plexiform neurofibroma	0.894	NFIB PLEX	0.894
BS_9QS5KCPD	205624900172_R04C01	Paediatric-Type Diffuse High-Grade Gliomas	0.999999577	Infant-Type Hemispheric Glioma	0.999999558	Infant-Type Hemispheric Glioma	0.999999558	IHG	0.999999558	Pediatric-type high-grade gliomas	0.987	Infant-type hemispheric glioma	0.986	IHG TYP	0.986
BS_VXQV7GX2	205707900164_R06C01	Cranial And Paraspinal Nerve Tumours	0.999966998	Schwann-Cell Tumours	0.999162723	Schwannoma	0.999161177	SCHW	0.999161177	Mesenchymal tumors	0.988	Schwannoma	0.963	SCHW	0.963
BS_TSMY09VT	205624860029_R01C01	Paediatric-Type Diffuse High-Grade Gliomas	0.987260298	Paediatric-Type Diffuse High-Grade Gliomas	0.986846376	Diffuse Hemispheric Glioma, H3 G34-Mutant	0.978567124	DHG_G34	0.978567124	Pediatric-type high-grade gliomas	0.985	Diffuse hemispheric glioma, H3 G34-mutant	0.981	DHG G34	0.981
BS_K1JR4YRA	205676380130_R04C01	Adult-Type Diffuse Gliomas	0.999990271	Diffuse High-Grade Neuroepithelial Tumour [Adult-Type]	0.999990269	Diffuse High-Grade Neuroepithelial Tumour [Adult-Type, Non-Defined Type E]	0.999829185	HGG_E	0.999829185	Intermediate-grade IDH-wildtype gliomas	0.886	Diffuse high-grade glioma, IDH-wildtype, subtype E	0.881	HGG E	0.881
BS_B1EB1F4K	205707900009_R07C01	Medulloblastoma	0.574724051	Medulloblastoma, SHH-Activated	0.458431847	Medulloblastoma, SHH-Activated, Subtype 2	0.409070534	MB_SHH_2	0.409070534	Low-grade glial/glioneuronal tumors	0.985	Pilocytic astrocytoma	0.984	PA PF VAR	0.983
BS_CQMW2QGX	205707890153_R04C01	Ependymal Tumours	0.984954673	Posterior Fossa Ependymoma Group A	0.981177223	Posterior Fossa Ependymoma Group A1	0.972673387	EPN_PFA_1C	0.577553838	Ependymal tumors	0.989	Posterior fossa group A (PFA) ependymoma	0.981	EPN PFA 1C	0.975
BS_S4489PHK	206402350026_R02C01	Low-Grade Glial/Glioneuronal/Neuroepithelial Tumours	0.817817213	Diffuse Glioma, MYB- Or MYBl1-Altered	0.708026016	Diffuse Glioma, MYB(L1)-Altered, Subtype D	0.659354855	LGG_MYB_D	0.659354855	Low-grade glial/glioneuronal tumors	0.989	Diffuse astrocytoma, MYB- or MYBL1-altered	0.601	LGG MYB D	0.588
BS_R6ES0HY1	205624860029_R06C01	Low-Grade Glial/Glioneuronal/Neuroepithelial Tumours	0.999976175	Pilocytic Astrocytoma	0.999940134	Supratentorial Midline Pilocytic Astrocytoma	0.999556006	PA_MID	0.999556006	Low-grade glial/glioneuronal tumors	0.99	Pilocytic astrocytoma	0.988	PA MID	0.987
BS_CT2WHMPY	206390560183_R03C01	Tumours Of The Sellar Region	0.866444457	Craniopharyngioma	0.860747204	Adamantinomatous Craniopharyngioma	0.83502296	CPH_ADM	0.83502296	Epithelial tumors	0.981	Adamantinomatous craniopharyngioma	0.978	CPH ADM	0.978
BS_H213BADH	205707900078_R06C01	Ependymal Tumours	0.999994655	Posterior Fossa Ependymoma Group A	0.999992882	Posterior Fossa Ependymoma Group A1	0.999975314	EPN_PFA_1C	0.999627116	Ependymal tumors	0.989	Posterior fossa group A (PFA) ependymoma	0.988	EPN PFA 1C	0.987
BS_M1KRD32T	205624900061_R04C01	Low-Grade Glial/Glioneuronal/Neuroepithelial Tumours	0.388925467	Pilocytic Astrocytoma	0.343136868	Infratentorial Pilocytic Astrocytoma	0.337458773	PA_INF	0.337458773	Low-grade glial/glioneuronal tumors	0.987	Pilocytic astrocytoma	0.984	PA PF VAR	0.982
BS_TH4E3NA8	205624880007_R08C01	Low-Grade Glial/Glioneuronal/Neuroepithelial Tumours	0.998414432	Pilocytic Astrocytoma	0.997613913	Infratentorial Pilocytic Astrocytoma	0.991281318	PA_INF	0.991281318	Low-grade glial/glioneuronal tumors	0.989	Pilocytic astrocytoma	0.988	PA PF TYP	0.987
BS_6J8S9QXJ	205707900155_R08C01	Ependymal Tumours	0.999999897	Posterior Fossa Ependymoma Group A	0.999999853	Posterior Fossa Ependymoma Group A1	0.999998919	EPN_PFA_1E	0.999958901	Ependymal tumors	0.989	Posterior fossa group A (PFA) ependymoma	0.988	EPN PFA 1E	0.987
BS_SZGPXK0G	206402350020_R04C01	Medulloblastoma	0.999998465	Medulloblastoma, WNT Activated	0.999993871	Medulloblastoma, WNT Activated	0.999993871	MB_WNT	0.999993871	Medulloblastoma	0.991	Medulloblastoma, WNT-activated	0.988	MB WNT	0.988
BS_2VF759DR	206390560067_R01C01	Other CNS Embryonal Tumours	0.913011461	CNS Embryonal Tumour With PLAG-Family Amplification	0.910362042	CNS Embryonal Tumour With PLAG-Family Amplification	0.910362042	ET_PLAG	0.910362042	Mesenchymal tumors	0.177	Poorly differentiated chordoma	0.12	CHORDM PD	0.12
BS_09NVP2YD	206402350009_R07C01	Control Tissues	0.985471198	Control Brain Tissues	0.985383753	Control Tissue, Hemispheric Cortex	0.985212017	CTRL_HEMI	0.985212017	Control tissues	0.665	Control tissue, cerebral hemisphere	0.654	CONTR HEMI	0.654
BS_67RKWKBQ	207356850179_R03C01	Paediatric-Type Diffuse High-Grade Gliomas	0.999994412	Diffuse Midline Glioma, H3k27-Altered	0.999994407	Diffuse Midline Glioma, H3 K27-Mutant / EZHIP Overexpressing	0.999994406	DMG_K27	0.999994406	Diffuse midline glioma, H3 K27-altered	0.985	Diffuse midline glioma, H3 K27-altered	0.985	DMG K27	0.985
BS_EP1E4EWQ	205707900155_R02C01	Ependymal Tumours	0.99996706	Posterior Fossa Ependymoma Group A	0.999942273	Posterior Fossa Ependymoma Group A1	0.999821126	EPN_PFA_1C	0.999610539	Ependymal tumors	0.989	Posterior fossa group A (PFA) ependymoma	0.988	EPN PFA 1C	0.988
BS_19G7ZW45	207356850156_R08C01	Paediatric-Type Diffuse High-Grade Gliomas	0.999859833	Paediatric-Type Diffuse High-Grade Gliomas	0.999849396	Diffuse Paediatric-Type High Grade Glioma, RTK2 Subtype	0.999468399	pedHGG_RTK2A	0.999467604	Pediatric-type high-grade gliomas	0.987	Diffuse pediatric-type high-grade glioma, H3-wildtype and IDH-wildtype	0.986	pedHGG RTK2A	0.985
BS_4BYJ109R	205624900145_R01C01	Ependymal Tumours	0.999899556	Posterior Fossa Ependymoma Group A	0.999885172	Posterior Fossa Ependymoma Group A1	0.999787142	EPN_PFA_1E	0.954950715	Ependymal tumors	0.989	Posterior fossa group A (PFA) ependymoma	0.987	EPN PFA 1E	0.985
BS_7Q2WKSSX	206390560130_R08C01	Paediatric-Type Diffuse High-Grade Gliomas	0.999784531	Paediatric-Type Diffuse High-Grade Gliomas	0.999780316	Diffuse Hemispheric Glioma, H3 G34-Mutant	0.999759695	DHG_G34	0.999759695	Pediatric-type high-grade gliomas	0.986	Diffuse hemispheric glioma, H3 G34-mutant	0.984	DHG G34	0.984
BS_MV728Q6J	205676380056_R08C01	Tumours Of The Sellar Region	0.998667904	PitNET	0.998649479	PitNET, TSH-Subtype	0.9799795	PITNET_TSH	0.9799795	Neuroendocrine tumors	0.985	Pituitary adenoma / pituitary neuroendocrine tumor	0.984	PITAD TSH	0.981
BS_G1M10SBX	205567990034_R03C01	Low-Grade Glial/Glioneuronal/Neuroepithelial Tumours	0.999486155	Low-Grade Ganglioglial/Neuroepithelial Tumour	0.998639689	Supratentorial Pilocytic Astrocytoma	0.998635262	PA_CORT	0.998635262	Low-grade glial/glioneuronal tumors	0.989	Pilocytic astrocytoma	0.986	PA ST	0.984
BS_707NA9ET	205648310172_R03C01	Low-Grade Glial/Glioneuronal/Neuroepithelial Tumours	0.99818250100000006	Pilocytic Astrocytoma	0.995887299	Infratentorial Pilocytic Astrocytoma	0.994088462	PA_INF	0.994088462	Low-grade glial/glioneuronal tumors	0.989	Pilocytic astrocytoma	0.988	PA PF TYP	0.988
BS_CEFWNECZ	205122170033_R01C01	Low-Grade Glial/Glioneuronal/Neuroepithelial Tumours	0.999135452	Pilocytic Astrocytoma	0.998437009	Infratentorial Pilocytic Astrocytoma	0.995493113	PA_INF	0.995493113	Low-grade glial/glioneuronal tumors	0.989	Pilocytic astrocytoma	0.988	PA PF TYP	0.988
BS_X6FKGF4B	206390560164_R02C01	Medulloblastoma	0.999999197	Medulloblastoma, WNT Activated	0.999996801	Medulloblastoma, WNT Activated	0.999996801	MB_WNT	0.999996801	Medulloblastoma	0.991	Medulloblastoma, WNT-activated	0.988	MB WNT	0.988
BS_EY14FYAA	206402350086_R03C01	Choroid Plexus Tumours	0.906747268	Choroid Plexus Tumours	0.906747268	Choroid Plexus Tumours Subtype B	0.90498992	CPT_PED_B	0.90417632	Choroid plexus tumors	0.984	Choroid plexus carcinoma	0.983	CPC PED	0.983
BS_1Y8941MS	205589730006_R05C01	Medulloblastoma	0.993724149	Medulloblastoma, SHH-Activated	0.991908889	Medulloblastoma, SHH-Activated, Subtype 2	0.501788199	MB_SHH_2	0.501788199	Medulloblastoma	0.991	Medulloblastoma, SHH-activated	0.874	MB SHH 4	0.509
BS_R4BCJEBB	205566000036_R05C01	Low-Grade Glial/Glioneuronal/Neuroepithelial Tumours	0.999899667	Pilocytic Astrocytoma	0.999662177	Infratentorial Pilocytic Astrocytoma	0.999629074	PA_INF	0.999629074	Low-grade glial/glioneuronal tumors	0.989	Pilocytic astrocytoma	0.988	PA PF TYP	0.988
BS_0TJDWPJT	205624860108_R03C01	Medulloblastoma	0.604761669	Medulloblastoma, SHH-Activated	0.558254034	Medulloblastoma, SHH-Activated, Subtype 2	0.53883865	MB_SHH_2	0.53883865	Low-grade glial/glioneuronal tumors	0.989	Pilocytic astrocytoma	0.988	PA PF VAR	0.988
BS_8P1KGX5M	205624870137_R07C01	Choroid Plexus Tumours	0.97486109	Choroid Plexus Tumours	0.97486109	Choroid Plexus Tumours Subtype B	0.973634896	CPT_PED_B	0.97249558	Choroid plexus tumors	0.987	Choroid plexus carcinoma	0.986	CPC PED	0.985
BS_M92PB4AV	205624870062_R01C01	Control Tissues	0.999886399	Control Brain Tissues	0.999886399	Control Tissue, Cerebellar Hemisphere	0.999886399	CTRL_CBM	0.999886399	Control tissues	0.959	Control tissue, cerebellum	0.938	CONTR CEBM	0.938
BS_F90NS0V0	206430120127_R07C01	Medulloblastoma	0.999999263	Medulloblastoma, WNT Activated	0.999997477	Medulloblastoma, WNT Activated	0.999997477	MB_WNT	0.999997477	Medulloblastoma	0.991	Medulloblastoma, WNT-activated	0.988	MB WNT	0.988
BS_71966GA8	205676380032_R01C01	Control Tissues	0.96730519	Control Tissue, Reactive Tumour Microenvironment	0.967299414	Control Tissue, Reactive Tumour Microenvironment	0.967299414	CTRL_REACTIVE	0.967299414	Control tissues	0.976	Control tissue, reactive tumor microenvironment	0.941	CONTR REACT	0.941
BS_QRWRZHRV	206390560134_R07C01	Low-Grade Glial/Glioneuronal/Neuroepithelial Tumours	0.999988958	Low-Grade Glioneuronal Tumour	0.999987723	Dysembryoplastic Neuroepithelial Tumour	0.998212017	DNET	0.998212017	Low-grade glial/glioneuronal tumors	0.99	Dysembryoplastic neuroepithelial tumor	0.988	DNT	0.988
BS_Y3Q4A90V	205676390142_R08C01	Cranial And Paraspinal Nerve Tumours	0.982265043	Schwann-Cell Tumours	0.500925907	Schwannoma	0.500495739	SCHW	0.500495739	Mesenchymal tumors	0.987	Plexiform neurofibroma	0.636	NFIB PLEX	0.636
BS_PWJFH0SG	206390560049_R05C01	Medulloblastoma	0.999428798	Medulloblastoma Non-WNT/Non-SHH Activated	0.999354727	Medulloblastoma Group 4	0.912669928	MB_G34_V	0.909185279	Medulloblastoma	0.991	Medulloblastoma, non-WNT/non-SHH, Group 4	0.97	MB G4 V	0.962
BS_ER1S1BYR	205676380019_R03C01	Paediatric-Type Diffuse High-Grade Gliomas	0.999939614	Diffuse Midline Glioma, H3k27-Altered	0.999939021	Diffuse Midline Glioma, H3 K27-Mutant / EZHIP Overexpressing	0.999938982	DMG_K27	0.999938982	Diffuse midline glioma, H3 K27-altered	0.987	Diffuse midline glioma, H3 K27-altered	0.987	DMG K27	0.986
BS_HJJPT3NR	206390560108_R08C01	Control Tissues	0.973818602	Control Brain Tissues	0.9738186	Control Tissue, Cerebellar Hemisphere	0.973818593	CTRL_CBM	0.973818593	Low-grade glial/glioneuronal tumors	0.713	Pilocytic astrocytoma	0.712	PA PF VAR	0.712
BS_ZA4EAXGT	205624900113_R01C01	Low-Grade Glial/Glioneuronal/Neuroepithelial Tumours	0.999942473	Low-Grade Glioneuronal Tumour	0.999935408	Dysembryoplastic Neuroepithelial Tumour	0.996904658	DNET	0.996904658	Low-grade glial/glioneuronal tumors	0.99	Dysembryoplastic neuroepithelial tumor	0.988	DNT	0.988
BS_V9YC31VQ	205707900011_R03C01	Control Tissues	0.549915754	Control Brain Tissues	0.547592739	Control Tissue, Optic Pathway	0.287249171	CTRL_OPTIC	0.287249171	Control tissues	0.979	Control tissue, optic pathway	0.923	CONTR OPTIC	0.923
BS_DETQZ74D	206430120117_R05C01	Adult-Type Diffuse Gliomas	0.999981286	Diffuse High-Grade Neuroepithelial Tumour [Adult-Type]	0.999945567	Glioneuronal tumor with ATRX alteration, kinase fusion and anaplastic features 	0.999945561	GTAKA	0.999945561	Intermediate-grade IDH-wildtype gliomas	0.918	Glioneuronal tumor with ATRX alteration, kinase fusion and anaplastic features	0.914	GTAKA	0.914
BS_PM2MVP4E	205707890156_R06C01	Ependymal Tumours	0.999575172	Posterior Fossa Ependymoma Group A	0.999453581	Posterior Fossa Ependymoma Group A1	0.999091462	EPN_PFA_1C	0.895229956	Ependymal tumors	0.989	Posterior fossa group A (PFA) ependymoma	0.988	EPN PFA 1C	0.987
BS_VMTD1WJJ	205567990005_R02C01	Tumours Of The Sellar Region	0.993253085	Craniopharyngioma	0.992918274	Adamantinomatous Craniopharyngioma	0.992858244	CPH_ADM	0.992858244	Epithelial tumors	0.986	Adamantinomatous craniopharyngioma	0.984	CPH ADM	0.984
BS_8SPQ35BC	205624860068_R01C01	Low-Grade Glial/Glioneuronal/Neuroepithelial Tumours	0.999990182	Pilocytic Astrocytoma	0.999964295	Infratentorial Pilocytic Astrocytoma	0.999939319	PA_INF	0.999939319	Low-grade glial/glioneuronal tumors	0.99	Pilocytic astrocytoma	0.989	PA PF TYP	0.988
BS_FBRT0SFH	205589730030_R05C01	Medulloblastoma	0.999854213	Medulloblastoma Non-WNT/Non-SHH Activated	0.999836737	Medulloblastoma Group 4	0.99976854	MB_G34_VII	0.96132897	Medulloblastoma	0.991	Medulloblastoma, non-WNT/non-SHH, Group 4	0.989	MB G4 VII	0.989
BS_KWMS40SQ	205566000010_R08C01	Low-Grade Glial/Glioneuronal/Neuroepithelial Tumours	0.999794101	Pilocytic Astrocytoma	0.999688068	Infratentorial Pilocytic Astrocytoma	0.999231533	PA_INF	0.999231533	Low-grade glial/glioneuronal tumors	0.99	Pilocytic astrocytoma	0.989	PA PF TYP	0.988
BS_GN4KVTPQ	205707900146_R02C01	Ependymal Tumours	0.862717211	Posterior Fossa Ependymoma Group B \& Posterior Fossa Subependymoma	0.447606513	Posterior Fossa Ependymoma (Subependymoma-enriched)	0.403262242	EPN_PF_SE	0.403262242	Ependymal tumors	0.989	Posterior fossa ependymoma, ACVR1-altered	0.46	EPN PF ACVR1	0.46
BS_SPJCNAT7	206430120113_R03C01	Meningioma	0.99908292	Meningioma	0.99908292	Meningioma, Intermediate	0.991582943	MNG_INT_A	0.991389342	Meningioma	0.988	Meningioma, intermediate	0.986	MNG INT A	0.986
BS_58JZA64R	207356840021_R02C01	Other CNS Embryonal Tumours	0.995945191	Atypical Teratoid Rhabdoid Tumour	0.995530832	Atypical Teratoid Rhabdoid Tumour, SHH Activated	0.993045521	ATRT_SHH	0.993045521	SMARC-altered tumors	0.987	Atypical teratoid/rhabdoid tumor	0.987	ATRT SHH	0.986
BS_Y18G3521	206390560130_R02C01	Low-Grade Glial/Glioneuronal/Neuroepithelial Tumours	0.884628318	Low-Grade Glioneuronal Tumour	0.794531924	Dysembryoplastic Neuroepithelial Tumour	0.639721789	DNET	0.639721789	Low-grade glial/glioneuronal tumors	0.989	Dysembryoplastic neuroepithelial tumor	0.508	DNT	0.508
BS_7NPV770K	205707910024_R04C01	Paediatric-Type Diffuse High-Grade Gliomas	0.996846394	Diffuse Midline Glioma, H3k27-Altered	0.996632488	Diffuse Midline Glioma, H3 K27-Mutant / EZHIP Overexpressing	0.996627062	DMG_K27	0.996627062	Diffuse midline glioma, H3 K27-altered	0.987	Diffuse midline glioma, H3 K27-altered	0.987	DMG K27	0.986
BS_J34K4N6D	205624860143_R04C01	Mesenchymal, Non-Meningothelial Tumours Involving The CNS	0.787585326	Tumours Of Uncertain Differentiation	0.783410854	Ewing Sarcoma	0.773236118	EWS	0.773236118	Neuroblastic embryonal tumors	0.983	Ewing sarcoma	0.98	EWS	0.98
BS_VGNRVJXF	205624860118_R05C01	Low-Grade Glial/Glioneuronal/Neuroepithelial Tumours	0.272882772	Low-Grade Ganglioglial/Neuroepithelial Tumour	0.267600959	Desmoplastic Infantile Ganglioglioma/Astrocytoma	0.266711957	DIG_DIA	0.266711957	Low-grade glial/glioneuronal tumors	0.262	Pilocytic astrocytoma	0.167	PA ST	0.109
BS_HC77B45S	206430120117_R03C01	Medulloblastoma	0.99996689	Medulloblastoma Non-WNT/Non-SHH Activated	0.999963227	Medulloblastoma Group 4	0.999546813	MB_G34_V	0.992532052	Medulloblastoma	0.991	Medulloblastoma, non-WNT/non-SHH, Group 4	0.989	MB G4 V	0.988
BS_ZQC3BMQN	206390560086_R02C01	Tumours Of The Sellar Region	0.246827019	Craniopharyngioma	0.232314843	Papillary Craniopharyngioma	0.229069476	CPH_PAP	0.229069476	Mesenchymal tumors	0.607	Chordoma	0.083	CHORDM	0.083
BS_4RJKBMPY	206402350054_R06C01	Medulloblastoma	0.995735156	Medulloblastoma Non-WNT/Non-SHH Activated	0.995165156	Medulloblastoma Group 4	0.953112107	MB_G34_VII	0.890531189	Medulloblastoma	0.991	Medulloblastoma, non-WNT/non-SHH, Group 4	0.985	MB G4 VII	0.981
BS_0K0R2RHX	205657380102_R07C01	Medulloblastoma	0.999997141	Medulloblastoma, WNT Activated	0.99998952	Medulloblastoma, WNT Activated	0.99998952	MB_WNT	0.99998952	Medulloblastoma	0.991	Medulloblastoma, WNT-activated	0.988	MB WNT	0.988
BS_R97F3N7W	206390560168_R03C01	Other CNS Embryonal Tumours	0.998972508	Atypical Teratoid Rhabdoid Tumour	0.980571249	Atypical Teratoid Rhabdoid Tumour, Tyrosinase Activated	0.979203092	ATRT_TYR	0.979203092	SMARC-altered tumors	0.987	Atypical teratoid/rhabdoid tumor	0.986	ATRT TYR	0.984
BS_NMY0K4JM	205624880180_R02C01	Ependymal Tumours	0.999980957	Posterior Fossa Ependymoma Group A	0.999978616	Posterior Fossa Ependymoma Group A1	0.9999747	EPN_PFA_1B	0.997989608	Ependymal tumors	0.989	Posterior fossa group A (PFA) ependymoma	0.988	EPN PFA 1B	0.987
BS_W2MQ4QDR	209648840117_R07C01	Control Tissues	0.61679012	Control Tissue, Blood	0.616114834	Control Tissue, Blood	0.616114834	CTRL_BLOOD	0.616114834	Control tissues	0.985	Control tissue, white blood cells	0.62	CONTR BLOOD	0.62
BS_AJ8937QY	205982900173_R05C01	Medulloblastoma	0.995630092	Medulloblastoma Non-WNT/Non-SHH Activated	0.994990767	Medulloblastoma Group 3	0.965729005	MB_G34_IV	0.864848954	Medulloblastoma	0.99	Medulloblastoma, non-WNT/non-SHH, Group 3	0.988	MB G3 IV	0.988
BS_P8E867H8	206402350061_R04C01	Ependymal Tumours	0.232566153	Neuroblastoma	0.224791133	Neuroblastoma	0.224791133	NB_TMM_NEG	0.21842566	Hematopoietic tumors	0.247	Langerhans cell histiocytosis	0.176	LCH	0.176
BS_32YYB1WF	205657380065_R06C01	Low-Grade Glial/Glioneuronal/Neuroepithelial Tumours	0.998770816	Pilocytic Astrocytoma	0.998596517	Supratentorial Midline Pilocytic Astrocytoma	0.997402494	PA_MID	0.997402494	Low-grade glial/glioneuronal tumors	0.99	Pilocytic astrocytoma	0.988	PA MID	0.987
BS_T7SSWRA0	205648310114_R08C01	Medulloblastoma	0.99989277	Medulloblastoma Non-WNT/Non-SHH Activated	0.999880188	Medulloblastoma Group 4	0.999867066	MB_G34_VIII	0.999784314	Medulloblastoma	0.991	Medulloblastoma, non-WNT/non-SHH, Group 4	0.989	MB G4 VIII	0.989
BS_K58KZCNC	207356840008_R07C01	Paediatric-Type Diffuse High-Grade Gliomas	0.999964718	Diffuse Midline Glioma, H3k27-Altered	0.999964219	Diffuse Midline Glioma, H3 K27-Mutant / EZHIP Overexpressing	0.999964055	DMG_K27	0.999964055	Diffuse midline glioma, H3 K27-altered	0.98	Diffuse midline glioma, H3 K27-altered	0.98	DMG K27	0.98
BS_BE9VKEJP	206390560108_R07C01	Paediatric-Type Diffuse High-Grade Gliomas	0.999975949	Diffuse Midline Glioma, H3k27-Altered	0.999975371	Diffuse Midline Glioma, H3 K27-Mutant / EZHIP Overexpressing	0.999975363	DMG_K27	0.999975363	Diffuse midline glioma, H3 K27-altered	0.987	Diffuse midline glioma, H3 K27-altered	0.987	DMG K27	0.987
BS_83XZJWG0	205676390174_R07C01	Paediatric-Type Diffuse High-Grade Gliomas	0.999927913	Paediatric-Type Diffuse High-Grade Gliomas	0.999924893	Diffuse Paediatric-Type High Grade Glioma, RTK2 Subtype	0.99958416	pedHGG_RTK2A	0.999584132	Pediatric-type high-grade gliomas	0.987	Diffuse pediatric-type high-grade glioma, H3-wildtype and IDH-wildtype	0.987	pedHGG RTK2A	0.986
BS_SX1P2BVF	206430120113_R05C01	Ependymal Tumours	0.999866834	Spinal Ependymoma	0.999687819	Spinal Ependymoma	0.999684596	EPN_SPINE	0.999684596	Ependymal tumors	0.989	Spinal ependymoma	0.985	EPN SPINE	0.985
BS_81KRVBJ1	206390560071_R07C01	Other CNS Embryonal Tumours	0.917442085	Atypical Teratoid Rhabdoid Tumour	0.914004781	Atypical Teratoid Rhabdoid Tumour, MYC Activated	0.901483802	ATRT_MYC	0.901483802	SMARC-altered tumors	0.224	Atypical teratoid/rhabdoid tumor	0.223	ATRT MYC	0.221
BS_KX1ARZSA	206390560038_R03C01	Medulloblastoma	0.999973605	Medulloblastoma Non-WNT/Non-SHH Activated	0.999970241	Medulloblastoma Group 3	0.999870116	MB_G34_IV	0.995336684	Medulloblastoma	0.991	Medulloblastoma, non-WNT/non-SHH, Group 3	0.989	MB G3 IV	0.988
BS_YTXEHFFW	205657390049_R01C01	Other CNS Embryonal Tumours	0.99959404	Embryonal Tumour With Multilayered Rosettes	0.999573908	Embryonal Tumour With Multilayered Rosettes, C19MC Altered	0.999564453	ETMR_C19MC	0.999564453	Neuroblastic embryonal tumors	0.985	Embryonal tumor with multilayered rosettes	0.984	ETMR C19MC	0.984
BS_ZBWDSNVQ	205657380065_R05C01	Low-Grade Glial/Glioneuronal/Neuroepithelial Tumours	0.999916391	Pilocytic Astrocytoma	0.999875886	Supratentorial Midline Pilocytic Astrocytoma	0.99861433	PA_MID	0.99861433	Low-grade glial/glioneuronal tumors	0.99	Pilocytic astrocytoma	0.988	PA MID	0.987
BS_91MVJWDG	207356840128_R02C01	Other CNS Embryonal Tumours	0.999988511	Atypical Teratoid Rhabdoid Tumour	0.992791126	Atypical Teratoid Rhabdoid Tumour, Tyrosinase Activated	0.992789373	ATRT_TYR	0.992789373	SMARC-altered tumors	0.987	Atypical teratoid/rhabdoid tumor	0.987	ATRT TYR	0.985
BS_N6VK1ZRF	206390560077_R02C01	Ependymal Tumours	0.150532097	Subependymal Giant Cell Astrocytoma	0.12067557	Subependymal Giant Cell Astrocytoma	0.12067557	SEGA	0.12067557	Control tissues	0.116	Control tissue, reactive tumor microenvironment	0.105	CONTR REACT	0.105
BS_3MYH1TKQ	205624900117_R07C01	Diffuse Glioma, Mapk Altered, Cell-Cycle Activated	0.999911721	Pleomorphic Xanthoastrocytoma(-Like)	0.999911637	Pleomorphic Xanthoastrocytoma(-Like)	0.999911637	PXA	0.999911637	Intermediate-grade IDH-wildtype gliomas	0.987	Pleomorphic xanthoastrocytoma	0.986	PXA	0.986
BS_M35XE9YP	206390560159_R07C01	Inflammatory Microenvironment	0.984173115	Inflammatory Microenvironment	0.984173115	Inflammatory Microenvironment	0.984173115	INFLAM_ENV	0.984173115	Control tissues	0.847	Control tissue, inflammatory microenvironment	0.778	CONTR INFLAM	0.778
BS_060608PC	205624860003_R04C01	Cranial And Paraspinal Nerve Tumours	0.997629956	Schwann-Cell Tumours	0.969766281	Schwannoma	0.969634287	SCHW	0.969634287	Mesenchymal tumors	0.988	Schwannoma	0.435	SCHW	0.435
BS_8B8KDQJJ	205707900107_R03C01	Ependymal Tumours	0.192281094	Medulloblastoma Non-WNT/Non-SHH Activated	0.081583681	Posterior Fossa Ependymoma Group A1	0.056947223	EPN_ST_ZFTA_RELA_A	0.052702917	Mesenchymal tumors	0.987	Chondrosarcoma	0.761	CSA CC	0.455
BS_JTXHT7QJ	205707890145_R02C01	Low-Grade Glial/Glioneuronal/Neuroepithelial Tumours	0.999999653	Diffuse Glioma, MYB- Or MYBl1-Altered	0.999999644	Diffuse Glioma, MYB(L1)-Altered, Subtype A [Angiocentric Glioma-Type]	0.999999611	AG_MYB	0.999999611	Low-grade glial/glioneuronal tumors	0.989	Angiocentric glioma, MYB- or MYBL1-altered	0.988	AG MYB	0.988
BS_39DNBN15	205657380177_R02C01	Meningioma	0.999837496	Meningioma	0.999837496	Meningioma, Benign	0.999461539	MNG_BEN_3	0.997114675	Meningioma	0.988	Meningioma, benign	0.985	MNG BEN 3	0.952
BS_7J3TGDGX	206430120102_R03C01	Medulloblastoma	0.999988847	Medulloblastoma, SHH-Activated	0.99998603	Medulloblastoma, SHH-Activated, Subtype 1	0.999423128	MB_SHH_1	0.999423128	Medulloblastoma	0.99	Medulloblastoma, SHH-activated	0.988	MB SHH 1	0.987
BS_W2T8BBBG	205624660018_R02C01	Circumscribed Astrocytic Tumours	0.476676511	Subependymal Giant Cell Astrocytoma	0.474427482	Subependymal Giant Cell Astrocytoma	0.474427482	SEGA	0.474427482	Low-grade glial/glioneuronal tumors	0.988	Subependymal giant cell astrocytoma	0.984	SEGA	0.984
BS_5X9HJHRE	205624860118_R06C01	Neuroblastoma	0.243974045	Neuroblastoma	0.243974045	Neuroblastoma	0.243974045	NB_TMM_NEG	0.171113517	Mesenchymal tumors	0.484	Plexiform neurofibroma	0.257	NFIB PLEX	0.257
BS_TEBYP1A1	206390560103_R08C01	Adult-Type Diffuse Gliomas	0.149606484	Glioblastoma, IDH-Wildtype	0.13176386	Glioblastoma, IDH-Wildtype, Mesenchymal Type	0.127719622	GBM_MES_TYP	0.099721890999999993	Control tissues	0.787	Control tissue, reactive tumor microenvironment	0.532	CONTR REACT	0.532
BS_K7KZGT28	205624900161_R05C01	Adult-Type Diffuse Gliomas	0.601494044	Diffuse Glioma, IDH Mutant	0.558154015	Diffuse Glioma, IDH-Mutant And 1p19q Retained [Astroglial Type]	0.448043568	A_IDH_HG	0.367493543	Diffuse glioma, IDH-mutant	0.962	Astrocytoma, IDH-mutant, high-grade	0.956	A IDH HG	0.956
BS_XK4YDR2S	205648310089_R03C01	Control Tissues	0.864829838	Control Tissue, Reactive Tumour Microenvironment	0.864646727	Control Tissue, Reactive Tumour Microenvironment	0.864646727	CTRL_REACTIVE	0.864646727	Control tissues	0.524	Control tissue, reactive tumor microenvironment	0.487	CONTR REACT	0.487
BS_MXPABYCG	206402350072_R03C01	Choroid Plexus Tumours	0.953660264	Choroid Plexus Tumours	0.953660264	Choroid Plexus Tumours Subtype B	0.880222205	CPT_PED_B	0.878994677	Choroid plexus tumors	0.982	Choroid plexus carcinoma	0.979	CPC PED	0.979
BS_ZV6WRYM6	205707890087_R04C01	Ependymal Tumours	0.999428107	Spinal Ependymoma (myxopapillary-enriched)	0.999161694	Spinal Ependymoma (myxopapillary-enriched)	0.999161694	EPN_MPE	0.999161694	Ependymal tumors	0.989	Myxopapillary ependymoma	0.986	EPN MPE A	0.986
BS_SWJRXYQ1	206402350048_R03C01	Control Tissues	0.227407508	Control Brain Tissues	0.225596569	Control Tissue, White Matter (Corpus Callosum)	0.095850955	CTRL_CORPCAL	0.095850955	Control tissues	0.652	Control tissue, optic pathway	0.318	CONTR OPTIC	0.318
BS_RN1EKSFQ	207211180095_R06C01	Other CNS Embryonal Tumours	0.999984317	Atypical Teratoid Rhabdoid Tumour	0.974541426	Atypical Teratoid Rhabdoid Tumour, Tyrosinase Activated	0.974539884	ATRT_TYR	0.974539884	SMARC-altered tumors	0.987	Atypical teratoid/rhabdoid tumor	0.987	ATRT TYR	0.984
BS_XPZXMMEG	205624900022_R08C01	Inflammatory Microenvironment	0.999373443	Inflammatory Microenvironment	0.999373443	Inflammatory Microenvironment	0.999373443	INFLAM_ENV	0.999373443	Control tissues	0.985	Control tissue, inflammatory microenvironment	0.969	CONTR INFLAM	0.969
BS_ENCVX9ZP	205624900053_R04C01	Medulloblastoma	0.999926321	Medulloblastoma Non-WNT/Non-SHH Activated	0.999918221	Medulloblastoma Group 4	0.999911641	MB_G34_VIII	0.999854858	Medulloblastoma	0.991	Medulloblastoma, non-WNT/non-SHH, Group 4	0.989	MB G4 VIII	0.989
BS_AYRXWKQV	206390560189_R01C01	Paediatric-Type Diffuse High-Grade Gliomas	0.364341896	Paediatric-Type Diffuse High-Grade Gliomas	0.332059277	Diffuse Paediatric-Type High Grade Glioma, MYCN Subtype	0.172790231	pedHGG_MYCN	0.172790231	Glioblastoma, IDH-wildtype	0.939	Glioblastoma, IDH-wildtype	0.939	GBM RTK2	0.934
BS_NSFXSJ4R	206402350011_R08C01	Medulloblastoma	0.999778236	Medulloblastoma, WNT Activated	0.999472934	Medulloblastoma, WNT Activated	0.999472934	MB_WNT	0.999472934	Medulloblastoma	0.99	Medulloblastoma, WNT-activated	0.988	MB WNT	0.988
BS_ZH2V8YQH	205707900078_R05C01	Ependymal Tumours	0.99896651	Supratentorial Ependymoma, ZFTA Fusion-Positive	0.998460757	Supratentorial Ependymoma, ZFTA:rela Fusion-Positive	0.99283088	EPN_ST_ZFTA_RELA_A	0.992816492	Ependymal tumors	0.988	Supratentorial ependymoma, ZFTA fusion-positive	0.979	EPN ST ZFTA RELA	0.979
BS_BJ9ACB1Q	205566000176_R03C01	Paediatric-Type Diffuse High-Grade Gliomas	0.999946528	Diffuse Midline Glioma, H3k27-Altered	0.999945886	Diffuse Midline Glioma, H3 K27-Mutant / EZHIP Overexpressing	0.999945773	DMG_K27	0.999945773	Diffuse midline glioma, H3 K27-altered	0.985	Diffuse midline glioma, H3 K27-altered	0.985	DMG K27	0.985
BS_3MYV7P2R	206390560077_R08C01	Medulloblastoma	0.999823049	Medulloblastoma Non-WNT/Non-SHH Activated	0.999792681	Medulloblastoma Group 4	0.999284507	MB_G34_VII	0.998058796	Medulloblastoma	0.99	Medulloblastoma, non-WNT/non-SHH, Group 4	0.989	MB G4 VII	0.988
BS_DXCHRCF6	206390560073_R01C01	Tumours Of The Sellar Region	0.175008469	Craniopharyngioma	0.156251174	Papillary Craniopharyngioma	0.153112666	CPH_PAP	0.153112666	Epithelial tumors	0.493	Papillary craniopharyngioma	0.162	CPH PAP	0.162
BS_3F3XBXZ4	205707900137_R07C01	Medulloblastoma	0.99999037	Medullomyoblastoma	0.9876645	Medullomyoblastoma	0.9876645	MB_MYO	0.9876645	Medulloblastoma	0.99	Medullomyoblastoma	0.983	MB MYO	0.983
BS_HA2G3RSW	206430120135_R04C01	Choroid Plexus Tumours	0.993289103	Choroid Plexus Tumours	0.993289103	Choroid Plexus Tumours Subtype B	0.992607592	CPT_PED_B	0.992527817	Choroid plexus tumors	0.985	Choroid plexus carcinoma	0.984	CPC PED	0.984
BS_0K182R15	205624860106_R04C01	Tumours Of The Sellar Region	0.99999921	PitNET	0.999999202	PitNET, ACTH-Subtype	0.999999111	PITNET_ACTH	0.999999111	Neuroendocrine tumors	0.987	Pituitary adenoma / pituitary neuroendocrine tumor	0.986	PITAD ACTH	0.984
BS_FPDWC63C	205676380026_R07C01	Tumours Of The Sellar Region	0.542724489	Craniopharyngioma	0.528531247	Papillary Craniopharyngioma	0.406066064	CPH_PAP	0.406066064	Epithelial tumors	0.964	Papillary craniopharyngioma	0.611	CPH PAP	0.611
BS_H4C3T2MM	206402350054_R08C01	Meningioma	0.973877807	Meningioma	0.973877807	Meningioma, Benign	0.870963618	MNG_BEN_1	0.756039395	Meningioma	0.987	Meningioma, intermediate	0.671	MNG INT A	0.666
BS_XC11GCHB	205567980088_R04C01	Low-Grade Glial/Glioneuronal/Neuroepithelial Tumours	0.896144511	Pilocytic Astrocytoma	0.879888908	Supratentorial Midline Pilocytic Astrocytoma	0.871535504	PA_MID	0.871535504	Low-grade glial/glioneuronal tumors	0.989	Pilocytic astrocytoma	0.986	PA MID	0.983
BS_V6MCRDCB	205624900117_R08C01	Paediatric-Type Diffuse High-Grade Gliomas	0.908535358	Paediatric-Type Diffuse High-Grade Gliomas	0.907972989	Diffuse Paediatric-Type High Grade Glioma, RTK1 Subtype	0.907759782	pedHGG_RTK1C	0.885953854	Pediatric-type high-grade gliomas	0.986	Diffuse pediatric-type high-grade glioma, H3-wildtype and IDH-wildtype	0.984	pedHGG RTK1C	0.983
BS_JZDRVWSA	207356840128_R05C01	Paediatric-Type Diffuse High-Grade Gliomas	0.99999138	Diffuse Midline Glioma, H3k27-Altered	0.99999137	Diffuse Midline Glioma, H3 K27-Mutant / EZHIP Overexpressing	0.999991368	DMG_K27	0.999991368	Diffuse midline glioma, H3 K27-altered	0.986	Diffuse midline glioma, H3 K27-altered	0.986	DMG K27	0.986
BS_Q5PQA328	205657380177_R03C01	Low-Grade Glial/Glioneuronal/Neuroepithelial Tumours	0.999625844	Pilocytic Astrocytoma	0.999045801	Infratentorial Pilocytic Astrocytoma	0.995759465	PA_INF	0.995759465	Low-grade glial/glioneuronal tumors	0.989	Pilocytic astrocytoma	0.988	PA PF TYP	0.988
BS_B47HW960	205122170009_R02C01	Low-Grade Glial/Glioneuronal/Neuroepithelial Tumours	0.999892536	Pilocytic Astrocytoma	0.999842823	Infratentorial Pilocytic Astrocytoma	0.994553202	PA_INF	0.994553202	Low-grade glial/glioneuronal tumors	0.99	Pilocytic astrocytoma	0.988	PA PF TYP	0.988
BS_ZW5K42J8	207356840127_R07C01	Inflammatory Microenvironment	0.999192135	Inflammatory Microenvironment	0.999192135	Inflammatory Microenvironment	0.999192135	INFLAM_ENV	0.999192135	Control tissues	0.983	Control tissue, inflammatory microenvironment	0.965	CONTR INFLAM	0.965
BS_TMEH787Y	205676390015_R05C01	Paediatric-Type Diffuse High-Grade Gliomas	0.999810872	Diffuse Midline Glioma, H3k27-Altered	0.999809535	Diffuse Midline Glioma, H3 K27-Mutant / EZHIP Overexpressing	0.999809523	DMG_K27	0.999809523	Diffuse midline glioma, H3 K27-altered	0.987	Diffuse midline glioma, H3 K27-altered	0.987	DMG K27	0.987
BS_KTBPR8X2	206390560034_R06C01	Paediatric-Type Diffuse High-Grade Gliomas	0.999946483	Diffuse Midline Glioma, H3k27-Altered	0.999946414	Diffuse Midline Glioma, H3 K27-Mutant / EZHIP Overexpressing	0.999946412	DMG_K27	0.999946412	Diffuse midline glioma, H3 K27-altered	0.987	Diffuse midline glioma, H3 K27-altered	0.987	DMG K27	0.987
BS_3H5H8EJ6	205707890151_R02C01	Ependymal Tumours	0.999782045	Posterior Fossa Ependymoma Group A	0.999754064	Posterior Fossa Ependymoma Group A1	0.999703744	EPN_PFA_1F	0.998777559	Ependymal tumors	0.989	Posterior fossa group A (PFA) ependymoma	0.987	EPN PFA 1F	0.986
BS_6AS03QVQ	205624900161_R06C01	Adult-Type Diffuse Gliomas	0.999684231	Diffuse Glioma, IDH Mutant	0.999667749	Diffuse Glioma, IDH-Mutant And 1p19q Retained [Astroglial Type]	0.998415539	A_IDH_LG	0.996850917	Diffuse glioma, IDH-mutant	0.988	Astrocytoma, IDH-mutant, lower-grade	0.986	A IDH LG	0.986
BS_SQ4BXSZS	206430120148_R04C01	Ependymal Tumours	0.998213392	Posterior Fossa Ependymoma Group A	0.997917188	Posterior Fossa Ependymoma Group A1	0.996514708	EPN_PFA_1D	0.583869355	Ependymal tumors	0.989	Posterior fossa group A (PFA) ependymoma	0.903	EPN PFA 1D	0.741
BS_WV897Z15	206402350021_R04C01	Meningioma	0.984289506	Meningioma	0.984289506	Meningioma, Benign	0.975210733	MNG_BEN_3	0.766938408	Meningioma	0.987	Meningioma, benign	0.977	MNG BEN 2	0.929
BS_2EJCW07F	205624900173_R07C01	Paediatric-Type Diffuse High-Grade Gliomas	0.890280024	Diffuse Midline Glioma, H3k27-Altered	0.88291572	Diffuse Midline Glioma, H3 K27-Mutant / EZHIP Overexpressing	0.882678205	DMG_K27	0.882678205	Diffuse midline glioma, H3 K27-altered	0.985	Diffuse midline glioma, H3 K27-altered	0.985	DMG K27	0.985
BS_BSGFQJ2X	206390560073_R04C01	Tumours Of The Sellar Region	0.982763706	Craniopharyngioma	0.982268045	Papillary Craniopharyngioma	0.976143497	CPH_PAP	0.976143497	Epithelial tumors	0.968	Papillary craniopharyngioma	0.915	CPH PAP	0.915
BS_K2D8KT1S	206390560034_R02C01	Paediatric-Type Diffuse High-Grade Gliomas	0.783831892	Diffuse Midline Glioma, H3k27-Altered	0.747103863	Diffuse Midline Glioma, H3 K27-Mutant / EZHIP Overexpressing	0.747045681	DMG_K27	0.747045681	Diffuse midline glioma, H3 K27-altered	0.987	Diffuse midline glioma, H3 K27-altered	0.987	DMG K27	0.987
BS_AJS9XPEA	205982900173_R02C01	Paediatric-Type Diffuse High-Grade Gliomas	0.88777895	Paediatric-Type Diffuse High-Grade Gliomas	0.886650321	Diffuse Hemispheric Glioma, H3 G34-Mutant	0.870141542	DHG_G34	0.870141542	Pediatric-type high-grade gliomas	0.986	Diffuse hemispheric glioma, H3 G34-mutant	0.983	DHG G34	0.983
BS_HNY2ZZMR	205676390057_R03C01	Ependymal Tumours	0.999554481	Supratentorial Ependymoma, ZFTA Fusion-Positive	0.999548556	Supratentorial Ependymoma, ZFTA Fusion-Positive	0.999434601	EPN_ST_ZFTA_FUS_E	0.999141769	Ependymal tumors	0.988	Supratentorial ependymoma, ZFTA fusion-positive	0.879	EPN ST ZFTA RELA	0.845
BS_CXAN4X6K	206390560083_R08C01	Cranial And Paraspinal Nerve Tumours	0.999374916	Schwann-Cell Tumours	0.999354162	Schwannoma	0.994066949	SCHW	0.994066949	Mesenchymal tumors	0.989	Schwannoma	0.987	SCHW	0.987
BS_PW3DRNZV	205624880007_R07C01	Ependymal Tumours	0.998167137	Spinal Ependymoma	0.997066458	Spinal Ependymoma	0.997042262	EPN_SPINE	0.997042262	Ependymal tumors	0.989	Spinal ependymoma	0.986	EPN SPINE	0.986
BS_JS8KW2QY	205567990072_R04C01	Low-Grade Glial/Glioneuronal/Neuroepithelial Tumours	0.478304858	Low-Grade Ganglioglial/Neuroepithelial Tumour	0.268609715	Ganglioglioma	0.158108449	GG	0.158108449	Low-grade glial/glioneuronal tumors	0.981	Ganglioglioma	0.955	GG	0.955
BS_W85M8H89	205657380102_R01C01	Ependymal Tumours	0.999999036	Spinal Ependymoma (myxopapillary-enriched)	0.999998609	Spinal Ependymoma (myxopapillary-enriched)	0.999998609	EPN_MPE	0.999998609	Ependymal tumors	0.989	Myxopapillary ependymoma	0.988	EPN MPE A	0.987
BS_EASG28WT	206390560189_R02C01	Neuroblastoma	0.387768548	Neuroblastoma	0.387768548	Neuroblastoma	0.387768548	NB_TMM_NEG	0.387578628	Control tissues	0.21	Control tissue, inflammatory microenvironment	0.203	CONTR INFLAM	0.203
BS_X6SA27PZ	206430120136_R04C01	Control Tissues	0.999977291	Control Brain Tissues	0.999977291	Control Tissue, Cerebellar Hemisphere	0.999977291	CTRL_CBM	0.999977291	Control tissues	0.954	Control tissue, cerebellum	0.929	CONTR CEBM	0.929
BS_1GB1R07D	205624900053_R03C01	Medulloblastoma	0.999763731	Medulloblastoma, SHH-Activated	0.999714864	Medulloblastoma, SHH-Activated, Subtype 4	0.967265875	MB_SHH_4	0.967265875	Medulloblastoma	0.99	Medulloblastoma, SHH-activated	0.988	MB SHH 4	0.988
BS_D6HWJ3H8	206402350095_R03C01	High-Grade Neuroepithelial Tumour With MN1:BEND2 Fusion	0.99925494	High-Grade Neuroepithelial Tumour With MN1:BEND2 Fusion	0.99925494	High-Grade Neuroepithelial Tumour With MN1:BEND2 Fusion	0.99925494	ABM_MN1	0.99925494	Intermediate-grade IDH-wildtype gliomas	0.986	Astroblastoma, MN1-altered	0.983	AB MN1 BEND2	0.983
BS_7N0Y7G6V	206390560130_R01C01	Low-Grade Glial/Glioneuronal/Neuroepithelial Tumours	0.999920301	Low-Grade Glioneuronal Tumour	0.999876467	Dysembryoplastic Neuroepithelial Tumour	0.986187074	DNET	0.986187074	Low-grade glial/glioneuronal tumors	0.99	Dysembryoplastic neuroepithelial tumor	0.986	DNT	0.986
BS_GP63V11W	209890280148_R07C01	Other CNS Embryonal Tumours	0.999643451	Embryonal Tumour With Multilayered Rosettes	0.999620687	Embryonal Tumour With Multilayered Rosettes-Like	0.995451429	ETMR_Atyp	0.995451429	Neuroblastic embryonal tumors	0.973	Embryonal tumor with multilayered rosettes	0.971	ETMR non-C19MC	0.97
BS_YVWA1G4P	206402350046_R08C01	Paediatric-Type Diffuse High-Grade Gliomas	0.994640348	Diffuse Midline Glioma, H3k27-Altered	0.994462176	Diffuse Midline Glioma, H3 K27-Mutant / EZHIP Overexpressing	0.994461124	DMG_K27	0.994461124	Diffuse midline glioma, H3 K27-altered	0.987	Diffuse midline glioma, H3 K27-altered	0.987	DMG K27	0.987
BS_R89BGWWW	207356850144_R05C01	Adult-Type Diffuse Gliomas	0.99995517	Diffuse Glioma, IDH Mutant	0.999953416	Diffuse Glioma, IDH-Mutant And 1p19q Retained [Astroglial Type]	0.999398704	A_IDH_LG	0.999390472	Diffuse glioma, IDH-mutant	0.988	Astrocytoma, IDH-mutant, lower-grade	0.987	A IDH LG	0.987
BS_RZVGJ4WC	205676390173_R01C01	Ependymal Tumours	0.995093016	Posterior Fossa Ependymoma Group A	0.993978485	Posterior Fossa Ependymoma Group A2	0.986707893	EPN_PFA_2A	0.960109711	Ependymal tumors	0.989	Posterior fossa group A (PFA) ependymoma	0.988	EPN PFA 2A	0.987
BS_Y936MGD8	206390560159_R04C01	Other CNS Embryonal Tumours	0.999854549	Atypical Teratoid Rhabdoid Tumour	0.999845969	Atypical Teratoid Rhabdoid Tumour, SHH Activated	0.99981981	ATRT_SHH	0.99981981	SMARC-altered tumors	0.986	Atypical teratoid/rhabdoid tumor	0.986	ATRT SHH	0.985
BS_NJTKA8YR	205624860137_R04C01	Adult-Type Diffuse Gliomas	0.999999973	Diffuse High-Grade Neuroepithelial Tumour [Adult-Type]	0.999999973	Diffuse High-Grade Neuroepithelial Tumour [Adult-Type, Non-Defined Type E]	0.999998468	HGG_E	0.999998468	Intermediate-grade IDH-wildtype gliomas	0.986	Diffuse high-grade glioma, IDH-wildtype, subtype E	0.985	HGG E	0.985
BS_2BE8D4AP	205122170051_R05C01	Ependymal Tumours	0.871729792	Posterior Fossa Ependymoma Group A	0.822317413	Posterior Fossa Ependymoma Group A1	0.801731625	EPN_PFA_1E	0.496819487	Ependymal tumors	0.963	Posterior fossa group A (PFA) ependymoma	0.467	EPN PFA 1A	0.137
BS_A4771SDM	205707900107_R01C01	Low-Grade Glial/Glioneuronal/Neuroepithelial Tumours	0.999999621	Pilocytic Astrocytoma	0.999996368	Infratentorial Pilocytic Astrocytoma	0.999996062	PA_INF	0.999996062	Low-grade glial/glioneuronal tumors	0.99	Pilocytic astrocytoma	0.989	PA PF TYP	0.988
BS_NDRFGYY3	205589730018_R01C01	Low-Grade Glial/Glioneuronal/Neuroepithelial Tumours	0.999996818	Pilocytic Astrocytoma	0.999994124	Infratentorial Pilocytic Astrocytoma	0.999980072	PA_INF	0.999980072	Low-grade glial/glioneuronal tumors	0.99	Pilocytic astrocytoma	0.989	PA PF TYP	0.988
BS_GJ1QCK83	207211180095_R07C01	Other CNS Embryonal Tumours	0.999999992	Atypical Teratoid Rhabdoid Tumour	0.999999985	Atypical Teratoid Rhabdoid Tumour, SHH Activated	0.999999683	ATRT_SHH	0.999999683	SMARC-altered tumors	0.987	Atypical teratoid/rhabdoid tumor	0.987	ATRT SHH	0.986
BS_7NSYZP4E	209890280173_R01C01	Paediatric-Type Diffuse High-Grade Gliomas	0.987921008	Diffuse Midline Glioma, H3k27-Altered	0.984790602	Diffuse Midline Glioma, H3 K27-Altered, Subtype EGFR-Altered	0.978831427	DMG_EGFR	0.978831427	Diffuse midline glioma, H3 K27-altered	0.896	Diffuse midline glioma, H3 K27-altered	0.896	DMG EGFR	0.894
BS_QZQY9X9X	205982900173_R07C01	Low-Grade Glial/Glioneuronal/Neuroepithelial Tumours	0.998817395	Low-Grade Ganglioglial/Neuroepithelial Tumour	0.993671412	Supratentorial Pilocytic Astrocytoma	0.993664067	PA_CORT	0.993664067	Low-grade glial/glioneuronal tumors	0.989	Pilocytic astrocytoma	0.988	PA ST	0.987
BS_4N94MKB6	206430120135_R07C01	Paediatric-Type Diffuse High-Grade Gliomas	0.993433183	Paediatric-Type Diffuse High-Grade Gliomas	0.99318768	Diffuse Paediatric-Type High Grade Glioma, RTK1 Subtype	0.992114101	pedHGG_RTK1A	0.987413131	Pediatric-type high-grade gliomas	0.981	Diffuse pediatric-type high-grade glioma, H3-wildtype and IDH-wildtype	0.971	pedHGG RTK1A	0.962
BS_75H9VE5T	205624900172_R05C01	Paediatric-Type Diffuse High-Grade Gliomas	0.999981246	Diffuse Midline Glioma, H3k27-Altered	0.999981211	Diffuse Midline Glioma, H3 K27-Mutant / EZHIP Overexpressing	0.999981184	DMG_K27	0.999981184	Diffuse midline glioma, H3 K27-altered	0.987	Diffuse midline glioma, H3 K27-altered	0.987	DMG K27	0.987
BS_TT0R88ZT	205657380102_R03C01	Meningioma	0.957843746	Meningioma	0.957843746	Meningioma, Benign	0.764036348	MNG_BEN_3	0.758653467	Meningioma	0.985	Meningioma, benign	0.979	MNG BEN 3	0.967
BS_PDPN598X	206390560049_R06C01	Medulloblastoma	0.999958296	Medulloblastoma Non-WNT/Non-SHH Activated	0.999951141	Medulloblastoma Group 3	0.99994293	MB_G34_II	0.998790261	Medulloblastoma	0.991	Medulloblastoma, non-WNT/non-SHH, Group 3	0.989	MB G3 II	0.988
BS_H2TZE6ZA	205624900117_R02C01	Paediatric-Type Diffuse High-Grade Gliomas	0.990879797	Paediatric-Type Diffuse High-Grade Gliomas	0.990752529	Diffuse Paediatric-Type High Grade Glioma, MYCN Subtype	0.990001318	pedHGG_MYCN	0.990001318	Pediatric-type high-grade gliomas	0.986	Diffuse pediatric-type high-grade glioma, H3-wildtype and IDH-wildtype	0.984	pedHGG MYCN	0.983
BS_9B41DFBH	206402350056_R03C01	Medulloblastoma	0.671460505	Medulloblastoma, SHH-Activated	0.616427959	Medulloblastoma, SHH-Activated, Subtype 2	0.546067394	MB_SHH_2	0.546067394	Low-grade glial/glioneuronal tumors	0.196	Pilocytic astrocytoma	0.196	PA PF VAR	0.195
BS_6RMVE3AM	206390560103_R02C01	Control Tissues	0.60832515	Control Brain Tissues	0.603914102	Control Tissue, Hemispheric Cortex	0.598450269	CTRL_HEMI	0.598450269	Low-grade glial/glioneuronal tumors	0.98	Ganglioglioma	0.972	GG	0.972
BS_QWM1BP7G	205624900173_R08C01	Paediatric-Type Diffuse High-Grade Gliomas	0.999965639	Diffuse Midline Glioma, H3k27-Altered	0.999965579	Diffuse Midline Glioma, H3 K27-Mutant / EZHIP Overexpressing	0.999965571	DMG_K27	0.999965571	Diffuse midline glioma, H3 K27-altered	0.987	Diffuse midline glioma, H3 K27-altered	0.987	DMG K27	0.987
BS_BE2W4AZS	205707890153_R03C01	Ependymal Tumours	0.99924961	Posterior Fossa Ependymoma Group B \& Posterior Fossa Subependymoma	0.993819365	Posterior Fossa Ependymoma Group B	0.99381673	EPN_PFB_5	0.993647583	Ependymal tumors	0.989	Posterior fossa group B (PFB) ependymoma	0.985	EPN PFB 5	0.984
BS_FM94M3PS	206430120155_R01C01	Medulloblastoma	0.99923423200000006	Medulloblastoma, SHH-Activated	0.999051734	Medulloblastoma, SHH-Activated, Subtype 3	0.51622319	MB_SHH_3	0.51622319	Medulloblastoma	0.991	Medulloblastoma, SHH-activated	0.989	MB SHH 3	0.988
BS_GBH5465S	206430120117_R02C01	Paediatric-Type Diffuse High-Grade Gliomas	0.948000513	Diffuse Midline Glioma, H3k27-Altered	0.835121816	Diffuse Midline Glioma, H3 K27-Mutant / EZHIP Overexpressing	0.835117768	DMG_K27	0.835117768	Diffuse midline glioma, H3 K27-altered	0.851	Diffuse midline glioma, H3 K27-altered	0.851	DMG K27	0.851
BS_CN7NVE6K	205676390068_R06C01	Low-Grade Glial/Glioneuronal/Neuroepithelial Tumours	0.999998971	Pilocytic Astrocytoma	0.999998736	Supratentorial Midline Pilocytic Astrocytoma	0.999998309	PA_MID	0.999998309	Low-grade glial/glioneuronal tumors	0.989	Pilocytic astrocytoma	0.988	PA MID	0.987
BS_9FKT8K0G	205624900172_R01C01	Paediatric-Type Diffuse High-Grade Gliomas	0.984042755	Diffuse Midline Glioma, H3k27-Altered	0.980472474	Diffuse Midline Glioma, H3 K27-Mutant / EZHIP Overexpressing	0.980351784	DMG_K27	0.980351784	Diffuse midline glioma, H3 K27-altered	0.984	Diffuse midline glioma, H3 K27-altered	0.984	DMG K27	0.984
BS_KJNVM43P	205567990034_R01C01	Tumours Of The Sellar Region	0.999561172	Craniopharyngioma	0.999538763	Adamantinomatous Craniopharyngioma	0.999538552	CPH_ADM	0.999538552	Epithelial tumors	0.987	Adamantinomatous craniopharyngioma	0.985	CPH ADM	0.985
BS_96M9C6B5	205648310089_R06C01	Low-Grade Glial/Glioneuronal/Neuroepithelial Tumours	0.739534255	Low-Grade Ganglioglial/Neuroepithelial Tumour	0.341495003	Supratentorial Pilocytic Astrocytoma	0.336305113	PA_CORT	0.336305113	Low-grade glial/glioneuronal tumors	0.978	Pilocytic astrocytoma	0.971	PA ST	0.947
BS_9DN9E727	205707890103_R04C01	Low-Grade Glial/Glioneuronal/Neuroepithelial Tumours	0.999615328	Low-Grade Glioneuronal Tumour	0.999580348	Dysembryoplastic Neuroepithelial Tumour	0.988776341	DNET	0.988776341	Low-grade glial/glioneuronal tumors	0.99	Dysembryoplastic neuroepithelial tumor	0.987	DNT	0.987
BS_G61KHHGG	206390560086_R01C01	Control Tissues	0.902285417	Control Brain Tissues	0.90187235	Control Tissue, White Matter (Corpus Callosum)	0.87229075	CTRL_CORPCAL	0.87229075	Control tissues	0.982	Control tissue, corpus callosum	0.769	CONTR CORPCAL	0.769
BS_2HT9GT2Y	206402350020_R02C01	Other CNS Embryonal Tumours	0.999977202	Atypical Teratoid Rhabdoid Tumour	0.999974451	Atypical Teratoid Rhabdoid Tumour, SHH Activated	0.99994752	ATRT_SHH	0.99994752	SMARC-altered tumors	0.987	Atypical teratoid/rhabdoid tumor	0.986	ATRT SHH	0.985
BS_WZY34KWZ	206430120102_R08C01	Meningioma	0.998527309	Meningioma	0.998527309	Meningioma, Benign	0.961727995	MNG_BEN_3	0.96150397	Meningioma	0.988	Meningioma, benign	0.987	MNG BEN 3	0.985
BS_FENJEHZ7	205624860120_R06C01	Medulloblastoma	0.999988314	Medulloblastoma Non-WNT/Non-SHH Activated	0.999987131	Medulloblastoma Group 4	0.999978528	MB_G34_VII	0.999542338	Medulloblastoma	0.991	Medulloblastoma, non-WNT/non-SHH, Group 4	0.989	MB G4 VII	0.989
BS_Z62B53CW	205624870063_R01C01	Other CNS Embryonal Tumours	0.999811867	Embryonal Tumour With Multilayered Rosettes	0.999801052	Embryonal Tumour With Multilayered Rosettes, C19MC Altered	0.999682267	ETMR_C19MC	0.999682267	Neuroblastic embryonal tumors	0.985	Embryonal tumor with multilayered rosettes	0.984	ETMR C19MC	0.984
BS_BDDFJP8C	205624860132_R06C01	Medulloblastoma	0.996641463	Medulloblastoma Non-WNT/Non-SHH Activated	0.996265761	Medulloblastoma Group 4	0.995451858	MB_G34_VI	0.703327453	Medulloblastoma	0.991	Medulloblastoma, non-WNT/non-SHH, Group 4	0.904	MB G4 VII	0.648
BS_YD8K8Z9Z	205648310172_R01C01	Choroid Plexus Tumours	0.999369025	Choroid Plexus Tumours	0.999369025	Choroid Plexus Tumours Subtype A	0.99928135	CPT_PED_A	0.999209853	Choroid plexus tumors	0.98	Choroid plexus papilloma	0.979	CPP PED	0.979
BS_WY5X9J86	207356840127_R06C01	Low-Grade Glial/Glioneuronal/Neuroepithelial Tumours	0.470183966	Diffuse Midline Glioma, H3k27-Altered	0.357690522	Diffuse Midline Glioma, H3 K27-Mutant / EZHIP Overexpressing	0.357047879	DMG_K27	0.357047879	Pediatric-type high-grade gliomas	0.613	H3 K27 and MAPK-altered glioma	0.533	H3K27 MAPK	0.533
BS_WRAG947K	205624900160_R01C01	Adult-Type Diffuse Gliomas	0.461425752	Paediatric-Type Diffuse High-Grade Gliomas	0.374499178	Glioblastoma, IDH-Wildtype, RTK1 Type	0.344832656	GBM_RTK1	0.344832656	Pediatric-type high-grade gliomas	0.969	Diffuse pediatric-type high-grade glioma, H3-wildtype and IDH-wildtype	0.837	pedHGG RTK1A	0.413
BS_VQKQ2CSZ	205624860120_R03C01	Meningioma	0.999627127	Meningioma	0.999627127	Meningioma, Benign	0.999456422	MNG_BEN_1	0.999158557	Meningioma	0.987	Meningioma, benign	0.986	MNG BEN 1	0.985
BS_Z58Z928D	206402350117_R02C01	Meningioma	0.998952445	Meningioma	0.998952445	Meningioma, Benign	0.937748295	MNG_BEN_3	0.936777456	Meningioma	0.988	Meningioma, intermediate	0.825	MNG INT A	0.821
BS_DKJFS4BM	205624900173_R01C01	Paediatric-Type Diffuse High-Grade Gliomas	0.999984956	Diffuse Midline Glioma, H3k27-Altered	0.999984907	Diffuse Midline Glioma, H3 K27-Mutant / EZHIP Overexpressing	0.999984898	DMG_K27	0.999984898	Diffuse midline glioma, H3 K27-altered	0.986	Diffuse midline glioma, H3 K27-altered	0.986	DMG K27	0.986
BS_V8M4STE2	206430120155_R05C01	Medulloblastoma	0.999972665	Medulloblastoma, SHH-Activated	0.999967	Medulloblastoma, SHH-Activated, Subtype 2	0.999598262	MB_SHH_2	0.999598262	Medulloblastoma	0.99	Medulloblastoma, SHH-activated	0.988	MB SHH 2	0.988
BS_ZEQ0EQ3B	206390560075_R07C01	Germ Cell Tumours	0.577679285	Germ Cell Tumours Of The CNS	0.577679285	(Immature) Teratoma	0.576830604	GCT_TERA	0.576830604	Mesenchymal tumors	0.987	Plexiform neurofibroma	0.96	NFIB PLEX	0.96
BS_D7B6YD1T	206402350026_R08C01	Control Tissues	0.966231826	Control Brain Tissues	0.965846068	Control Tissue, Hemispheric Cortex	0.965480428	CTRL_HEMI	0.965480428	Low-grade glial/glioneuronal tumors	0.902	Ganglioglioma	0.878	GG	0.878
BS_C1JWJ626	205648310172_R06C01	Medulloblastoma	0.663269306	Medulloblastoma, SHH-Activated	0.608223966	Medulloblastoma, SHH-Activated, Subtype 2	0.589603408	MB_SHH_2	0.589603408	Low-grade glial/glioneuronal tumors	0.989	Pilocytic astrocytoma	0.989	PA PF VAR	0.988
BS_3F33N9RR	205624900024_R03C01	Meningioma	0.999843563	Meningioma	0.999843563	Meningioma, Intermediate	0.997686254	MNG_INT_A	0.997682672	Meningioma	0.988	Meningioma, intermediate	0.987	MNG INT A	0.987
BS_05EMADFS	205624900160_R03C01	Paediatric-Type Diffuse High-Grade Gliomas	0.680660555	Paediatric-Type Diffuse High-Grade Gliomas	0.680361789	Diffuse Paediatric-Type High Grade Glioma, RTK1 Subtype	0.675314046	pedHGG_RTK1A	0.670726879	Pediatric-type high-grade gliomas	0.986	Diffuse pediatric-type high-grade glioma, H3-wildtype and IDH-wildtype	0.984	pedHGG RTK1A	0.982
BS_GF7FB4B8	205589730145_R07C01	Ependymal Tumours	0.998664317	Posterior Fossa Ependymoma Group B \& Posterior Fossa Subependymoma	0.991070727	Posterior Fossa Ependymoma Group B	0.988585044	EPN_PFB_1	0.986108759	Ependymal tumors	0.989	Posterior fossa group B (PFB) ependymoma	0.978	EPN PFB 1	0.976
BS_HFC14C3X	206430120113_R01C01	Pineal Parenchymal And Retinal Tumours	0.99623297	Pineoblastoma	0.995973143	Pineoblastoma, miRNA Pathway Altered, Group 1	0.995967284	PB_GRP1B	0.995854549	Pineal region tumors and retinoblastoma	0.984	Pineoblastoma	0.982	PB GROUP 1B	0.98
BS_DFFBN81J	205624900008_R07C01	Cranial And Paraspinal Nerve Tumours	0.99981725	Schwann-Cell Tumours	0.999794124	Schwannoma	0.999759818	SCHW	0.999759818	Mesenchymal tumors	0.988	Schwannoma	0.987	SCHW	0.987
BS_6BKS6SBM	206430120137_R05C01	Adult-Type Diffuse Gliomas	0.213577786	Glioblastoma, IDH-Wildtype	0.194442918	Glioblastoma, IDH-Wildtype, Mesenchymal Type	0.130279781	GBM_MES_ATYP	0.0718724	Pediatric-type high-grade gliomas	0.314	Infant-type hemispheric glioma	0.276	IHG TYP	0.249
BS_1J1D25PY	206430120132_R05C01	Medulloblastoma	0.99998791	Medulloblastoma Non-WNT/Non-SHH Activated	0.999986309	Medulloblastoma Group 4	0.99995357	MB_G34_VII	0.999765445	Medulloblastoma	0.991	Medulloblastoma, non-WNT/non-SHH, Group 4	0.989	MB G4 VII	0.989
BS_ZTEV2216	205589730145_R03C01	Ependymal Tumours	0.136764135	Meningioma	0.134132302	Meningioma, Benign	0.116859563	NB_TMM_NEG	0.083764893000000007	Mesenchymal tumors	0.922	Poorly differentiated chordoma	0.217	CHORDM PD	0.217
BS_61VSS5SM	205624900100_R08C01	Ependymal Tumours	0.999987066	Spinal Ependymoma	0.999973259	Spinal Ependymoma	0.999973009	EPN_SPINE	0.999973009	Ependymal tumors	0.989	Spinal ependymoma	0.986	EPN SPINE	0.986
BS_481JJ4AR	205624900062_R08C01	Medulloblastoma	0.999941679	Medulloblastoma Non-WNT/Non-SHH Activated	0.999935561	Medulloblastoma Group 4	0.999930396	MB_G34_VIII	0.999852276	Medulloblastoma	0.991	Medulloblastoma, non-WNT/non-SHH, Group 4	0.989	MB G4 VIII	0.989
BS_978AHZ3Y	206390560112_R02C01	Tumours Of The Sellar Region	0.99609483	Craniopharyngioma	0.995909927	Adamantinomatous Craniopharyngioma	0.995716762	CPH_ADM	0.995716762	Epithelial tumors	0.987	Adamantinomatous craniopharyngioma	0.984	CPH ADM	0.984
BS_HAVHXW0G	205624860102_R04C01	Ependymal Tumours	0.999999843	Posterior Fossa Ependymoma Group A	0.99999981	Posterior Fossa Ependymoma Group A1	0.99999822	EPN_PFA_1E	0.999837389	Ependymal tumors	0.989	Posterior fossa group A (PFA) ependymoma	0.988	EPN PFA 1E	0.987
BS_BZVRE7D2	205589730146_R07C01	Other CNS Embryonal Tumours	0.999940092	Atypical Teratoid Rhabdoid Tumour	0.999930973	Atypical Teratoid Rhabdoid Tumour, MYC Activated	0.999776842	ATRT_MYC	0.999776842	SMARC-altered tumors	0.985	Atypical teratoid/rhabdoid tumor	0.985	ATRT MYC	0.984
BS_W0FSAQJ5	205624900022_R06C01	Mesenchymal, Non-Meningothelial Tumours Involving The CNS	0.999999796	Tumours Of Uncertain Differentiation	0.999999793	CIC-Rearranged Sarcoma	0.99999978	CNS_SARC_CIC	0.99999978	Mesenchymal tumors	0.989	CIC-rearranged sarcoma	0.988	CNS SARC CIC	0.988
BS_XWV59FVS	207343240057_R04C01	Paediatric-Type Diffuse High-Grade Gliomas	0.999659734	Diffuse Midline Glioma, H3k27-Altered	0.999632476	Diffuse Midline Glioma, H3 K27-Mutant / EZHIP Overexpressing	0.999632404	DMG_K27	0.999632404	Diffuse midline glioma, H3 K27-altered	0.987	Diffuse midline glioma, H3 K27-altered	0.987	DMG K27	0.986
BS_TDXY6H8G	205707900172_R07C01	Ependymal Tumours	0.999999389	Posterior Fossa Ependymoma Group A	0.999999236	Posterior Fossa Ependymoma Group A1	0.999994565	EPN_PFA_1E	0.995421677	Ependymal tumors	0.989	Posterior fossa group A (PFA) ependymoma	0.986	EPN PFA 1E	0.984
BS_FGRJS5SQ	205707890103_R01C01	Ependymal Tumours	0.999828962	Posterior Fossa Ependymoma Group A	0.999804763	Posterior Fossa Ependymoma Group A1	0.999750503	EPN_PFA_1F	0.999149732	Ependymal tumors	0.989	Posterior fossa group A (PFA) ependymoma	0.988	EPN PFA 1F	0.988
BS_QV86KKGV	205624900169_R02C01	Low-Grade Glial/Glioneuronal/Neuroepithelial Tumours	0.592191865	Low-Grade Ganglioglial/Neuroepithelial Tumour	0.544869417	Ganglioglioma	0.469795181	GG	0.469795181	Low-grade glial/glioneuronal tumors	0.988	Ganglioglioma	0.979	GG	0.979
BS_74T8QGDN	206402350106_R02C01	Cranial And Paraspinal Nerve Tumours	0.998971754	Schwann-Cell Tumours	0.968839324	Schwannoma	0.968799376	SCHW	0.968799376	Mesenchymal tumors	0.987	Schwannoma	0.656	SCHW	0.656
BS_QTWKCTS7	205676380130_R07C01	Paediatric-Type Diffuse High-Grade Gliomas	0.953025232	Paediatric-Type Diffuse High-Grade Gliomas	0.860265727	Diffuse Paediatric-Type High Grade Glioma, H3 Wildtype And IDH Wild Type, Subtype A\&B (Novel)	0.488747358	pedHGG_A	0.328812741	Pediatric-type high-grade gliomas	0.734	Diffuse pediatric-type high-grade glioma, H3-wildtype and IDH-wildtype	0.731	pedHGG MYCN	0.728
BS_J8KXGDXJ	205624870137_R03C01	Low-Grade Glial/Glioneuronal/Neuroepithelial Tumours	0.985841424	Low-Grade Ganglioglial/Neuroepithelial Tumour	0.984377243	Ganglioglioma	0.980448039	GG	0.980448039	Low-grade glial/glioneuronal tumors	0.989	Ganglioglioma	0.986	GG	0.986
BS_RWN4YX62	206402350011_R07C01	Ependymal Tumours	0.999955283	Supratentorial Ependymoma, ZFTA Fusion-Positive	0.999924	Supratentorial Ependymoma, ZFTA:rela Fusion-Positive	0.999874512	EPN_ST_ZFTA_RELA_A	0.999870102	Ependymal tumors	0.989	Supratentorial ependymoma, ZFTA fusion-positive	0.988	EPN ST ZFTA RELA	0.988
BS_TRDMP775	205624860132_R05C01	Medulloblastoma	0.999509538	Medulloblastoma, SHH-Activated	0.999398689	Medulloblastoma, SHH-Activated, Subtype 1	0.993230147	MB_SHH_1	0.993230147	Medulloblastoma	0.991	Medulloblastoma, SHH-activated	0.989	MB SHH 1	0.988
BS_DHR7058H	205657380102_R08C01	Low-Grade Glial/Glioneuronal/Neuroepithelial Tumours	0.999996361	Pilocytic Astrocytoma	0.99995956	Infratentorial Pilocytic Astrocytoma	0.999957251	PA_INF	0.999957251	Low-grade glial/glioneuronal tumors	0.99	Pilocytic astrocytoma	0.989	PA PF TYP	0.988
BS_ZSJEHWJM	205566000166_R06C01	Control Tissues	0.829735314	Control Brain Tissues	0.824086114	Control Tissue, Hemispheric Cortex	0.822292462	CTRL_HEMI	0.822292462	Low-grade glial/glioneuronal tumors	0.953	Ganglioglioma	0.904	GG	0.904
BS_SRXD3BH3	205707900163_R03C01	Other CNS Embryonal Tumours	0.997668851	Atypical Teratoid Rhabdoid Tumour	0.997527073	Atypical Teratoid Rhabdoid Tumour, SHH Activated	0.997288491	ATRT_SHH	0.997288491	SMARC-altered tumors	0.976	Atypical teratoid/rhabdoid tumor	0.976	ATRT SHH	0.975
BS_6RRQZCP7	206390560164_R07C01	Paediatric-Type Diffuse High-Grade Gliomas	0.999955752	Paediatric-Type Diffuse High-Grade Gliomas	0.999955144	Diffuse Hemispheric Glioma, H3 G34-Mutant	0.999949796	DHG_G34	0.999949796	Pediatric-type high-grade gliomas	0.987	Diffuse hemispheric glioma, H3 G34-mutant	0.985	DHG G34	0.985
BS_1DCQEBTG	206402350087_R07C01	Cranial And Paraspinal Nerve Tumours	0.344644142	Schwann-Cell Tumours	0.226561937	Schwannoma	0.212087548	SCHW	0.212087548	Mesenchymal tumors	0.943	Schwannoma	0.488	SCHW	0.488
BS_QSN1ANPN	205676380032_R02C01	Low-Grade Glial/Glioneuronal/Neuroepithelial Tumours	0.999935596	Pilocytic Astrocytoma	0.999805657	Infratentorial Pilocytic Astrocytoma	0.999718315	PA_INF	0.999718315	Low-grade glial/glioneuronal tumors	0.989	Pilocytic astrocytoma	0.988	PA PF TYP	0.988
BS_WHJTDF8Q	206390560131_R03C01	Tumours Of The Sellar Region	0.999990139	PitNET	0.999990119	PitNET, Prolactin-Subtype	0.999867435	PITNET_PRL	0.999867435	Neuroendocrine tumors	0.985	Pituitary adenoma / pituitary neuroendocrine tumor	0.978	PITAD PRL	0.935
BS_JHTEHZ43	206402350054_R05C01	Meningioma	0.990882972	Meningioma	0.990882972	Meningioma, Benign	0.983832373	MNG_BEN_1	0.872174819	Meningioma	0.987	Meningioma, benign	0.986	MNG BEN 1	0.985
BS_STN5XQAC	206430120130_R05C01	Ependymal Tumours	0.194924696	Control Brain Tissues	0.118050408	Control Tissue, Hemispheric Cortex	0.103873258	CTRL_HEMI	0.103873258	Low-grade glial/glioneuronal tumors	0.829	Ganglioglioma	0.798	GG	0.798
BS_6HKMJ4EK	205624870061_R02C01	Ependymal Tumours	0.999994662	Posterior Fossa Ependymoma Group A	0.999993819	Posterior Fossa Ependymoma Group A1	0.999989386	EPN_PFA_1A	0.999570525	Ependymal tumors	0.989	Posterior fossa group A (PFA) ependymoma	0.987	EPN PFA 1A	0.986
BS_SPV8AHH5	205624900172_R06C01	Paediatric-Type Diffuse High-Grade Gliomas	0.999759216	Diffuse Midline Glioma, H3k27-Altered	0.999731556	Diffuse Midline Glioma, H3 K27-Mutant / EZHIP Overexpressing	0.999731297	DMG_K27	0.999731297	Diffuse midline glioma, H3 K27-altered	0.987	Diffuse midline glioma, H3 K27-altered	0.987	DMG K27	0.986
BS_4BJMWMF2	206402350117_R08C01	Ependymal Tumours	0.997798378	Posterior Fossa Ependymoma Group A	0.996062819	Posterior Fossa Ependymoma Group A1	0.993426547	EPN_PFA_1C	0.967169822	Ependymal tumors	0.989	Posterior fossa group A (PFA) ependymoma	0.988	EPN PFA 1C	0.988
BS_BVY22A4P	205707900137_R03C01	Ependymal Tumours	0.999999999	Supratentorial Ependymoma, ZFTA Fusion-Positive	0.999999994	Supratentorial Ependymoma, ZFTA:rela Fusion-Positive	0.999999988	EPN_ST_ZFTA_RELA_A	0.999999987	Ependymal tumors	0.989	Supratentorial ependymoma, ZFTA fusion-positive	0.988	EPN ST ZFTA RELA	0.988
BS_YKFX7YSV	205707910014_R05C01	Ependymal Tumours	0.999999976	Supratentorial Ependymoma, ZFTA Fusion-Positive	0.999999856	Supratentorial Ependymoma, ZFTA:rela Fusion-Positive	0.999999497	EPN_ST_ZFTA_RELA_A	0.999999495	Ependymal tumors	0.989	Supratentorial ependymoma, ZFTA fusion-positive	0.988	EPN ST ZFTA RELA	0.988
BS_RZDHPRJB	205589730030_R07C01	Ependymal Tumours	0.969695096	Spinal Ependymoma (myxopapillary-enriched)	0.953916493	Spinal Ependymoma (myxopapillary-enriched)	0.953916493	EPN_MPE	0.953916493	Ependymal tumors	0.984	Myxopapillary ependymoma	0.883	EPN MPE A	0.875
BS_AYHVKJ7D	206402350019_R02C01	Medulloblastoma	0.998177595	Medulloblastoma, SHH-Activated	0.997698856	Medulloblastoma, SHH-Activated, Subtype 2	0.543488329	MB_SHH_2	0.543488329	Medulloblastoma	0.99	Medulloblastoma, SHH-activated	0.987	MB SHH 1	0.986
BS_X2FVRH45	205707900163_R05C01	Other CNS Embryonal Tumours	0.999988555	Atypical Teratoid Rhabdoid Tumour	0.995882899	Atypical Teratoid Rhabdoid Tumour, Tyrosinase Activated	0.995882048	ATRT_TYR	0.995882048	SMARC-altered tumors	0.987	Atypical teratoid/rhabdoid tumor	0.986	ATRT TYR	0.985
BS_XQ5CSC8B	205657390049_R06C01	Medulloblastoma	0.999534559	Medulloblastoma Non-WNT/Non-SHH Activated	0.999441779	Medulloblastoma Group 4	0.996042152	MB_G34_VII	0.989838452	Medulloblastoma	0.991	Medulloblastoma, non-WNT/non-SHH, Group 4	0.989	MB G4 VII	0.988
BS_7RFHADQQ	206402350045_R05C01	Control Tissues	0.923423352	Control Brain Tissues	0.923248179	Control Tissue, White Matter (Corpus Callosum)	0.915208232	CTRL_CORPCAL	0.915208232	Control tissues	0.362	Control tissue, corpus callosum	0.253	CONTR CORPCAL	0.253
BS_J2914XTS	207356840021_R06C01	Paediatric-Type Diffuse High-Grade Gliomas	0.999926615	Paediatric-Type Diffuse High-Grade Gliomas	0.999924722	Diffuse Paediatric-Type High Grade Glioma, RTK2 Subtype	0.999467763	pedHGG_RTK2A	0.999467744	Pediatric-type high-grade gliomas	0.987	Diffuse pediatric-type high-grade glioma, H3-wildtype and IDH-wildtype	0.986	pedHGG RTK2A	0.985
BS_JW972W1S	207356840128_R08C01	Adult-Type Diffuse Gliomas	0.942039012	Diffuse Glioma, IDH Mutant	0.933037981	Diffuse Glioma, IDH-Mutant And 1p19q Retained [Astroglial Type]	0.929729456	A_IDH_HG	0.921645534	Diffuse glioma, IDH-mutant	0.83	Astrocytoma, IDH-mutant, high-grade	0.829	A IDH HG	0.829
BS_W8W6G0RT	206402350063_R03C01	Paediatric-Type Diffuse High-Grade Gliomas	0.999999022	Paediatric-Type Diffuse High-Grade Gliomas	0.999999016	Diffuse Paediatric-Type High Grade Glioma, RTK1 Subtype	0.999998302	pedHGG_RTK1A	0.999997451	Pediatric-type high-grade gliomas	0.987	Diffuse pediatric-type high-grade glioma, H3-wildtype and IDH-wildtype	0.986	pedHGG RTK1A	0.985
BS_DXGMJJJK	205589730145_R05C01	Ependymal Tumours	0.999743301	Supratentorial Ependymoma, ZFTA Fusion-Positive	0.999672327	Supratentorial Ependymoma, ZFTA:rela Fusion-Positive	0.998293848	EPN_ST_ZFTA_RELA_A	0.998268516	Ependymal tumors	0.989	Supratentorial ependymoma, ZFTA fusion-positive	0.987	EPN ST ZFTA RELA	0.987
BS_Z1CCVC65	205624860108_R01C01	Low-Grade Glial/Glioneuronal/Neuroepithelial Tumours	0.999577767	Low-Grade Glioneuronal Tumour	0.999577761	Diffuse Glioneuronal Tumour With Oligodendroglioma-Like Features And Nuclear Clusters	0.99957757	DGONC	0.99957757	CNS neuroblastoma, FOXR2-altered and DGONC	0.97	Diffuse glioneuronal tumor with oligodendroglioma-like features and nuclear clusters	0.968	DGONC	0.968
BS_4S165JR7	205676380032_R05C01	Ependymal Tumours	0.984209833	Posterior Fossa Ependymoma Group A	0.979935615	Posterior Fossa Ependymoma Group A1	0.97385704	EPN_PFA_1F	0.624683224	Ependymal tumors	0.989	Posterior fossa group A (PFA) ependymoma	0.75	EPN PFA 1B	0.366
BS_3QR05NT0	206390560077_R01C01	Pineal Parenchymal And Retinal Tumours	0.999864745	Pineoblastoma, MYC/FOXR2-Activated	0.999864356	Pineoblastoma, MYC/FOXR2-Activated	0.999864356	PB_FOXR2	0.999864356	Pineal region tumors and retinoblastoma	0.981	Pineoblastoma	0.98	PB MYC/FOXR2	0.979
BS_B70XXJRP	206402350029_R01C01	Mesenchymal, Non-Meningothelial Tumours Involving The CNS	0.98764218	Tumours Of Uncertain Differentiation	0.987356411	Ewing Sarcoma	0.986485259	EWS	0.986485259	Neuroblastic embryonal tumors	0.984	Ewing sarcoma	0.978	EWS	0.978
BS_Y6TFD4M1	205707900107_R06C01	Ependymal Tumours	0.99647154	Spinal Ependymoma	0.992455403	Spinal Ependymoma	0.992402823	EPN_SPINE	0.992402823	Ependymal tumors	0.989	Spinal ependymoma	0.981	EPN SPINE	0.981
BS_SH1ET65Z	205567990072_R06C01	Low-Grade Glial/Glioneuronal/Neuroepithelial Tumours	0.998617675	Pilocytic Astrocytoma	0.996831405	Infratentorial Pilocytic Astrocytoma	0.977552933	PA_INF_FGFR	0.977552933	Low-grade glial/glioneuronal tumors	0.99	Pilocytic astrocytoma	0.972	PA PF TYP	0.956
BS_6TNM4BXN	205122170033_R02C01	Low-Grade Glial/Glioneuronal/Neuroepithelial Tumours	0.992474934	Low-Grade Ganglioglial/Neuroepithelial Tumour	0.990562463	Supratentorial Pilocytic Astrocytoma	0.585342941	PA_CORT	0.585342941	Low-grade glial/glioneuronal tumors	0.989	Ganglioglioma	0.986	GG	0.986
BS_XNR6T9GM	206402350045_R08C01	Paediatric-Type Diffuse High-Grade Gliomas	0.996865366	Diffuse Midline Glioma, H3k27-Altered	0.996751434	Diffuse Midline Glioma, H3 K27-Mutant / EZHIP Overexpressing	0.996723744	DMG_K27	0.996723744	Diffuse midline glioma, H3 K27-altered	0.941	Diffuse midline glioma, H3 K27-altered	0.941	DMG K27	0.941
BS_4SDCAET8	205707890156_R04C01	Haematolymphoid Tumours Involving The CNS	0.375530031	B Cell Neoplasm	0.374377105	Plasma Cell Tumours Of The CNS	0.361838956	PLASMACT	0.361838956	Hematopoietic tumors	0.987	Primary diffuse large B-cell lymphoma of the CNS	0.904	DLBCL	0.904
BS_J75KMWCZ	206390560168_R06C01	Choroid Plexus Tumours	0.999654349	Choroid Plexus Tumours	0.999654349	Choroid Plexus Tumours Subtype A	0.99951560800000006	CPT_PED_A	0.999122848	Choroid plexus tumors	0.987	Choroid plexus papilloma	0.986	CPP PED	0.986
BS_ZB00HB76	206402350117_R05C01	Ependymal Tumours	0.869904117	Posterior Fossa Ependymoma Group A	0.814221622	Posterior Fossa Ependymoma Group A1	0.779467032	EPN_PFA_1C	0.511587444	Ependymal tumors	0.989	Posterior fossa group A (PFA) ependymoma	0.987	EPN PFA 1C	0.987
BS_DC4MVDEJ	206390560119_R02C01	Meningioma	0.375701003	Meningioma	0.375701003	Meningioma, Benign	0.334470832	MNG_BEN_3	0.318563004	Mesenchymal tumors	0.946	CIC-rearranged sarcoma	0.29	CNS SARC CIC	0.29
BS_QWEGKBAT	206390560101_R01C01	Low-Grade Glial/Glioneuronal/Neuroepithelial Tumours	0.180591235	Diffuse Glioneuronal Tumours	0.139928973	Diffuse Leptomeningeal Glioneuronal Tumour	0.133020745	DLGNT_2	0.130610522	Intermediate-grade IDH-wildtype gliomas	0.882	High-grade astrocytoma with piloid features	0.193	HGAP	0.178
BS_N9WQE4F6	206402350026_R05C01	Low-Grade Glial/Glioneuronal/Neuroepithelial Tumours	0.999331419	Low-Grade Ganglioglial/Neuroepithelial Tumour	0.992588873	Supratentorial Pilocytic Astrocytoma	0.99258224	PA_CORT	0.99258224	Low-grade glial/glioneuronal tumors	0.99	Pilocytic astrocytoma	0.988	PA ST	0.986
BS_STP5K7T2	205707890103_R03C01	Control Tissues	0.901001772	Control Brain Tissues	0.900689669	Control Tissue, White Matter (Corpus Callosum)	0.842850968	CTRL_CORPCAL	0.842850968	Control tissues	0.92	Control tissue, corpus callosum	0.832	CONTR CORPCAL	0.832
BS_HG8GSFR0	205624870063_R02C01	Low-Grade Glial/Glioneuronal/Neuroepithelial Tumours	0.999999987	Pilocytic Astrocytoma	0.999999984	Supratentorial Midline Pilocytic Astrocytoma	0.999999973	PA_MID	0.999999973	Low-grade glial/glioneuronal tumors	0.99	Pilocytic astrocytoma	0.988	PA MID	0.987
BS_WHKQBZG4	205566000058_R06C01	Low-Grade Glial/Glioneuronal/Neuroepithelial Tumours	0.998295636	Pilocytic Astrocytoma	0.997695119	Infratentorial Pilocytic Astrocytoma	0.995163818	PA_INF	0.995163818	Low-grade glial/glioneuronal tumors	0.99	Pilocytic astrocytoma	0.989	PA PF TYP	0.988
BS_Z8QS0EQ6	205624900074_R07C01	Ependymal Tumours	0.997690188	Posterior Fossa Ependymoma Group A	0.997195639	Posterior Fossa Ependymoma Group A1	0.994622145	EPN_PFA_1E	0.791321229	Ependymal tumors	0.989	Posterior fossa group A (PFA) ependymoma	0.878	EPN PFA 1C	0.431
BS_FMYA3W47	205676380113_R08C01	Control Tissues	0.970582465	Control Brain Tissues	0.970582408	Control Tissue, Cerebellar Hemisphere	0.970582176	CTRL_CBM	0.970582176	Low-grade glial/glioneuronal tumors	0.989	Pilocytic astrocytoma	0.988	PA PF VAR	0.987
BS_FJEQ3VXY	205624880007_R03C01	Other CNS Embryonal Tumours	0.999359147	CNS Neuroblastoma, FOXR2-Altered	0.99932884	CNS Neuroblastoma, FOXR2-Altered	0.99932884	CNS_NB_FOXR2	0.99932884	CNS neuroblastoma, FOXR2-altered and DGONC	0.98	CNS neuroblastoma, FOXR2-activated	0.979	CNS NB FOXR2	0.979
BS_V839GTGE	206390560130_R05C01	Low-Grade Glial/Glioneuronal/Neuroepithelial Tumours	0.999889409	Low-Grade Glioneuronal Tumour	0.999791927	Dysembryoplastic Neuroepithelial Tumour	0.948235073	DNET	0.948235073	Low-grade glial/glioneuronal tumors	0.99	Dysembryoplastic neuroepithelial tumor	0.983	DNT	0.983
BS_69KSKWE4	205624900111_R07C01	Inflammatory Microenvironment	0.303962548	Inflammatory Microenvironment	0.303962548	Inflammatory Microenvironment	0.303962548	INFLAM_ENV	0.303962548	Mesenchymal tumors	0.255	Malignant melanotic nerve sheath tumor	0.209	MMNST	0.209
BS_19M1VYF8	205125590007_R02C01	Low-Grade Glial/Glioneuronal/Neuroepithelial Tumours	0.999956164	Pilocytic Astrocytoma	0.999849409	Infratentorial Pilocytic Astrocytoma	0.999796916	PA_INF	0.999796916	Low-grade glial/glioneuronal tumors	0.989	Pilocytic astrocytoma	0.988	PA PF TYP	0.988
BS_A83P2345	206402350011_R02C01	Medulloblastoma	0.999851142	Medulloblastoma, SHH-Activated	0.99981587	Medulloblastoma, SHH-Activated, Subtype 4	0.993836299	MB_SHH_4	0.993836299	Medulloblastoma	0.991	Medulloblastoma, SHH-activated	0.989	MB SHH 4	0.988
BS_XWNMBG3K	206402350046_R01C01	Control Tissues	0.983690581	Control Brain Tissues	0.983690576	Control Tissue, Cerebellar Hemisphere	0.983690559	CTRL_CBM	0.983690559	Low-grade glial/glioneuronal tumors	0.974	Pilocytic astrocytoma	0.974	PA PF VAR	0.973
BS_6ZSPAKYX	205567980059_R08C01	Paediatric-Type Diffuse High-Grade Gliomas	0.605255274	Paediatric-Type Diffuse High-Grade Gliomas	0.603156737	Diffuse Paediatric-Type High Grade Glioma, MYCN Subtype	0.592951749	pedHGG_MYCN	0.592951749	Ependymal tumors	0.958	Supratentorial ependymoma, ZFTA fusion-positive	0.436	EPN ST ZFTA RELA	0.383
BS_9NAHFT6J	206402350044_R03C01	Adult-Type Diffuse Gliomas	0.345801416	Glioblastoma, IDH-Wildtype	0.292598227	Glioblastoma, IDH-Wildtype, Mesenchymal Type	0.286769619	GBM_MES_TYP	0.281757292	Low-grade glial/glioneuronal tumors	0.734	Pilocytic astrocytoma	0.718	PA PF TYP	0.707
BS_XWG2E2Z3	205566000010_R02C01	Control Tissues	0.996307558	Control Brain Tissues	0.996307558	Control Tissue, Cerebellar Hemisphere	0.996307556	CTRL_CBM	0.996307556	Low-grade glial/glioneuronal tumors	0.98	Pilocytic astrocytoma	0.979	PA PF VAR	0.979
BS_FS3DD2PH	205657390069_R06C01	Central Neurocytoma	0.999168932	Central Neurocytoma	0.999168932	Central Neurocytoma	0.999168932	CN	0.999168932	Low-grade glial/glioneuronal tumors	0.988	Central neurocytoma	0.986	CN	0.986
BS_42406NQ0	206390560167_R04C01	Paediatric-Type Diffuse High-Grade Gliomas	0.963817522	Diffuse Midline Glioma, H3k27-Altered	0.962425046	Diffuse Midline Glioma, H3 K27-Mutant / EZHIP Overexpressing	0.95831877	DMG_K27	0.95831877	Diffuse midline glioma, H3 K27-altered	0.982	Diffuse midline glioma, H3 K27-altered	0.982	DMG K27	0.982
BS_Z7EPXNKY	205657380092_R07C01	Ependymal Tumours	0.999869579	Posterior Fossa Ependymoma Group A	0.999831547	Posterior Fossa Ependymoma Group A1	0.999620366	EPN_PFA_1C	0.914140851	Ependymal tumors	0.989	Posterior fossa group A (PFA) ependymoma	0.971	EPN PFA 1C	0.953
BS_P14GK1PS	206390560188_R04C01	Medulloblastoma	0.990471976	Medulloblastoma, SHH-Activated	0.987567935	Medulloblastoma, SHH-Activated, Subtype 2	0.750125257	MB_SHH_2	0.750125257	Medulloblastoma	0.991	Medulloblastoma, SHH-activated	0.884	MB SHH 4	0.447
BS_F0ECDPFQ	206390560086_R08C01	Paediatric-Type Diffuse High-Grade Gliomas	0.998911459	Diffuse Midline Glioma, H3k27-Altered	0.998783083	Diffuse Midline Glioma, H3 K27-Mutant / EZHIP Overexpressing	0.998775245	DMG_K27	0.998775245	Diffuse midline glioma, H3 K27-altered	0.985	Diffuse midline glioma, H3 K27-altered	0.985	DMG K27	0.985
BS_T1BECW62	205125590007_R07C01	Medulloblastoma	0.993553965	Medulloblastoma, SHH-Activated	0.991805099	Medulloblastoma, SHH-Activated, Subtype 1	0.743658725	MB_SHH_1	0.743658725	Medulloblastoma	0.99	Medulloblastoma, SHH-activated	0.842	MB SHH 1	0.709
BS_YZGBDN88	206430120112_R06C01	Other CNS Embryonal Tumours	0.998649462	Atypical Teratoid Rhabdoid Tumour	0.980713304	Atypical Teratoid Rhabdoid Tumour, Tyrosinase Activated	0.978442919	ATRT_TYR	0.978442919	SMARC-altered tumors	0.983	Atypical teratoid/rhabdoid tumor	0.983	ATRT TYR	0.981
BS_G00Z43JE	206402350009_R05C01	Control Tissues	0.844020036	Control Brain Tissues	0.840064417	Control Tissue, Hemispheric Cortex	0.838238216	CTRL_HEMI	0.838238216	Control tissues	0.776	Control tissue, cerebral hemisphere	0.47	CONTR HEMI	0.47
BS_H3HSHNYM	206402350106_R08C01	Cranial And Paraspinal Nerve Tumours	0.310537567	Malignant Peripheral Nerve-Sheath Tumour	0.207936365	Malignant Peripheral Nerve Sheath Tumour [Spinal Or Atypical Type]	0.176752466	MPNST_ATYP	0.176752466	Mesenchymal tumors	0.989	Chondrosarcoma	0.631	CSA CC	0.554
BS_5N135MFV	206402350020_R08C01	Control Tissues	0.820393705	Control Brain Tissues	0.820393615	Control Tissue, Cerebellar Hemisphere	0.820393349	CTRL_CBM	0.820393349	Low-grade glial/glioneuronal tumors	0.758	Pilocytic astrocytoma	0.757	PA PF VAR	0.756
BS_DWPQ61FC	206430120127_R04C01	Medulloblastoma	0.99979248	Medulloblastoma Non-WNT/Non-SHH Activated	0.999767721	Medulloblastoma Group 3	0.99955682	MB_G34_III	0.985546727	Medulloblastoma	0.991	Medulloblastoma, non-WNT/non-SHH, Group 3	0.988	MB G3 III	0.987
BS_T47KCS4P	206390560039_R02C01	Adult-Type Diffuse Gliomas	0.975688514	Diffuse Glioma, IDH Mutant	0.974187165	Diffuse Glioma, IDH-Mutant And 1p19q Retained [Astroglial Type]	0.945059571	A_IDH_LG	0.801071691	Diffuse glioma, IDH-mutant	0.984	Astrocytoma, IDH-mutant, lower-grade	0.982	A IDH LG	0.982
BS_DAMRZ72S	205676390133_R04C01	Medulloblastoma	0.995516742	Medulloblastoma Non-WNT/Non-SHH Activated	0.994848385	Medulloblastoma Group 4	0.993782069	MB_G34_VIII	0.985154276	Medulloblastoma	0.991	Medulloblastoma, non-WNT/non-SHH, Group 4	0.989	MB G4 VIII	0.988
BS_XZWM6GNZ	205707910024_R02C01	Ependymal Tumours	0.999978666	Posterior Fossa Ependymoma Group A	0.999975132	Posterior Fossa Ependymoma Group A2	0.999973074	EPN_PFA_2A	0.996165012	Ependymal tumors	0.989	Posterior fossa group A (PFA) ependymoma	0.986	EPN PFA 2A	0.984
BS_BSZBVXQ2	205982900127_R03C01	Control Tissues	0.999799226	Control Brain Tissues	0.999798625	Control Tissue, Hemispheric Cortex	0.999791161	CTRL_HEMI	0.999791161	Control tissues	0.983	Control tissue, cerebral hemisphere	0.967	CONTR HEMI	0.967
BS_QRNHR7M9	206430120135_R03C01	Other CNS Embryonal Tumours	0.992837822	Atypical Teratoid Rhabdoid Tumour	0.992175957	Atypical Teratoid Rhabdoid Tumour, MYC Activated	0.988842448	ATRT_MYC	0.988842448	SMARC-altered tumors	0.984	Atypical teratoid/rhabdoid tumor	0.984	ATRT MYC	0.971
BS_RJMW12ZA	205676390090_R03C01	Paediatric-Type Diffuse High-Grade Gliomas	0.999946034	Paediatric-Type Diffuse High-Grade Gliomas	0.999944645	Diffuse Paediatric-Type High Grade Glioma, RTK1 Subtype	0.999917127	pedHGG_RTK1A	0.999891357	Pediatric-type high-grade gliomas	0.987	Diffuse pediatric-type high-grade glioma, H3-wildtype and IDH-wildtype	0.986	pedHGG RTK1A	0.985
BS_N0553FJB	205566000004_R08C01	Mesenchymal, Non-Meningothelial Tumours Involving The CNS	0.148967532	Notochordal Tumours	0.122830421	Chordoma	0.122830421	CHORDM	0.122830421	Mesenchymal tumors	0.98	Poorly differentiated chordoma	0.327	CHORDM PD	0.289
BS_EQX67B7H	205624900074_R08C01	Low-Grade Glial/Glioneuronal/Neuroepithelial Tumours	0.999630876	Low-Grade Ganglioglial/Neuroepithelial Tumour	0.996044112	Supratentorial Pilocytic Astrocytoma	0.996041235	PA_CORT	0.996041235	Low-grade glial/glioneuronal tumors	0.99	Pilocytic astrocytoma	0.988	PA ST	0.987
BS_D0KV2X28	206430120155_R07C01	Meningioma	0.992054471	Meningioma	0.992054471	Meningioma, Benign	0.985868479	MNG_BEN_1	0.984355416	Meningioma	0.985	Meningioma, benign	0.983	MNG BEN 1	0.982
BS_K3XA1CFD	205624860108_R04C01	Ependymal Tumours	0.227353829	Paediatric-Type Diffuse High-Grade Gliomas	0.130086882	Diffuse Paediatric-Type High Grade Glioma, MYCN Subtype	0.07719231	pedHGG_MYCN	0.07719231	Pediatric-type high-grade gliomas	0.441	Diffuse pediatric-type high-grade glioma, H3-wildtype and IDH-wildtype	0.196	pedHGG MYCN	0.181
BS_G4Y34Z7A	205122170055_R08C01	Low-Grade Glial/Glioneuronal/Neuroepithelial Tumours	0.996132991	Pilocytic Astrocytoma	0.994483191	Infratentorial Pilocytic Astrocytoma	0.99386426	PA_INF	0.99386426	Low-grade glial/glioneuronal tumors	0.99	Pilocytic astrocytoma	0.93	PA PF TYP	0.658
BS_S475E17R	205676390174_R05C01	Paediatric-Type Diffuse High-Grade Gliomas	0.997866579	Diffuse Midline Glioma, H3k27-Altered	0.997669972	Diffuse Midline Glioma, H3 K27-Mutant / EZHIP Overexpressing	0.997226218	DMG_K27	0.997226218	Diffuse midline glioma, H3 K27-altered	0.985	Diffuse midline glioma, H3 K27-altered	0.985	DMG K27	0.985
BS_KP7VAZJZ	206390560134_R06C01	Mesenchymal, Non-Meningothelial Tumours Involving The CNS	0.398408111	Notochordal Tumours	0.285607281	Chordoma	0.285607281	CHORDM	0.285607281	Mesenchymal tumors	0.973	Chondrosarcoma	0.684	CSA CC	0.591
BS_7R0JWX21	205657380174_R02C01	Adult-Type Diffuse Gliomas	0.906939778	Glioblastoma, IDH-Wildtype	0.901613556	Glioblastoma, IDH-Wildtype, Mesenchymal Type	0.900566089	GBM_MES_TYP	0.899203791	Low-grade glial/glioneuronal tumors	0.923	Ganglioglioma	0.451	GG	0.417
BS_FARP2SQ9	205128000035_R01C01	Other CNS Embryonal Tumours	0.998228224	Atypical Teratoid Rhabdoid Tumour	0.997858433	Atypical Teratoid Rhabdoid Tumour, MYC Activated	0.95727558	ATRT_MYC	0.95727558	SMARC-altered tumors	0.987	Atypical teratoid/rhabdoid tumor	0.987	ATRT MYC	0.985
BS_EZ2DCDMA	205624900145_R08C01	Low-Grade Glial/Glioneuronal/Neuroepithelial Tumours	0.736560172	Pilocytic Astrocytoma	0.632140715	Infratentorial Pilocytic Astrocytoma	0.327811504	PA_INF	0.327811504	Low-grade glial/glioneuronal tumors	0.989	Pilocytic astrocytoma	0.988	PA PF TYP	0.987
BS_BK32ZR7J	205624900061_R01C01	Low-Grade Glial/Glioneuronal/Neuroepithelial Tumours	0.626667415	Pilocytic Astrocytoma	0.541087291	Infratentorial Pilocytic Astrocytoma	0.467816314	PA_INF	0.467816314	Low-grade glial/glioneuronal tumors	0.98	Pilocytic astrocytoma	0.978	PA PF TYP	0.977
BS_1FQYBQ1P	205657390084_R02C01	Control Tissues	0.999997196	Control Brain Tissues	0.999997196	Control Tissue, Cerebellar Hemisphere	0.999997196	CTRL_CBM	0.999997196	Control tissues	0.983	Control tissue, cerebellum	0.962	CONTR CEBM	0.962
BS_D7WTD252	205657390087_R01C01	Mesenchymal, Non-Meningothelial Tumours Involving The CNS	0.999840221	Tumours Of Uncertain Differentiation	0.999836131	Ewing Sarcoma	0.999828873	EWS	0.999828873	Neuroblastic embryonal tumors	0.984	Ewing sarcoma	0.981	EWS	0.981
BS_7J05ME1K	206390560071_R06C01	Choroid Plexus Tumours	0.999980728	Choroid Plexus Tumours	0.999980728	Choroid Plexus Tumours Subtype A	0.999980217	CPT_AD_A	0.999936697	Choroid plexus tumors	0.984	Choroid plexus papilloma	0.983	CPP AD	0.983
BS_1ZAER3AN	206390560158_R04C01	Paediatric-Type Diffuse High-Grade Gliomas	0.919264474	Paediatric-Type Diffuse High-Grade Gliomas	0.918363616	Diffuse Paediatric-Type High Grade Glioma, RTK1 Subtype	0.887566028	pedHGG_RTK1A	0.537528087	Pediatric-type high-grade gliomas	0.965	Diffuse pediatric-type high-grade glioma, H3-wildtype and IDH-wildtype	0.949	pedHGG RTK1B	0.926
BS_SC5WJWHW	206402350117_R06C01	Ependymal Tumours	0.879191519	Posterior Fossa Ependymoma Group A	0.830513203	Posterior Fossa Ependymoma Group A1	0.811350012	EPN_PFA_1D	0.308805176	Ependymal tumors	0.988	Posterior fossa group A (PFA) ependymoma	0.978	EPN PFA 1C	0.973
BS_C6CAKG22	205676380026_R08C01	Ependymal Tumours	0.999912277	Posterior Fossa Ependymoma Group A	0.999884828	Posterior Fossa Ependymoma Group A1	0.999769505	EPN_PFA_1C	0.994118826	Ependymal tumors	0.989	Posterior fossa group A (PFA) ependymoma	0.986	EPN PFA 1C	0.985
BS_G9HXHQQG	205657390049_R08C01	Adult-Type Diffuse Gliomas	0.999992366	Diffuse High-Grade Neuroepithelial Tumour [Adult-Type]	0.999992366	Diffuse High-Grade Neuroepithelial Tumour [Adult-Type, Non-Defined Type E]	0.999922746	HGG_E	0.999922746	Intermediate-grade IDH-wildtype gliomas	0.561	Diffuse high-grade glioma, IDH-wildtype, subtype E	0.561	HGG E	0.561
BS_49BEAS87	207356840008_R04C01	Other CNS Embryonal Tumours	0.99996135	Atypical Teratoid Rhabdoid Tumour	0.999954607	Atypical Teratoid Rhabdoid Tumour, SHH Activated	0.999783927	ATRT_SHH	0.999783927	SMARC-altered tumors	0.987	Atypical teratoid/rhabdoid tumor	0.987	ATRT SHH	0.985
BS_46Z9EAAS	207356850179_R08C01	Paediatric-Type Diffuse High-Grade Gliomas	0.876514492	Diffuse Midline Glioma, H3k27-Altered	0.83991493800000006	Diffuse Midline Glioma, H3 K27-Mutant / EZHIP Overexpressing	0.831480746	DMG_K27	0.831480746	Diffuse midline glioma, H3 K27-altered	0.985	Diffuse midline glioma, H3 K27-altered	0.985	DMG K27	0.985
BS_A9QBBVXQ	205566000036_R01C01	Ependymal Tumours	0.99999731	Posterior Fossa Ependymoma Group A	0.999996901	Posterior Fossa Ependymoma Group A2	0.999996717	EPN_PFA_2A	0.999711044	Ependymal tumors	0.989	Posterior fossa group A (PFA) ependymoma	0.987	EPN PFA 2A	0.986
BS_37AFTBAM	205676390146_R06C01	Control Tissues	0.801110642	Control Brain Tissues	0.797666408	Control Tissue, Hemispheric Cortex	0.795318779	CTRL_HEMI	0.795318779	Low-grade glial/glioneuronal tumors	0.543	Ganglioglioma	0.533	GG	0.533
BS_DKAAWQ8E	205589730005_R01C01	Adult-Type Diffuse Gliomas	0.320100518	Glioblastoma, IDH-Wildtype	0.307384516	Glioblastoma, IDH-Wildtype, Mesenchymal Type	0.298028448	GBM_MES_TYP	0.277746441	Glioblastoma, IDH-wildtype	0.702	Glioblastoma, IDH-wildtype	0.702	GBM MES TYP	0.7
BS_6M8GG1M8	205707910024_R03C01	Other CNS Embryonal Tumours	0.999998068	CNS BCOR-Altered Tumours	0.999997964	Neuroepithelial Tumour With BCOR Internal Tandem Duplication	0.999997963	CNS_BCOR_ITD	0.999997963	BCOR-altered tumors	0.987	CNS tumor with BCOR internal tandem duplication	0.987	CNS BCOR ITD	0.987
BS_Y97NJDFK	205624900023_R05C01	Adult-Type Diffuse Gliomas	0.680516639	Diffuse Glioma, IDH Mutant	0.650094286	Diffuse Glioma, IDH-Mutant And 1p19q Retained [Astroglial Type]	0.610150697	A_IDH_LG	0.571623794	Diffuse glioma, IDH-mutant	0.986	Astrocytoma, IDH-mutant, high-grade	0.776	A IDH HG	0.776
BS_Z71YG09F	205657390069_R02C01	Ependymal Tumours	0.999999989	Supratentorial Ependymoma, ZFTA Fusion-Positive	0.999999952	Supratentorial Ependymoma, ZFTA:rela Fusion-Positive	0.999999907	EPN_ST_ZFTA_RELA_A	0.999999902	Ependymal tumors	0.989	Supratentorial ependymoma, ZFTA fusion-positive	0.987	EPN ST ZFTA RELA	0.987
BS_TSMCMNRT	206402350046_R07C01	Control Tissues	0.493623396	Control Brain Tissues	0.492016973	Control Tissue, Hypothalamus	0.255128809	CTRL_HYPOTHAL	0.255128809	Control tissues	0.794	Control tissue, optic pathway	0.667	CONTR OPTIC	0.667
BS_XD92SDCX	206390560112_R08C01	Paediatric-Type Diffuse High-Grade Gliomas	0.999767045	Diffuse Midline Glioma, H3k27-Altered	0.999763655	Diffuse Midline Glioma, H3 K27-Mutant / EZHIP Overexpressing	0.99976365	DMG_K27	0.99976365	Diffuse midline glioma, H3 K27-altered	0.987	Diffuse midline glioma, H3 K27-altered	0.987	DMG K27	0.987
BS_YCR6EMMW	206402350106_R01C01	Control Tissues	0.294579618	Control Brain Tissues	0.279708532	Control Tissue, Hemispheric Cortex	0.271042533	CTRL_HEMI	0.271042533	Low-grade glial/glioneuronal tumors	0.77	Ganglioglioma	0.351	GG	0.351
BS_8C1DRATT	205624900125_R07C01	Other CNS Embryonal Tumours	0.936460689	Atypical Teratoid Rhabdoid Tumour	0.932193496	Atypical Teratoid Rhabdoid Tumour, SHH Activated	0.927236782	ATRT_SHH	0.927236782	SMARC-altered tumors	0.324	Atypical teratoid/rhabdoid tumor	0.324	ATRT SHH	0.323
BS_G1GV5QAD	206402350009_R02C01	Ependymal Tumours	0.183976363	Germ Cell Tumours Of The CNS	0.080420108	(Immature) Teratoma	0.076391097	GCT_TERA	0.076391097	Low-grade glial/glioneuronal tumors	0.971	Pilocytic astrocytoma	0.724	PA PF TYP	0.646
BS_DY454V2Q	205624860143_R02C01	Cranial And Paraspinal Nerve Tumours	0.999366409	Schwann-Cell Tumours	0.999332061	Schwannoma	0.999214876	SCHW	0.999214876	Mesenchymal tumors	0.988	Schwannoma	0.987	SCHW	0.987
BS_5R5TS5KB	205589730167_R03C01	Adult-Type Diffuse Gliomas	0.336109558	Diffuse High-Grade Neuroepithelial Tumour [Adult-Type]	0.262850773	Gliomatosis Cerebri-like Glioma, IDH-wildtype	0.243090338	GCG	0.243090338	Low-grade glial/glioneuronal tumors	0.599	Ganglioglioma	0.477	GG	0.477
BS_RYZJYBCW	205676380113_R07C01	Other CNS Embryonal Tumours	0.999961763	Atypical Teratoid Rhabdoid Tumour	0.9999401	Atypical Teratoid Rhabdoid Tumour, MYC Activated	0.995790056	ATRT_MYC	0.995790056	SMARC-altered tumors	0.987	Atypical teratoid/rhabdoid tumor	0.987	ATRT MYC	0.985
BS_0ST5F4G0	207356850156_R06C01	Other CNS Embryonal Tumours	0.999999701	Atypical Teratoid Rhabdoid Tumour	0.999999629	Atypical Teratoid Rhabdoid Tumour, SHH Activated	0.999998022	ATRT_SHH	0.999998022	SMARC-altered tumors	0.987	Atypical teratoid/rhabdoid tumor	0.987	ATRT SHH	0.985
BS_Y0CPEZ59	205676390133_R01C01	Medulloblastoma	0.99997516	Medulloblastoma, SHH-Activated	0.999968109	Medulloblastoma, SHH-Activated, Subtype 2	0.999234807	MB_SHH_2	0.999234807	Medulloblastoma	0.99	Medulloblastoma, SHH-activated	0.988	MB SHH 2	0.988
BS_YZVGP1X1	205624860109_R07C01	Mesenchymal, Non-Meningothelial Tumours Involving The CNS	0.998876179	Notochordal Tumours	0.998795159	Chordoma	0.998795159	CHORDM	0.998795159	Mesenchymal tumors	0.988	Chordoma	0.983	CHORDM	0.983
BS_MM7886N4	206430120111_R03C01	Inflammatory Microenvironment	0.99930415	Inflammatory Microenvironment	0.99930415	Inflammatory Microenvironment	0.99930415	INFLAM_ENV	0.99930415	Control tissues	0.962	Control tissue, inflammatory microenvironment	0.942	CONTR INFLAM	0.942
BS_57W88EFB	209890280173_R05C01	Control Tissues	0.994496159	Control Brain Tissues	0.994477984	Control Tissue, Hemispheric Cortex	0.99400234	CTRL_HEMI	0.99400234	Control tissues	0.924	Control tissue, cerebral hemisphere	0.899	CONTR HEMI	0.899
BS_ABDJRXZK	209760340019_R01C01	Medulloblastoma	0.99878027	Medulloblastoma Non-WNT/Non-SHH Activated	0.998607696	Medulloblastoma Group 3	0.540603608	MB_G34_I	0.533669234	Medulloblastoma	0.991	Medulloblastoma, non-WNT/non-SHH, Group 3	0.982	MB G3 I	0.979
BS_ZJWVAEAA	205566000036_R06C01	Low-Grade Glial/Glioneuronal/Neuroepithelial Tumours	0.999459576	Pilocytic Astrocytoma	0.997555054	Supratentorial Midline Pilocytic Astrocytoma	0.982850284	PA_MID	0.982850284	Low-grade glial/glioneuronal tumors	0.99	Pilocytic astrocytoma	0.988	PA MID	0.987
BS_73R1MRMX	206430120018_R06C01	Tumours Of The Sellar Region	0.998134563	Craniopharyngioma	0.99805102	Adamantinomatous Craniopharyngioma	0.997665088	CPH_ADM	0.997665088	Epithelial tumors	0.988	Adamantinomatous craniopharyngioma	0.983	CPH ADM	0.983
BS_ZANBP1Z1	205707900107_R04C01	Paediatric-Type Diffuse High-Grade Gliomas	0.999960403	Infant-Type Hemispheric Glioma	0.999950627	Infant-Type Hemispheric Glioma	0.999950627	IHG	0.999950627	Pediatric-type high-grade gliomas	0.987	Infant-type hemispheric glioma	0.985	IHG TYP	0.985
BS_F0FV7NE3	205624900160_R05C01	Ependymal Tumours	0.193046489	Posterior Fossa Ependymoma Group A	0.082974971	Posterior Fossa Ependymoma Group A1	0.07184045	EPN_PFA_1B	0.044242636	Glioblastoma, IDH-wildtype	0.229	Glioblastoma, IDH-wildtype	0.127	GBM MES ATYP	0.076
BS_81NXMCKF	206402350055_R08C01	Control Tissues	0.785671075	Control Brain Tissues	0.785375374	Control Tissue, White Matter (Corpus Callosum)	0.778067537	CTRL_CORPCAL	0.778067537	Intermediate-grade IDH-wildtype gliomas	0.327	Gliomatosis cerebri-like glioma, IDH-wildtype	0.182	GCLG	0.182
BS_3JKNWNKV	205624900024_R08C01	Cranial And Paraspinal Nerve Tumours	0.986153222	Cranial And Paraspinal Nerve Tumours	0.909063071	Plexiform Neurofibroma	0.90680974	NFIB_PLEX	0.90680974	Mesenchymal tumors	0.988	Plexiform neurofibroma	0.903	NFIB PLEX	0.903
BS_VANV7TB8	206390560158_R08C01	Medulloblastoma	0.995145953	Medulloblastoma Non-WNT/Non-SHH Activated	0.994412518	Medulloblastoma Group 4	0.99320023	MB_G34_VII	0.739451341	Medulloblastoma	0.991	Medulloblastoma, non-WNT/non-SHH, Group 4	0.984	MB G4 VII	0.98
BS_9GEYB3Q3	205122170009_R04C01	Medulloblastoma	0.998253177	Medulloblastoma Non-WNT/Non-SHH Activated	0.998015567	Medulloblastoma Group 3	0.911980601	MB_G34_II	0.68107805	Medulloblastoma	0.991	Medulloblastoma, non-WNT/non-SHH, Group 3	0.942	MB G3 II	0.89
BS_KGHBXZE6	205624860106_R03C01	Other CNS Embryonal Tumours	0.999988515	Embryonal Tumour With Multilayered Rosettes	0.999988105	Embryonal Tumour With Multilayered Rosettes-Like	0.966660312	ETMR_Atyp	0.966660312	Neuroblastic embryonal tumors	0.985	Embryonal tumor with multilayered rosettes	0.984	ETMR non-C19MC	0.984
BS_MRTKJ5W7	205676390146_R04C01	Neuroblastoma	0.396650013	Neuroblastoma	0.396650013	Neuroblastoma	0.396650013	NB_TMM_NEG	0.394414389	Mesenchymal tumors	0.912	Poorly differentiated chordoma	0.484	CHORDM PD	0.484
BS_0YPKW34G	206402350045_R04C01	Paediatric-Type Diffuse High-Grade Gliomas	0.430078727	Paediatric-Type Diffuse High-Grade Gliomas	0.360016995	Diffuse Paediatric-Type High Grade Glioma, H3 Wildtype And IDH Wild Type, Subtype A\&B (Novel)	0.32188591	pedHGG_A	0.265957929	Intermediate-grade IDH-wildtype gliomas	0.362	Gliomatosis cerebri-like glioma, IDH-wildtype	0.237	GCLG	0.237
BS_F9P4YDBJ	205128000053_R02C01	Adult-Type Diffuse Gliomas	0.993100102	Diffuse Glioma, IDH Mutant	0.992683412	Diffuse Glioma, IDH-Mutant And 1p19q Retained [Astroglial Type]	0.987965068	A_IDH_LG	0.97463866	Diffuse glioma, IDH-mutant	0.988	Astrocytoma, IDH-mutant, lower-grade	0.986	A IDH LG	0.986
BS_GFNG58B3	205657380024_R03C01	Intraocular Medulloepithelioma	0.864126188	Intraocular Medulloepithelioma	0.864126188	Intraocular Medulloepithelioma	0.864126188	IO_MEPL	0.864126188	Neuroblastic embryonal tumors	0.848	Embryonal tumor with multilayered rosettes	0.84	ETMR non-C19MC	0.837
BS_8G6F62TC	206402350057_R03C01	Control Tissues	0.929245009	Control Brain Tissues	0.929244935	Control Tissue, Cerebellar Hemisphere	0.929244614	CTRL_CBM	0.929244614	Low-grade glial/glioneuronal tumors	0.878	Pilocytic astrocytoma	0.877	PA PF VAR	0.877
BS_XAKVGAJT	206390560168_R05C01	Medulloblastoma	0.918197792	Medulloblastoma Non-WNT/Non-SHH Activated	0.90066957	Medulloblastoma Group 3	0.842353015	MB_G34_II	0.785687131	Medulloblastoma	0.989	Medulloblastoma, non-WNT/non-SHH, Group 3	0.973	MB G3 II	0.97
BS_M7Y23VST	205624860102_R03C01	Medulloblastoma	0.814149247	Medulloblastoma Non-WNT/Non-SHH Activated	0.512314495	Medulloblastoma Group 4	0.427444872	MB_G34_VII	0.36669573	Medulloblastoma	0.988	Medulloblastoma, non-WNT/non-SHH, Group 4	0.689	MB G4 VII	0.479
BS_B5K5M3KH	205624880180_R01C01	Ependymal Tumours	0.999941804	Supratentorial Ependymoma, ZFTA Fusion-Positive	0.999904135	Supratentorial Ependymoma, ZFTA:rela Fusion-Positive	0.999441364	EPN_ST_ZFTA_RELA_A	0.999440434	Ependymal tumors	0.989	Supratentorial ependymoma, ZFTA fusion-positive	0.986	EPN ST ZFTA RELA	0.986
BS_8HSSAPP9	205624870137_R02C01	Germ Cell Tumours	0.999326664	Germ Cell Tumours Of The CNS	0.999326664	Germinoma	0.999324172	GCT_GERM_KIT	0.999323864	Other tumors	0.983	Germinoma	0.982	GCT GERM	0.982
BS_2Y00WJEQ	206530740001_R06C01	Paediatric-Type Diffuse High-Grade Gliomas	0.937810667	Diffuse Midline Glioma, H3k27-Altered	0.930198678	Diffuse Midline Glioma, H3 K27-Mutant / EZHIP Overexpressing	0.930187477	DMG_K27	0.930187477	Diffuse midline glioma, H3 K27-altered	0.987	Diffuse midline glioma, H3 K27-altered	0.987	DMG K27	0.987
BS_5WCZ9GSR	207356840008_R02C01	Other CNS Embryonal Tumours	0.82456875	Atypical Teratoid Rhabdoid Tumour	0.816058371	Atypical Teratoid Rhabdoid Tumour, MYC Activated	0.671950818	ATRT_MYC	0.671950818	SMARC-altered tumors	0.429	Atypical teratoid/rhabdoid tumor	0.428	ATRT MYC	0.419
BS_1366BYWC	206390560158_R01C01	Medulloblastoma	0.992149652	Medulloblastoma Non-WNT/Non-SHH Activated	0.990987112	Medulloblastoma Group 4	0.985620847	MB_G34_VII	0.894820009	Medulloblastoma	0.99	Medulloblastoma, non-WNT/non-SHH, Group 4	0.988	MB G4 VII	0.988
BS_RZV98ZSH	205589730018_R05C01	Adult-Type Diffuse Gliomas	0.478684811	Diffuse Glioma, IDH Mutant	0.433586316	Diffuse Glioma, IDH-Mutant And 1p19q Retained [Astroglial Type]	0.292625517	A_IDH_LG	0.286686161	Low-grade glial/glioneuronal tumors	0.45	Multinodular and vacuolating  tumor	0.142	MVNT	0.142
BS_SKC90W9X	205707900011_R05C01	Ependymal Tumours	0.999994524	Spinal Ependymoma (myxopapillary-enriched)	0.999991216	Spinal Ependymoma (myxopapillary-enriched)	0.999991216	EPN_MPE	0.999991216	Ependymal tumors	0.989	Myxopapillary ependymoma	0.985	EPN MPE A	0.985
BS_PRF3V7DZ	205567990085_R01C01	Low-Grade Glial/Glioneuronal/Neuroepithelial Tumours	0.970467724	Pilocytic Astrocytoma	0.94418379	Infratentorial Pilocytic Astrocytoma	0.925519736	PA_INF	0.925519736	Low-grade glial/glioneuronal tumors	0.989	Pilocytic astrocytoma	0.988	PA PF TYP	0.987
BS_P735D3PG	205567990072_R01C01	Tumours Of The Sellar Region	0.999130423	Craniopharyngioma	0.999087095	Adamantinomatous Craniopharyngioma	0.999086641	CPH_ADM	0.999086641	Epithelial tumors	0.987	Adamantinomatous craniopharyngioma	0.986	CPH ADM	0.986
BS_ZDGMTDWY	207343240057_R08C01	Paediatric-Type Diffuse High-Grade Gliomas	0.994853443	Diffuse Midline Glioma, H3k27-Altered	0.994608588	Diffuse Midline Glioma, H3 K27-Mutant / EZHIP Overexpressing	0.994412806	DMG_K27	0.994412806	Diffuse midline glioma, H3 K27-altered	0.982	Diffuse midline glioma, H3 K27-altered	0.982	DMG K27	0.982
BS_1F3DXREP	207211180095_R05C01	Paediatric-Type Diffuse High-Grade Gliomas	0.779101975	Infant-Type Hemispheric Glioma	0.778713518	Infant-Type Hemispheric Glioma	0.778713518	IHG	0.778713518	Pediatric-type high-grade gliomas	0.983	Infant-type hemispheric glioma	0.981	IHG TYP	0.981
BS_8R7FB13G	205624860118_R04C01	Medulloblastoma	0.999963322	Medulloblastoma Non-WNT/Non-SHH Activated	0.999959185	Medulloblastoma Group 4	0.999941305	MB_G34_VII	0.997034518	Medulloblastoma	0.991	Medulloblastoma, non-WNT/non-SHH, Group 4	0.989	MB G4 VII	0.988
BS_VTSA23T2	206430120135_R05C01	Choroid Plexus Tumours	0.971268197	Choroid Plexus Tumours	0.971268197	Choroid Plexus Tumours Subtype B	0.968546832	CPT_PED_B	0.968206978	Choroid plexus tumors	0.915	Choroid plexus carcinoma	0.914	CPC PED	0.914
BS_W0P2BF8X	206402350009_R08C01	Control Tissues	0.659651997	Control Brain Tissues	0.657321537	Control Tissue, Hemispheric Cortex	0.653222407	CTRL_HEMI	0.653222407	Low-grade glial/glioneuronal tumors	0.742	Ganglioglioma	0.733	GG	0.733
BS_NZ133AHZ	205657380093_R01C01	Cranial And Paraspinal Nerve Tumours	0.998460605	Schwann-Cell Tumours	0.994513654	Schwannoma	0.994406038	SCHW	0.994406038	Mesenchymal tumors	0.988	Schwannoma	0.867	SCHW	0.867
BS_T29G0150	207356840095_R06C01	Paediatric-Type Diffuse High-Grade Gliomas	0.999980354	Diffuse Midline Glioma, H3k27-Altered	0.999980288	Diffuse Midline Glioma, H3 K27-Mutant / EZHIP Overexpressing	0.999980282	DMG_K27	0.999980282	Diffuse midline glioma, H3 K27-altered	0.983	Diffuse midline glioma, H3 K27-altered	0.983	DMG K27	0.982
BS_MNSW57Q0	206402350029_R07C01	Paediatric-Type Diffuse High-Grade Gliomas	0.999888377	Diffuse Midline Glioma, H3k27-Altered	0.999887392	Diffuse Midline Glioma, H3 K27-Mutant / EZHIP Overexpressing	0.999887171	DMG_K27	0.999887171	Diffuse midline glioma, H3 K27-altered	0.388	Diffuse midline glioma, H3 K27-altered	0.388	DMG K27	0.388
BS_K2WNM2Z5	206430120133_R02C01	Ependymal Tumours	0.998131701	Posterior Fossa Ependymoma Group A	0.997722648	Posterior Fossa Ependymoma Group A1	0.996569254	EPN_PFA_1C	0.639181618	Ependymal tumors	0.989	Posterior fossa group A (PFA) ependymoma	0.986	EPN PFA 1C	0.984
BS_MZ558206	205676390004_R01C01	Low-Grade Glial/Glioneuronal/Neuroepithelial Tumours	0.486855187	Low-Grade Ganglioglial/Neuroepithelial Tumour	0.416448876	Ganglioglioma	0.346915926	GG	0.346915926	Low-grade glial/glioneuronal tumors	0.969	Ganglioglioma	0.959	GG	0.959
BS_M1HX4G1T	206390560130_R06C01	Paediatric-Type Diffuse High-Grade Gliomas	0.98433658	Diffuse Midline Glioma, H3k27-Altered	0.982895589	Diffuse Midline Glioma, H3 K27-Mutant / EZHIP Overexpressing	0.982893319	DMG_K27	0.982893319	Diffuse midline glioma, H3 K27-altered	0.987	Diffuse midline glioma, H3 K27-altered	0.987	DMG K27	0.987
BS_4Q49HS4Z	205624870153_R02C01	Cranial And Paraspinal Nerve Tumours	0.242644134	Malignant Peripheral Nerve-Sheath Tumour	0.209869135	Malignant Peripheral Nerve Sheath Tumour [Spinal Or Atypical Type]	0.175740761	MPNST_ATYP	0.175740761	Mesenchymal tumors	0.988	Plexiform neurofibroma	0.214	NFIB PLEX	0.123
BS_ZPGN9ABV	206390560039_R01C01	Choroid Plexus Tumours	0.998535673	Choroid Plexus Tumours	0.998535673	Choroid Plexus Tumours Subtype B	0.998482788	CPT_PED_B	0.998468339	Choroid plexus tumors	0.977	Choroid plexus carcinoma	0.976	CPC PED	0.976
BS_S27Q9QZC	206402350049_R05C01	Low-Grade Glial/Glioneuronal/Neuroepithelial Tumours	0.999999781	Pilocytic Astrocytoma	0.999998598	Infratentorial Pilocytic Astrocytoma	0.99999844	PA_INF	0.99999844	Low-grade glial/glioneuronal tumors	0.99	Pilocytic astrocytoma	0.989	PA PF TYP	0.988
BS_EWZ127K2	205676390063_R07C01	Medulloblastoma	0.999938754	Medulloblastoma Non-WNT/Non-SHH Activated	0.999932254	Medulloblastoma Group 4	0.999926067	MB_G34_VIII	0.99985968	Medulloblastoma	0.991	Medulloblastoma, non-WNT/non-SHH, Group 4	0.989	MB G4 VIII	0.989
BS_5DWJ1PDX	206430120133_R03C01	Medulloblastoma	0.998375002	Medulloblastoma Non-WNT/Non-SHH Activated	0.998150183	Medulloblastoma Group 3	0.995281905	MB_G34_IV	0.800286085	Medulloblastoma	0.991	Medulloblastoma, non-WNT/non-SHH, Group 3	0.988	MB G3 IV	0.988
BS_MJVTJK0F	206390560121_R05C01	Medulloblastoma	0.998848635	Medulloblastoma Non-WNT/Non-SHH Activated	0.998721231	Medulloblastoma Group 3	0.995539353	MB_G34_III	0.654716307	Medulloblastoma	0.991	Medulloblastoma, non-WNT/non-SHH, Group 4	0.461	MB G4 VII	0.405
BS_V0Z8ET1G	205707910014_R03C01	Ependymal Tumours	0.999999989	Supratentorial Ependymoma, ZFTA Fusion-Positive	0.999999952	Supratentorial Ependymoma, ZFTA:rela Fusion-Positive	0.9999999	EPN_ST_ZFTA_RELA_A	0.999999899	Ependymal tumors	0.989	Supratentorial ependymoma, ZFTA fusion-positive	0.987	EPN ST ZFTA RELA	0.987
BS_D8EY5WJY	206390560167_R07C01	Paediatric-Type Diffuse High-Grade Gliomas	0.404598979	Infant-Type Hemispheric Glioma	0.231486525	Infant-Type Hemispheric Glioma	0.231486525	IHG	0.231486525	Pediatric-type high-grade gliomas	0.623	Infant-type hemispheric glioma	0.616	IHG TYP	0.616
BS_G7JJJPM8	206390560086_R05C01	Paediatric-Type Diffuse High-Grade Gliomas	0.999993513	Diffuse Midline Glioma, H3k27-Altered	0.999993506	Diffuse Midline Glioma, H3 K27-Mutant / EZHIP Overexpressing	0.999993502	DMG_K27	0.999993502	Diffuse midline glioma, H3 K27-altered	0.982	Diffuse midline glioma, H3 K27-altered	0.982	DMG K27	0.981
BS_0EXCT8V6	205676380130_R05C01	Low-Grade Glial/Glioneuronal/Neuroepithelial Tumours	0.999980438	Low-Grade Glioneuronal Tumour	0.999980438	Diffuse Glioneuronal Tumour With Oligodendroglioma-Like Features And Nuclear Clusters	0.999980427	DGONC	0.999980427	CNS neuroblastoma, FOXR2-altered and DGONC	0.978	Diffuse glioneuronal tumor with oligodendroglioma-like features and nuclear clusters	0.977	DGONC	0.977
BS_4P6YCVEZ	205566000152_R03C01	Medulloblastoma	0.991239319	Medulloblastoma Non-WNT/Non-SHH Activated	0.989300755	Medulloblastoma Group 4	0.555677138	MB_G34_V	0.425810318	Medulloblastoma	0.991	Medulloblastoma, non-WNT/non-SHH, Group 4	0.972	MB G4 V	0.962
BS_D7QK50P7	206390560167_R08C01	Pineal Parenchymal And Retinal Tumours	0.998620199	Pineoblastoma	0.998351315	Pineoblastoma, miRNA Pathway Altered, Group 1	0.998111233	PB_GRP1A	0.996241971	Pineal region tumors and retinoblastoma	0.987	Pineoblastoma	0.983	PB GROUP 1A	0.981
BS_RCBCFYWA	205707900155_R01C01	Ependymal Tumours	0.998453549	Posterior Fossa Ependymoma Group A	0.998117937	Posterior Fossa Ependymoma Group A1	0.996629071	EPN_PFA_1D	0.444461413	Ependymal tumors	0.989	Posterior fossa group A (PFA) ependymoma	0.941	EPN PFA 1C	0.86
BS_JRVK8WGZ	205128000035_R07C01	Ependymal Tumours	0.999999995	Spinal Ependymoma	0.999884718	Spinal Ependymoma, MYCN-Amplified	0.999884718	EPN_SPINE_MYCN	0.999884718	Ependymal tumors	0.989	Spinal ependymoma, MYCN-amplified	0.989	EPN SPINE MYCN	0.989
BS_4JAZPN4H	206402350048_R04C01	Medulloblastoma	0.85716267	Medulloblastoma Non-WNT/Non-SHH Activated	0.758299005	Medulloblastoma Group 4	0.701370636	MB_G34_VII	0.551884822	Medulloblastoma	0.988	Medulloblastoma, non-WNT/non-SHH, Group 4	0.977	MB G4 VII	0.973
BS_KDDYKDV6	207211180125_R03C01	Control Tissues	0.653908517	Control Tissue, Reactive Tumour Microenvironment	0.652910034	Control Tissue, Reactive Tumour Microenvironment	0.652910034	CTRL_REACTIVE	0.652910034	Glioblastoma, IDH-wildtype	0.378	Glioblastoma, IDH-wildtype	0.377	GBM MES TYP	0.369
BS_R3PD62P1	205567990085_R04C01	Low-Grade Glial/Glioneuronal/Neuroepithelial Tumours	0.85795536	Pilocytic Astrocytoma	0.762104541	Infratentorial Pilocytic Astrocytoma	0.708342854	PA_INF	0.708342854	Low-grade glial/glioneuronal tumors	0.989	Pilocytic astrocytoma	0.983	PA PF TYP	0.979
BS_HCRJR7YP	206390560083_R02C01	Cranial And Paraspinal Nerve Tumours	0.999949798	Schwann-Cell Tumours	0.999945855	Schwannoma	0.999934953	SCHW	0.999934953	Mesenchymal tumors	0.988	Schwannoma	0.987	SCHW	0.987
BS_S30DM7ZD	206390560131_R02C01	Low-Grade Glial/Glioneuronal/Neuroepithelial Tumours	0.999696764	Low-Grade Glioneuronal Tumour	0.999613406	Dysembryoplastic Neuroepithelial Tumour	0.985166281	DNET	0.985166281	Low-grade glial/glioneuronal tumors	0.99	Dysembryoplastic neuroepithelial tumor	0.987	DNT	0.987
BS_ZEE8T4N1	205566000004_R02C01	Diffuse Glioma, Mapk Altered, Cell-Cycle Activated	0.999738635	Pleomorphic Xanthoastrocytoma(-Like)	0.999738533	Pleomorphic Xanthoastrocytoma(-Like)	0.999738533	PXA	0.999738533	Intermediate-grade IDH-wildtype gliomas	0.988	Pleomorphic xanthoastrocytoma	0.987	PXA	0.987
BS_E5MT047Z	206390560164_R06C01	Paediatric-Type Diffuse High-Grade Gliomas	0.999402564	Diffuse Midline Glioma, H3k27-Altered	0.999395261	Diffuse Midline Glioma, H3 K27-Mutant / EZHIP Overexpressing	0.999395229	DMG_K27	0.999395229	Diffuse midline glioma, H3 K27-altered	0.987	Diffuse midline glioma, H3 K27-altered	0.987	DMG K27	0.987
BS_N27CGYZB	206402350021_R08C01	Control Tissues	0.795996879	Control Brain Tissues	0.79594343	Control Tissue, Cerebellar Hemisphere	0.795751767	CTRL_CBM	0.795751767	Control tissues	0.471	Control tissue, cerebellum	0.415	CONTR CEBM	0.415
BS_M5HRCND3	205128000035_R08C01	Ependymal Tumours	0.999975398	Supratentorial Ependymoma, ZFTA Fusion-Positive	0.999958281	Supratentorial Ependymoma, ZFTA:rela Fusion-Positive	0.999494396	EPN_ST_ZFTA_RELA_A	0.99949398	Ependymal tumors	0.989	Supratentorial ependymoma, ZFTA fusion-positive	0.988	EPN ST ZFTA RELA	0.988
BS_C5MRD4QQ	205566000152_R06C01	Medulloblastoma	0.999984693	Medulloblastoma Non-WNT/Non-SHH Activated	0.999981524	Medulloblastoma Group 3	0.999861451	MB_G34_IV	0.999333203	Medulloblastoma	0.991	Medulloblastoma, non-WNT/non-SHH, Group 3	0.989	MB G3 IV	0.988
BS_8VBXKGMD	205624900053_R07C01	Low-Grade Glial/Glioneuronal/Neuroepithelial Tumours	0.861689946	Low-Grade Ganglioglial/Neuroepithelial Tumour	0.84945895	Ganglioglioma	0.816643318	GG	0.816643318	Low-grade glial/glioneuronal tumors	0.986	Ganglioglioma	0.98	GG	0.98
BS_Z2T8V6NF	205676380019_R04C01	Paediatric-Type Diffuse High-Grade Gliomas	0.999200143	Diffuse Midline Glioma, H3k27-Altered	0.999164541	Diffuse Midline Glioma, H3 K27-Mutant / EZHIP Overexpressing	0.999161536	DMG_K27	0.999161536	Diffuse midline glioma, H3 K27-altered	0.986	Diffuse midline glioma, H3 K27-altered	0.986	DMG K27	0.986
BS_K4M7J3QY	206402350054_R04C01	Medulloblastoma	0.999819848	Medulloblastoma Non-WNT/Non-SHH Activated	0.999786905	Medulloblastoma Group 4	0.999598366	MB_G34_VII	0.995161908	Medulloblastoma	0.991	Medulloblastoma, non-WNT/non-SHH, Group 4	0.989	MB G4 VII	0.989
BS_VC5CZD0N	205624860003_R02C01	Diffuse Glioneuronal Tumours	0.999840132	Diffuse Glioneuronal Tumours	0.999840132	Diffuse Leptomeningeal Glioneuronal Tumour	0.999839821	DLGNT_1	0.999757336	Intermediate-grade IDH-wildtype gliomas	0.985	Diffuse leptomeningeal glioneuronal tumor	0.978	DLGNT 1	0.978
BS_J8N60HNP	205676380032_R06C01	Ependymal Tumours	0.999994549	Posterior Fossa Ependymoma Group A	0.99999377	Posterior Fossa Ependymoma Group A2	0.999993368	EPN_PFA_2A	0.998246058	Ependymal tumors	0.989	Posterior fossa group A (PFA) ependymoma	0.988	EPN PFA 2A	0.987
BS_7GRCE406	205128000053_R04C01	Low-Grade Glial/Glioneuronal/Neuroepithelial Tumours	0.999503401	Pilocytic Astrocytoma	0.999423298	Supratentorial Midline Pilocytic Astrocytoma	0.999296027	PA_MID	0.999296027	Low-grade glial/glioneuronal tumors	0.989	Pilocytic astrocytoma	0.988	PA MID	0.986
BS_FYGC4GN0	205589740019_R04C01	Low-Grade Glial/Glioneuronal/Neuroepithelial Tumours	0.951925775	Pilocytic Astrocytoma	0.924438733	Infratentorial Pilocytic Astrocytoma	0.843216626	PA_INF	0.843216626	Low-grade glial/glioneuronal tumors	0.99	Pilocytic astrocytoma	0.988	PA PF TYP	0.988
BS_8HKF7V0J	206390560080_R03C01	Adult-Type Diffuse Gliomas	0.973133364	Diffuse Glioma, IDH Mutant	0.971913532	Diffuse Glioma, IDH-Mutant And 1p19q Retained [Astroglial Type]	0.798507984	A_IDH_LG	0.733678202	Diffuse glioma, IDH-mutant	0.984	Astrocytoma, IDH-mutant, lower-grade	0.982	A IDH LG	0.982
BS_T2DM3BW8	205128000027_R02C01	Other CNS Embryonal Tumours	0.483245212	Atypical Teratoid Rhabdoid Tumour	0.468012383	Atypical Teratoid Rhabdoid Tumour, MYC Activated	0.366345704	ATRT_MYC	0.366345704	Mesenchymal tumors	0.205	Poorly differentiated chordoma	0.195	CHORDM PD	0.195
BS_A8DZAC7V	206390560071_R02C01	Control Tissues	0.994070187	Control Brain Tissues	0.994070185	Control Tissue, Cerebellar Hemisphere	0.994070182	CTRL_CBM	0.994070182	Low-grade glial/glioneuronal tumors	0.855	Pilocytic astrocytoma	0.854	PA PF VAR	0.854
BS_13HM4SA1	205707890108_R05C01	Low-Grade Glial/Glioneuronal/Neuroepithelial Tumours	0.999757348	Pilocytic Astrocytoma	0.998804638	Infratentorial Pilocytic Astrocytoma	0.998239987	PA_INF	0.998239987	Low-grade glial/glioneuronal tumors	0.99	Pilocytic astrocytoma	0.988	PA PF TYP	0.988
BS_29G6HM88	205567980099_R03C01	Low-Grade Glial/Glioneuronal/Neuroepithelial Tumours	0.996118699	Pilocytic Astrocytoma	0.993562961	Infratentorial Pilocytic Astrocytoma	0.993268244	PA_INF	0.993268244	Low-grade glial/glioneuronal tumors	0.99	Pilocytic astrocytoma	0.988	PA PF TYP	0.987
BS_280FN4F8	205128000027_R08C01	Other CNS Embryonal Tumours	0.999054531	Atypical Teratoid Rhabdoid Tumour	0.960587542	Atypical Teratoid Rhabdoid Tumour, Tyrosinase Activated	0.959923075	ATRT_TYR	0.959923075	SMARC-altered tumors	0.987	Atypical teratoid/rhabdoid tumor	0.98	ATRT TYR	0.974
BS_H8QK3J0B	205566000152_R08C01	Medulloblastoma	0.99991666	Medulloblastoma Non-WNT/Non-SHH Activated	0.999908174	Medulloblastoma Group 4	0.999900912	MB_G34_VIII	0.999563758	Medulloblastoma	0.991	Medulloblastoma, non-WNT/non-SHH, Group 4	0.989	MB G4 VIII	0.989
BS_JJYPZACX	205566000058_R04C01	Medulloblastoma	0.998922407	Medulloblastoma Non-WNT/Non-SHH Activated	0.998795701	Medulloblastoma Group 4	0.997521201	MB_G34_VII	0.910474422	Medulloblastoma	0.991	Medulloblastoma, non-WNT/non-SHH, Group 4	0.968	MB G4 VII	0.901
BS_PKRW6939	205676390174_R03C01	Ependymal Tumours	0.999983134	Supratentorial Ependymoma, ZFTA Fusion-Positive	0.999959393	Supratentorial Ependymoma, ZFTA:rela Fusion-Positive	0.999855828	EPN_ST_ZFTA_RELA_A	0.999849512	Ependymal tumors	0.989	Supratentorial ependymoma, ZFTA fusion-positive	0.987	EPN ST ZFTA RELA	0.987
BS_AYDPTJZ2	205707890151_R01C01	Medulloblastoma	0.999721743	Medulloblastoma Non-WNT/Non-SHH Activated	0.999680371	Medulloblastoma Group 4	0.999499823	MB_G34_VII	0.997110665	Medulloblastoma	0.991	Medulloblastoma, non-WNT/non-SHH, Group 4	0.989	MB G4 VII	0.989
BS_EH61RDXA	207356850156_R05C01	Paediatric-Type Diffuse High-Grade Gliomas	0.928861871	Paediatric-Type Diffuse High-Grade Gliomas	0.605994585	Diffuse Midline Glioma, H3 K27-Altered, Subtype EGFR-Altered	0.321834272	DMG_EGFR	0.321834272	Pediatric-type high-grade gliomas	0.986	Diffuse pediatric-type high-grade glioma, H3-wildtype and IDH-wildtype	0.984	pedHGG RTK2B	0.982
BS_8VP3HW1B	205707900126_R03C01	Medulloblastoma	0.999878047	Medulloblastoma Non-WNT/Non-SHH Activated	0.999855031	Medulloblastoma Group 3	0.999828019	MB_G34_II	0.993370114	Medulloblastoma	0.991	Medulloblastoma, non-WNT/non-SHH, Group 3	0.989	MB G3 II	0.988
BS_548VV6P6	205676390015_R07C01	Paediatric-Type Diffuse High-Grade Gliomas	0.999624086	Diffuse Midline Glioma, H3k27-Altered	0.999611814	Diffuse Midline Glioma, H3 K27-Mutant / EZHIP Overexpressing	0.999593614	DMG_K27	0.999593614	Diffuse midline glioma, H3 K27-altered	0.983	Diffuse midline glioma, H3 K27-altered	0.983	DMG K27	0.983
BS_ME6160B9	209648840117_R08C01	Other CNS Embryonal Tumours	0.998012727	Embryonal Tumour With Multilayered Rosettes	0.997920846	Embryonal Tumour With Multilayered Rosettes, C19MC Altered	0.997859374	ETMR_C19MC	0.997859374	Neuroblastic embryonal tumors	0.985	Embryonal tumor with multilayered rosettes	0.984	ETMR C19MC	0.983
BS_D2VQ2Z01	206402350072_R07C01	Low-Grade Glial/Glioneuronal/Neuroepithelial Tumours	0.670306148	Pilocytic Astrocytoma	0.537883894	Supratentorial Midline Pilocytic Astrocytoma	0.404847291	PA_MID	0.404847291	Low-grade glial/glioneuronal tumors	0.98	Pilocytic astrocytoma	0.918	PA MID	0.648
BS_R6XQH8FQ	205657380050_R03C01	Ependymal Tumours	0.999717842	Posterior Fossa Ependymoma Group A	0.999634186	Posterior Fossa Ependymoma Group A2	0.999598067	EPN_PFA_2A	0.989629557	Ependymal tumors	0.989	Posterior fossa group A (PFA) ependymoma	0.987	EPN PFA 2A	0.986
BS_K5K1DB3Y	206390560159_R01C01	Low-Grade Glial/Glioneuronal/Neuroepithelial Tumours	0.27241765	Glioblastoma, IDH-Wildtype	0.194496571	Glioblastoma, IDH-Wildtype, Mesenchymal Type	0.187906764	GBM_MES_TYP	0.180253299	Low-grade glial/glioneuronal tumors	0.931	Ganglioglioma	0.669	GG	0.669
BS_1Z4VR6FD	206390560134_R02C01	Control Tissues	0.854610249	Control Brain Tissues	0.853192356	Control Tissue, Hemispheric Cortex	0.852432746	CTRL_HEMI	0.852432746	Low-grade glial/glioneuronal tumors	0.987	Ganglioglioma	0.912	GG	0.912
BS_RN4CW4TW	205624900145_R04C01	Low-Grade Glial/Glioneuronal/Neuroepithelial Tumours	0.99124566	Pilocytic Astrocytoma	0.982711498	Infratentorial Pilocytic Astrocytoma	0.951107588	PA_INF	0.951107588	Low-grade glial/glioneuronal tumors	0.988	Pilocytic astrocytoma	0.987	PA PF TYP	0.986
BS_4ZQMPNP5	205567990085_R02C01	Medulloblastoma	0.527337326	Medulloblastoma, SHH-Activated	0.351872536	Medulloblastoma, SHH-Activated, Subtype 2	0.271833402	MB_SHH_2	0.271833402	Low-grade glial/glioneuronal tumors	0.989	Pilocytic astrocytoma	0.988	PA PF VAR	0.987
BS_V1PQAKJT	205676390090_R04C01	Low-Grade Glial/Glioneuronal/Neuroepithelial Tumours	0.988290959	Pilocytic Astrocytoma	0.985178941	Supratentorial Midline Pilocytic Astrocytoma	0.983971138	PA_MID	0.983971138	Low-grade glial/glioneuronal tumors	0.945	Pilocytic astrocytoma	0.943	PA MID	0.941
BS_KGT59ZDT	205648310089_R02C01	Low-Grade Glial/Glioneuronal/Neuroepithelial Tumours	0.999938571	Pilocytic Astrocytoma	0.999929966	Supratentorial Midline Pilocytic Astrocytoma	0.999826555	PA_MID	0.999826555	Low-grade glial/glioneuronal tumors	0.989	Pilocytic astrocytoma	0.988	PA MID	0.987
BS_H1YVXKC0	206402350057_R04C01	Control Tissues	0.99977291	Control Brain Tissues	0.99977291	Control Tissue, Cerebellar Hemisphere	0.99977291	CTRL_CBM	0.99977291	Control tissues	0.766	Control tissue, cerebellum	0.739	CONTR CEBM	0.739
BS_J68XEJAD	205648310114_R02C01	Meningioma	0.999865508	Meningioma	0.999865508	Meningioma, Benign	0.999772887	MNG_BEN_1	0.999158232	Meningioma	0.988	Meningioma, benign	0.987	MNG BEN 1	0.986
BS_H5Y2CYK2	205624900062_R03C01	Low-Grade Glial/Glioneuronal/Neuroepithelial Tumours	0.999994122	Pilocytic Astrocytoma	0.999981961	Infratentorial Pilocytic Astrocytoma	0.999952507	PA_INF	0.999952507	Low-grade glial/glioneuronal tumors	0.99	Pilocytic astrocytoma	0.988	PA PF TYP	0.988
BS_897FT64P	205566000176_R01C01	Paediatric-Type Diffuse High-Grade Gliomas	0.999986422	Diffuse Midline Glioma, H3k27-Altered	0.999986345	Diffuse Midline Glioma, H3 K27-Mutant / EZHIP Overexpressing	0.999986333	DMG_K27	0.999986333	Diffuse midline glioma, H3 K27-altered	0.986	Diffuse midline glioma, H3 K27-altered	0.986	DMG K27	0.986
BS_YZX742PQ	206402350054_R02C01	Paediatric-Type Diffuse High-Grade Gliomas	0.999722185	Diffuse Midline Glioma, H3k27-Altered	0.999720545	Diffuse Midline Glioma, H3 K27-Mutant / EZHIP Overexpressing	0.999720402	DMG_K27	0.999720402	Diffuse midline glioma, H3 K27-altered	0.987	Diffuse midline glioma, H3 K27-altered	0.987	DMG K27	0.987
BS_RZ4SDMXA	205624900139_R03C01	Diffuse Glioma, Mapk Altered, Cell-Cycle Activated	0.70428595	Pleomorphic Xanthoastrocytoma(-Like)	0.629723672	Pleomorphic Xanthoastrocytoma(-Like)	0.629723672	PXA	0.629723672	Intermediate-grade IDH-wildtype gliomas	0.988	Pleomorphic xanthoastrocytoma	0.964	PXA	0.964
BS_XXQKWJQR	206402350072_R06C01	Medulloblastoma	0.992181195	Medulloblastoma Non-WNT/Non-SHH Activated	0.990680712	Medulloblastoma Group 4	0.920148058	MB_G34_VII	0.893154188	Medulloblastoma	0.991	Medulloblastoma, non-WNT/non-SHH, Group 4	0.989	MB G4 VII	0.988
BS_90WXJSJY	205982900127_R08C01	Medulloblastoma	0.997797709	Medulloblastoma Non-WNT/Non-SHH Activated	0.997375292	Medulloblastoma Group 4	0.984851071	MB_G34_V	0.831690654	Medulloblastoma	0.991	Medulloblastoma, non-WNT/non-SHH, Group 4	0.989	MB G4 V	0.988
BS_9HS2YQ06	207343240057_R02C01	Low-Grade Glial/Glioneuronal/Neuroepithelial Tumours	0.440692664	Low-Grade Ganglioglial/Neuroepithelial Tumour	0.282729601	Supratentorial Pilocytic Astrocytoma	0.169060117	PA_CORT	0.169060117	Low-grade glial/glioneuronal tumors	0.967	Ganglioglioma	0.87	GG	0.87
BS_P370P5S7	206430120136_R05C01	Paediatric-Type Diffuse High-Grade Gliomas	0.319243758	Diffuse Midline Glioma, H3k27-Altered	0.300766472	Diffuse Midline Glioma, H3 K27-Mutant / EZHIP Overexpressing	0.296605579	DMG_K27	0.296605579	Pediatric-type high-grade gliomas	0.854	H3 K27 and MAPK-altered glioma	0.756	H3K27 MAPK	0.756
BS_0K1E1H3F	206402350087_R02C01	Paediatric-Type Diffuse High-Grade Gliomas	0.999988739	Diffuse Midline Glioma, H3k27-Altered	0.999988718	Diffuse Midline Glioma, H3 K27-Mutant / EZHIP Overexpressing	0.999988702	DMG_K27	0.999988702	Diffuse midline glioma, H3 K27-altered	0.986	Diffuse midline glioma, H3 K27-altered	0.986	DMG K27	0.986
BS_SHC5BMYM	205624900053_R06C01	Low-Grade Glial/Glioneuronal/Neuroepithelial Tumours	0.588179407	Low-Grade Ganglioglial/Neuroepithelial Tumour	0.49886511	Supratentorial Pilocytic Astrocytoma	0.247738865	PA_CORT	0.247738865	Low-grade glial/glioneuronal tumors	0.988	Ganglioglioma	0.976	GG	0.976
BS_FJC1RB8X	205122170033_R04C01	Ependymal Tumours	0.999998478	Posterior Fossa Ependymoma Group A	0.999997071	Posterior Fossa Ependymoma Group A1	0.999988658	EPN_PFA_1C	0.999953838	Ependymal tumors	0.989	Posterior fossa group A (PFA) ependymoma	0.988	EPN PFA 1C	0.988
BS_8VGEX7DF	205624900024_R01C01	Meningioma	0.998984636	Meningioma	0.998984636	Meningioma, Benign	0.996862213	MNG_BEN_3	0.973269322	Meningioma	0.987	Meningioma, benign	0.985	MNG BEN 3	0.984
BS_TD96FDCK	206390560034_R03C01	Diffuse Glioma, Mapk Altered, Cell-Cycle Activated	0.999757215	High-Grade Astrocytoma With Piloid Features	0.999696125	High-Grade Astrocytoma With Piloid Features	0.999696125	HGAP	0.999696125	Intermediate-grade IDH-wildtype gliomas	0.988	High-grade astrocytoma with piloid features	0.986	HGAP	0.986
BS_B81HY49C	205624860029_R04C01	Low-Grade Glial/Glioneuronal/Neuroepithelial Tumours	0.990138302	Pilocytic Astrocytoma	0.985265221	Supratentorial Midline Pilocytic Astrocytoma	0.949175973	PA_MID	0.949175973	Low-grade glial/glioneuronal tumors	0.99	Pilocytic astrocytoma	0.988	PA MID	0.987
BS_736SY74K	206430120137_R08C01	Paediatric-Type Diffuse High-Grade Gliomas	0.999957435	Diffuse Midline Glioma, H3k27-Altered	0.99995717	Diffuse Midline Glioma, H3 K27-Mutant / EZHIP Overexpressing	0.999957122	DMG_K27	0.999957122	Diffuse midline glioma, H3 K27-altered	0.961	Diffuse midline glioma, H3 K27-altered	0.961	DMG K27	0.961
BS_ZRTHWX5J	205707890145_R05C01	Ependymal Tumours	0.994135405	Posterior Fossa Ependymoma Group B \& Posterior Fossa Subependymoma	0.96618008	Posterior Fossa Ependymoma Group B	0.955059844	EPN_PFB_1	0.953437803	Ependymal tumors	0.989	Posterior fossa group B (PFB) ependymoma	0.983	EPN PFB 1	0.983
BS_MX0DDD8T	205589730113_R02C01	Paediatric-Type Diffuse High-Grade Gliomas	0.517400966	Paediatric-Type Diffuse High-Grade Gliomas	0.504810197	Diffuse Paediatric-Type High Grade Glioma, RTK1 Subtype	0.488261906	GBM_RTK1	0.360513004	Pediatric-type high-grade gliomas	0.948	Diffuse pediatric-type high-grade glioma, H3-wildtype and IDH-wildtype	0.855	pedHGG RTK1A	0.776
BS_Q400D66E	205122170055_R06C01	Medulloblastoma	0.999633687	Medulloblastoma, SHH-Activated	0.99953773	Medulloblastoma, SHH-Activated, Subtype 3	0.86484553	MB_SHH_3	0.86484553	Medulloblastoma	0.991	Medulloblastoma, SHH-activated	0.929	MB SHH 3	0.556
BS_QFGWRM7H	205676390015_R08C01	Paediatric-Type Diffuse High-Grade Gliomas	0.940286616	Diffuse Midline Glioma, H3k27-Altered	0.939294074	Diffuse Midline Glioma, H3 K27-Mutant / EZHIP Overexpressing	0.939264397	DMG_K27	0.939264397	Diffuse midline glioma, H3 K27-altered	0.987	Diffuse midline glioma, H3 K27-altered	0.987	DMG K27	0.987
BS_6CG1C04V	205707900008_R06C01	Ependymal Tumours	0.999761646	Posterior Fossa Ependymoma Group A	0.999730854	Posterior Fossa Ependymoma Group A1	0.999661545	EPN_PFA_1A	0.990636117	Ependymal tumors	0.989	Posterior fossa group A (PFA) ependymoma	0.988	EPN PFA 1A	0.987
BS_KC9C1TP7	205982900155_R05C01	Medulloblastoma	0.99986758	Medulloblastoma, SHH-Activated	0.999825965	Medulloblastoma, SHH-Activated, Subtype 2	0.997207248	MB_SHH_2	0.997207248	Medulloblastoma	0.99	Medulloblastoma, SHH-activated	0.988	MB SHH 2	0.987
BS_MQ55A0TN	205122170055_R05C01	Paediatric-Type Diffuse High-Grade Gliomas	0.705091661	Paediatric-Type Diffuse High-Grade Gliomas	0.691601707	Diffuse Paediatric-Type High Grade Glioma, RTK1 Subtype	0.672755182	pedHGG_RTK1A	0.633215595	Pediatric-type high-grade gliomas	0.333	Diffuse pediatric-type high-grade glioma, H3-wildtype and IDH-wildtype	0.324	pedHGG RTK1A	0.318
BS_A0DRD6JT	206430120137_R07C01	Paediatric-Type Diffuse High-Grade Gliomas	0.999595883	Diffuse Midline Glioma, H3k27-Altered	0.999594173	Diffuse Midline Glioma, H3 K27-Mutant / EZHIP Overexpressing	0.999594064	DMG_K27	0.999594064	Diffuse midline glioma, H3 K27-altered	0.981	Diffuse midline glioma, H3 K27-altered	0.981	DMG K27	0.981
BS_AZC81VGS	206402350095_R06C01	Low-Grade Glial/Glioneuronal/Neuroepithelial Tumours	0.958306527	Low-Grade Ganglioglial/Neuroepithelial Tumour	0.914141506	Supratentorial Pilocytic Astrocytoma	0.900050845	PA_CORT	0.900050845	Low-grade glial/glioneuronal tumors	0.986	Ganglioglioma	0.773	GG	0.773
BS_Y9VSZFYK	205589740019_R02C01	Ependymal Tumours	0.99998442	Supratentorial Ependymoma, ZFTA Fusion-Positive	0.999966932	Supratentorial Ependymoma, ZFTA:rela Fusion-Positive	0.999939623	EPN_ST_ZFTA_RELA_A	0.99993612	Ependymal tumors	0.989	Supratentorial ependymoma, ZFTA fusion-positive	0.988	EPN ST ZFTA RELA	0.988
BS_8GB5AH2Z	205624860047_R05C01	Medulloblastoma	0.995820051	Medulloblastoma Non-WNT/Non-SHH Activated	0.995131534	Medulloblastoma Group 4	0.934916149	MB_G34_V	0.744240089	Medulloblastoma	0.991	Medulloblastoma, non-WNT/non-SHH, Group 4	0.929	MB G4 V	0.832
BS_WSMYCJJQ	205567990034_R05C01	Tumours Of The Sellar Region	0.642095811	Craniopharyngioma	0.629152954	Adamantinomatous Craniopharyngioma	0.547502523	CPH_ADM	0.547502523	Epithelial tumors	0.98	Adamantinomatous craniopharyngioma	0.976	CPH ADM	0.976
BS_TQ5BX015	205707910014_R02C01	Ependymal Tumours	0.999959687	Supratentorial Ependymoma, ZFTA Fusion-Positive	0.999920492	Supratentorial Ependymoma, ZFTA:rela Fusion-Positive	0.999849955	EPN_ST_ZFTA_RELA_A	0.999849241	Ependymal tumors	0.989	Supratentorial ependymoma, ZFTA fusion-positive	0.985	EPN ST ZFTA RELA	0.985
BS_BE0X09CF	207343240057_R01C01	Paediatric-Type Diffuse High-Grade Gliomas	0.999828381	Diffuse Midline Glioma, H3k27-Altered	0.999826956	Diffuse Midline Glioma, H3 K27-Mutant / EZHIP Overexpressing	0.999826881	DMG_K27	0.999826881	Diffuse midline glioma, H3 K27-altered	0.987	Diffuse midline glioma, H3 K27-altered	0.987	DMG K27	0.987
BS_TWBD7741	206402350001_R08C01	Mesenchymal, Non-Meningothelial Tumours Involving The CNS	0.999993393	Tumours Of Uncertain Differentiation	0.999993272	CIC-Rearranged Sarcoma	0.999992623	CNS_SARC_CIC	0.999992623	Mesenchymal tumors	0.988	CIC-rearranged sarcoma	0.987	CNS SARC CIC	0.987
BS_5F87T08B	206390560189_R04C01	Cranial And Paraspinal Nerve Tumours	0.43457213	Cranial And Paraspinal Nerve Tumours	0.33686428	Plexiform Neurofibroma	0.330127644	NFIB_PLEX	0.330127644	Mesenchymal tumors	0.988	Plexiform neurofibroma	0.817	NFIB PLEX	0.817
BS_NRHPSZRN	205707900011_R06C01	Ependymal Tumours	0.999992389	Supratentorial Ependymoma, ZFTA Fusion-Positive	0.999992387	Supratentorial Ependymoma, ZFTA Fusion-Positive	0.99999235	EPN_ST_ZFTA_FUS_E	0.999756569	Ependymal tumors	0.988	Supratentorial ependymoma, ZFTA fusion-positive	0.981	EPN ST ZFTA FUS E	0.98
BS_FTF4DNPM	206390560168_R02C01	Adult-Type Diffuse Gliomas	0.427164776	Diffuse High-Grade Neuroepithelial Tumour [Adult-Type]	0.336792548	Gliomatosis Cerebri-like Glioma, IDH-wildtype	0.323024365	GCG	0.323024365	Low-grade glial/glioneuronal tumors	0.513	Ganglioglioma	0.291	GG	0.291
BS_NE7CH6GG	205624900008_R08C01	Meningioma	0.978675639	Meningioma	0.978675639	Meningioma, Benign	0.682460004	MNG_BEN_3	0.406966817	Meningioma	0.988	Meningioma, benign	0.513	MNG BEN 1	0.496
BS_SFD4VRYG	206430120148_R01C01	Medulloblastoma	0.99845817	Medulloblastoma Non-WNT/Non-SHH Activated	0.998280841	Medulloblastoma Group 3	0.986996509	MB_G34_III	0.783220521	Medulloblastoma	0.991	Medulloblastoma, non-WNT/non-SHH, Group 3	0.596	MB G3 II	0.344
BS_3V1YK5XG	206430120111_R01C01	Paediatric-Type Diffuse High-Grade Gliomas	0.998680533	Paediatric-Type Diffuse High-Grade Gliomas	0.998619763	Diffuse Paediatric-Type High Grade Glioma, H3 Wildtype And IDH Wild Type, Subtype A\&B (Novel)	0.998543048	pedHGG_A	0.998361307	Pediatric-type high-grade gliomas	0.372	Diffuse pediatric-type high-grade glioma, H3-wildtype and IDH-wildtype	0.355	pedHGG A	0.261
BS_9B13CNX5	205676380113_R04C01	Low-Grade Glial/Glioneuronal/Neuroepithelial Tumours	0.999984676	Low-Grade Glioneuronal Tumour	0.999981554	Dysembryoplastic Neuroepithelial Tumour	0.998235477	DNET	0.998235477	Low-grade glial/glioneuronal tumors	0.989	Dysembryoplastic neuroepithelial tumor	0.987	DNT	0.987
BS_VPVJTN5N	205589730018_R02C01	Low-Grade Glial/Glioneuronal/Neuroepithelial Tumours	0.999970917	Pilocytic Astrocytoma	0.999923043	Infratentorial Pilocytic Astrocytoma	0.999896017	PA_INF	0.999896017	Low-grade glial/glioneuronal tumors	0.99	Pilocytic astrocytoma	0.989	PA PF TYP	0.988
BS_7J80611F	206402350130_R07C01	Control Tissues	0.446923837	Control Brain Tissues	0.44545608	Control Tissue, White Matter (Corpus Callosum)	0.161384038	CTRL_CORPCAL	0.161384038	Low-grade glial/glioneuronal tumors	0.625	Pilocytic astrocytoma	0.463	PA PF TYP	0.391
BS_EEN15FNV	206390560071_R03C01	Medulloblastoma	0.998901157	Medulloblastoma, WNT Activated	0.996052491	Medulloblastoma, WNT Activated	0.996052491	MB_WNT	0.996052491	Medulloblastoma	0.989	Medulloblastoma, WNT-activated	0.986	MB WNT	0.986
BS_HVPBH3BV	205624900074_R04C01	Choroid Plexus Tumours	0.999918162	Choroid Plexus Tumours	0.999918162	Choroid Plexus Tumours Subtype B	0.999916729	CPT_PED_B	0.999916124	Choroid plexus tumors	0.984	Choroid plexus carcinoma	0.983	CPC PED	0.983
BS_EJYCZT6V	206430120133_R07C01	Medulloblastoma	0.952082171	Medulloblastoma Non-WNT/Non-SHH Activated	0.917657863	Medulloblastoma Group 4	0.907672419	MB_G34_VII	0.871840641	Medulloblastoma	0.983	Medulloblastoma, non-WNT/non-SHH, Group 4	0.979	MB G4 VII	0.977
BS_ASHZ8TDJ	205567990005_R05C01	Ependymal Tumours	0.999295323	Spinal Ependymoma (myxopapillary-enriched)	0.998917926	Spinal Ependymoma (myxopapillary-enriched)	0.998917926	EPN_MPE	0.998917926	Ependymal tumors	0.988	Myxopapillary ependymoma	0.934	EPN MPE A	0.928
BS_B4NHQPGV	206430120112_R03C01	Choroid Plexus Tumours	0.998817675	Choroid Plexus Tumours	0.998817675	Choroid Plexus Tumours Subtype A	0.998794131	CPT_AD_A	0.998651415	Choroid plexus tumors	0.391	Choroid plexus papilloma	0.39	CPP AD	0.389
BS_9VSFXYKW	205567990085_R05C01	Low-Grade Glial/Glioneuronal/Neuroepithelial Tumours	0.518636156	Low-Grade Ganglioglial/Neuroepithelial Tumour	0.411691584	Ganglioglioma	0.358591947	GG	0.358591947	Low-grade glial/glioneuronal tumors	0.989	Ganglioglioma	0.978	GG	0.978
BS_8R0WBGMK	205676390135_R02C01	Ependymal Tumours	0.99997899	Posterior Fossa Ependymoma Group B \& Posterior Fossa Subependymoma	0.999887574	Posterior Fossa Ependymoma Group B	0.999887425	EPN_PFB_4	0.999729612	Ependymal tumors	0.976	Posterior fossa group B (PFB) ependymoma	0.969	EPN PFB 4	0.967
BS_D21XZ09H	205676390057_R07C01	Other CNS Embryonal Tumours	0.999988041	Embryonal Tumour With Multilayered Rosettes	0.999987421	Embryonal Tumour With Multilayered Rosettes, C19MC Altered	0.999986982	ETMR_C19MC	0.999986982	Neuroblastic embryonal tumors	0.985	Embryonal tumor with multilayered rosettes	0.984	ETMR C19MC	0.984
BS_Q2GEG8P0	205982900127_R01C01	Adult-Type Diffuse Gliomas	0.203118658	Glioblastoma, IDH-Wildtype	0.185173265	Glioblastoma, IDH-Wildtype, Mesenchymal Type	0.165235056	GBM_MES_ATYP	0.120758784	Intermediate-grade IDH-wildtype gliomas	0.496	Pleomorphic xanthoastrocytoma	0.49	PXA	0.49
BS_XM6P6866	205624860012_R01C01	Mesenchymal, Non-Meningothelial Tumours Involving The CNS	0.246286596	Notochordal Tumours	0.14792553	Chordoma	0.14792553	CHORDM	0.14792553	Mesenchymal tumors	0.988	Chondrosarcoma	0.935	CSA CC	0.915
BS_EZZZ4AQH	205567980099_R07C01	Medulloblastoma	0.998906075	Medulloblastoma, SHH-Activated	0.998658434	Medulloblastoma, SHH-Activated, Subtype 3	0.709784303	MB_SHH_3	0.709784303	Medulloblastoma	0.991	Medulloblastoma, SHH-activated	0.987	MB SHH 4	0.986
BS_KA7M3DQS	206390560108_R03C01	Inflammatory Microenvironment	0.320208396	Inflammatory Microenvironment	0.320208396	Inflammatory Microenvironment	0.320208396	INFLAM_ENV	0.320208396	Epithelial tumors	0.931	Papillary craniopharyngioma	0.866	CPH PAP	0.866
BS_X8KW23DG	205707900137_R05C01	Ependymal Tumours	0.999976958	Posterior Fossa Ependymoma Group A	0.999969388	Posterior Fossa Ependymoma Group A1	0.999943938	EPN_PFA_1C	0.998506992	Ependymal tumors	0.989	Posterior fossa group A (PFA) ependymoma	0.988	EPN PFA 1C	0.988
BS_G6W9XK37	206390560159_R05C01	Paediatric-Type Diffuse High-Grade Gliomas	0.271521812	Diffuse Midline Glioma, H3k27-Altered	0.258370228	Diffuse Midline Glioma, H3 K27-Mutant / EZHIP Overexpressing	0.256238325	DMG_K27	0.256238325	Low-grade glial/glioneuronal tumors	0.868	Pilocytic astrocytoma	0.721	PA PF TYP	0.656
BS_0KHQTY67	205624860143_R05C01	Mesenchymal, Non-Meningothelial Tumours Involving The CNS	0.193676065	Meningioma	0.137758726	Meningioma, Benign	0.111385006	MNG_BEN_3	0.092968409	Mesenchymal tumors	0.988	Chondrosarcoma	0.958	CSA CC	0.947
BS_MZX42FGZ	205624860003_R01C01	Control Tissues	0.879077551	Control Brain Tissues	0.878634346	Control Tissue, White Matter (Corpus Callosum)	0.831598375	CTRL_CORPCAL	0.831598375	Control tissues	0.951	Control tissue, corpus callosum	0.902	CONTR CORPCAL	0.902
BS_3GFX9VHB	205982900155_R03C01	Medulloblastoma	0.497590527	Medulloblastoma, SHH-Activated	0.442099943	Medulloblastoma, SHH-Activated, Subtype 2	0.214243511	MB_SHH_2	0.214243511	Medulloblastoma	0.672	Medulloblastoma, SHH-activated	0.445	MB SHH 2	0.324
BS_7VRTRJRE	206390560038_R02C01	Paediatric-Type Diffuse High-Grade Gliomas	0.999497749	Diffuse Midline Glioma, H3k27-Altered	0.999494597	Diffuse Midline Glioma, H3 K27-Mutant / EZHIP Overexpressing	0.999491792	DMG_K27	0.999491792	Diffuse midline glioma, H3 K27-altered	0.987	Diffuse midline glioma, H3 K27-altered	0.987	DMG K27	0.987
BS_E4MAVH4Y	205566000010_R03C01	Medulloblastoma	0.999969651	Medulloblastoma Non-WNT/Non-SHH Activated	0.999964267	Medulloblastoma Group 3	0.999683898	MB_G34_IV	0.999348195	Medulloblastoma	0.99	Medulloblastoma, non-WNT/non-SHH, Group 3	0.989	MB G3 IV	0.988
BS_54YHJCC9	205648310151_R06C01	Cranial And Paraspinal Nerve Tumours	0.997498323	Cranial And Paraspinal Nerve Tumours	0.915502817	Plexiform Neurofibroma	0.915424733	NFIB_PLEX	0.915424733	Mesenchymal tumors	0.987	Plexiform neurofibroma	0.984	NFIB PLEX	0.984
BS_G6DSNCE9	205676380104_R03C01	Paediatric-Type Diffuse High-Grade Gliomas	0.907046714	Diffuse Midline Glioma, H3k27-Altered	0.900344719	Diffuse Midline Glioma, H3 K27-Mutant / EZHIP Overexpressing	0.895123567	DMG_K27	0.895123567	Diffuse midline glioma, H3 K27-altered	0.982	Diffuse midline glioma, H3 K27-altered	0.982	DMG K27	0.982
BS_AV2ANN9G	207356850155_R08C01	Diffuse Glioma, Mapk Altered, Cell-Cycle Activated	0.707492109	High-Grade Astrocytoma With Piloid Features	0.649703011	High-Grade Astrocytoma With Piloid Features	0.649703011	HGAP	0.649703011	Pediatric-type high-grade gliomas	0.634	Diffuse pediatric-type high-grade glioma, H3-wildtype and IDH-wildtype	0.621	pedHGG RTK1A	0.611
BS_KH679HCS	205707890059_R03C01	Ependymal Tumours	0.777805649	Posterior Fossa Ependymoma Group A	0.731220858	Posterior Fossa Ependymoma Group A1	0.564246499	EPN_PFA_1F	0.40539324	Ependymal tumors	0.989	Posterior fossa group A (PFA) ependymoma	0.986	EPN PFA 2A	0.985
BS_W0XE7GDM	205589730113_R05C01	Paediatric-Type Diffuse High-Grade Gliomas	0.99990182	Diffuse Midline Glioma, H3k27-Altered	0.999899487	Diffuse Midline Glioma, H3 K27-Mutant / EZHIP Overexpressing	0.999898867	DMG_K27	0.999898867	Diffuse midline glioma, H3 K27-altered	0.981	Diffuse midline glioma, H3 K27-altered	0.981	DMG K27	0.98
BS_7FZA386P	205624900173_R02C01	Paediatric-Type Diffuse High-Grade Gliomas	0.999179975	Infant-Type Hemispheric Glioma	0.999089798	Infant-Type Hemispheric Glioma	0.999089798	IHG	0.999089798	Pediatric-type high-grade gliomas	0.986	Infant-type hemispheric glioma	0.984	IHG TYP	0.984
BS_N55ANSCK	205624860020_R07C01	Neuroepithelial Tumour With PATZ1 Fusion	0.999992047	Neuroepithelial Tumour With PATZ1 Fusion	0.999992047	Neuroepithelial Tumour With PATZ1 Fusion	0.999992047	NET_PATZ1	0.999992047	Neuroblastic embryonal tumors	0.984	CNS tumor with PATZ1 fusion	0.979	CNS PATZ1 FUS	0.979
BS_160Z1FV0	206390560134_R05C01	Low-Grade Glial/Glioneuronal/Neuroepithelial Tumours	0.707390732	Low-Grade Ganglioglial/Neuroepithelial Tumour	0.692374598	Ganglioglioma	0.675238363	GG	0.675238363	Low-grade glial/glioneuronal tumors	0.986	Ganglioglioma	0.983	GG	0.983
BS_V2BZYFY4	206390560121_R01C01	Mesenchymal, Non-Meningothelial Tumours Involving The CNS	0.228856411	Meningioma	0.105491437	Haemangioblastoma	0.0824963	HMB	0.0824963	Mesenchymal tumors	0.988	Chondrosarcoma	0.798	CSA CC	0.724
BS_WDE40ZAY	205676390163_R07C01	Control Tissues	0.976129129	Control Tissue, Reactive Tumour Microenvironment	0.976073544	Control Tissue, Reactive Tumour Microenvironment	0.976073544	CTRL_REACTIVE	0.976073544	Control tissues	0.98	Control tissue, reactive tumor microenvironment	0.946	CONTR REACT	0.946
BS_047KD72M	205707890108_R07C01	Adult-Type Diffuse Gliomas	0.613115334	Diffuse High-Grade Neuroepithelial Tumour [Adult-Type]	0.592119652	Gliomatosis Cerebri-like Glioma, IDH-wildtype	0.580793557	GCG	0.580793557	Low-grade glial/glioneuronal tumors	0.988	Ganglioglioma	0.712	GG	0.712
BS_1SRBJ4WH	205624860047_R07C01	Medulloblastoma	0.999060239	Medulloblastoma, WNT Activated	0.997063957	Medulloblastoma, WNT Activated	0.997063957	MB_WNT	0.997063957	Medulloblastoma	0.991	Medulloblastoma, WNT-activated	0.987	MB WNT	0.987
BS_ZNPPWNFE	206402350011_R03C01	Paediatric-Type Diffuse High-Grade Gliomas	0.999968272	Paediatric-Type Diffuse High-Grade Gliomas	0.999967693	Diffuse Hemispheric Glioma, H3 G34-Mutant	0.999965292	DHG_G34	0.999965292	Pediatric-type high-grade gliomas	0.987	Diffuse hemispheric glioma, H3 G34-mutant	0.986	DHG G34	0.986
BS_76B3BYEZ	205657380112_R07C01	Low-Grade Glial/Glioneuronal/Neuroepithelial Tumours	0.994899441	Pilocytic Astrocytoma	0.991990996	Infratentorial Pilocytic Astrocytoma	0.985881274	PA_INF	0.985881274	Low-grade glial/glioneuronal tumors	0.989	Pilocytic astrocytoma	0.988	PA PF TYP	0.987
BS_ZR1W080B	205589730167_R04C01	Ependymal Tumours	0.630987228	Spinal Ependymoma (myxopapillary-enriched)	0.476381325	Spinal Ependymoma (myxopapillary-enriched)	0.476381325	EPN_MPE	0.476381325	Ependymal tumors	0.898	Myxopapillary ependymoma	0.7	EPN MPE A	0.685
BS_H9JCDE5Y	205676380026_R04C01	Low-Grade Glial/Glioneuronal/Neuroepithelial Tumours	0.969071397	Pilocytic Astrocytoma	0.962071535	Supratentorial Midline Pilocytic Astrocytoma	0.806371844	PA_MID	0.806371844	Low-grade glial/glioneuronal tumors	0.988	Pilocytic astrocytoma	0.967	PA PF TYP	0.809
BS_8Q26HK82	205657380013_R07C01	Cranial And Paraspinal Nerve Tumours	0.992221102	Schwann-Cell Tumours	0.638468751	Schwannoma	0.638052296	SCHW	0.638052296	Mesenchymal tumors	0.988	Plexiform neurofibroma	0.986	NFIB PLEX	0.986
BS_WNX4YZ5R	207356850155_R06C01	Adult-Type Diffuse Gliomas	0.981184195	Diffuse Glioma, IDH Mutant	0.98039959	Diffuse Glioma, IDH-Mutant And 1p19q Retained [Astroglial Type]	0.963665092	A_IDH_LG	0.962406309	Diffuse glioma, IDH-mutant	0.938	Astrocytoma, IDH-mutant, lower-grade	0.936	A IDH LG	0.936
BS_QE0MYJAD	205567980094_R05C01	Medulloblastoma	0.999397553	Medulloblastoma Non-WNT/Non-SHH Activated	0.999325216	Medulloblastoma Group 4	0.998830678	MB_G34_VII	0.970644139	Medulloblastoma	0.991	Medulloblastoma, non-WNT/non-SHH, Group 4	0.989	MB G4 VII	0.988
BS_FGQRF6AT	205624900024_R07C01	Meningioma	0.999316312	Meningioma	0.999316312	Meningioma, Benign	0.968371358	MNG_BEN_3	0.968243619	Meningioma	0.987	Meningioma, benign	0.986	MNG BEN 3	0.984
BS_8X8Y85AR	205624860109_R05C01	Neuroblastoma	0.428598633	Neuroblastoma	0.428598633	Neuroblastoma	0.428598633	NB_TMM_NEG	0.426881004	Mesenchymal tumors	0.324	Poorly differentiated chordoma	0.081	CHORDM PD	0.081
BS_ARVP8BAK	206390560133_R06C01	Paediatric-Type Diffuse High-Grade Gliomas	0.999997855	Paediatric-Type Diffuse High-Grade Gliomas	0.999997731	Diffuse Paediatric-Type High Grade Glioma, RTK1 Subtype	0.999997662	pedHGG_RTK1C	0.999984642	Pediatric-type high-grade gliomas	0.987	Diffuse pediatric-type high-grade glioma, H3-wildtype and IDH-wildtype	0.986	pedHGG RTK1C	0.985
BS_NYFQ7DW3	206402350095_R08C01	Cranial And Paraspinal Nerve Tumours	0.466728555	Meningioma	0.394341477	Meningioma, Benign	0.372009755	NFIB_PLEX	0.37017126	Mesenchymal tumors	0.985	Plexiform neurofibroma	0.985	NFIB PLEX	0.985
BS_Y5J1CXK4	206390560158_R03C01	Medulloblastoma	0.999904135	Medulloblastoma Non-WNT/Non-SHH Activated	0.999893675	Medulloblastoma Group 4	0.999883963	MB_G34_VIII	0.999757482	Medulloblastoma	0.99	Medulloblastoma, non-WNT/non-SHH, Group 4	0.989	MB G4 VIII	0.988
BS_VKRANPWV	205624860109_R03C01	Choroid Plexus Tumours	0.999997242	Choroid Plexus Tumours	0.999997242	Choroid Plexus Tumours Subtype A	0.999996953	CPT_PED_A	0.999996859	Choroid plexus tumors	0.985	Choroid plexus papilloma	0.984	CPP PED	0.984
BS_1V5C9YRJ	205624900023_R07C01	Paediatric-Type Diffuse High-Grade Gliomas	0.936124031	Diffuse Midline Glioma, H3k27-Altered	0.932513943	Diffuse Midline Glioma, H3 K27-Mutant / EZHIP Overexpressing	0.932260505	DMG_K27	0.932260505	Diffuse midline glioma, H3 K27-altered	0.986	Diffuse midline glioma, H3 K27-altered	0.986	DMG K27	0.986
BS_H5A4K82Q	206390560112_R04C01	Tumours Of The Sellar Region	0.999351522	Craniopharyngioma	0.999309521	Adamantinomatous Craniopharyngioma	0.999308649	CPH_ADM	0.999308649	Epithelial tumors	0.987	Adamantinomatous craniopharyngioma	0.986	CPH ADM	0.986
BS_PCY5BW8K	205676390135_R06C01	Adult-Type Diffuse Gliomas	0.999988348	Diffuse Glioma, IDH Mutant	0.999987865	Diffuse Glioma, IDH-Mutant And 1p19q Retained [Astroglial Type]	0.999979381	A_IDH_LG	0.999950899	Diffuse glioma, IDH-mutant	0.988	Astrocytoma, IDH-mutant, lower-grade	0.986	A IDH LG	0.986
BS_E900B9S5	205624860020_R03C01	Low-Grade Glial/Glioneuronal/Neuroepithelial Tumours	0.59284653	Low-Grade Glioneuronal Tumour	0.419886426	Myxoid Glioneuronal Tumour, PDGFRA-Mutant	0.189418903	MYXGNT	0.189418903	Low-grade glial/glioneuronal tumors	0.988	Pilocytic astrocytoma	0.766	PA PF TYP	0.377
BS_HXQNWQEH	206402350106_R07C01	Other CNS Embryonal Tumours	0.99994661	Atypical Teratoid Rhabdoid Tumour	0.999938099	Atypical Teratoid Rhabdoid Tumour, SHH Activated	0.999196782	ATRT_SHH	0.999196782	SMARC-altered tumors	0.987	Atypical teratoid/rhabdoid tumor	0.987	ATRT SHH	0.986
BS_7Q3AEAM5	205657380093_R08C01	Low-Grade Glial/Glioneuronal/Neuroepithelial Tumours	0.999976899	Low-Grade Glioneuronal Tumour	0.99997221	Dysembryoplastic Neuroepithelial Tumour	0.984205396	DNET	0.984205396	Low-grade glial/glioneuronal tumors	0.99	Dysembryoplastic neuroepithelial tumor	0.987	DNT	0.987
BS_T12T8R20	205657390084_R04C01	Low-Grade Glial/Glioneuronal/Neuroepithelial Tumours	0.999999982	Pilocytic Astrocytoma	0.999999978	Supratentorial Midline Pilocytic Astrocytoma	0.999999964	PA_MID	0.999999964	Low-grade glial/glioneuronal tumors	0.99	Pilocytic astrocytoma	0.988	PA MID	0.987
BS_HXJK25E5	206390560083_R04C01	Ependymal Tumours	0.999971295	Posterior Fossa Ependymoma Group A	0.999966176	Posterior Fossa Ependymoma Group A1	0.999872477	EPN_PFA_1E	0.952533137	Ependymal tumors	0.989	Posterior fossa group A (PFA) ependymoma	0.986	EPN PFA 1E	0.983
BS_6YY5FQJX	205657380024_R04C01	Neuroepithelial Tumour, PLAGl1-Fused	0.99969164	Neuroepithelial Tumour, PLAGl1-Fused	0.99969164	Neuroepithelial Tumour, PLAGl1-Fused	0.99969164	NET_PLAGL1_FUS	0.99969164	Neuroblastic embryonal tumors	0.984	CNS tumor, PLAGL1 fusion-positive	0.982	CNS PLAGL1 FUS	0.982
BS_3ENRPP86	206390560106_R07C01	Ependymal Tumours	0.989935007	Posterior Fossa Ependymoma Group A	0.987966171	Posterior Fossa Ependymoma Group A1	0.985833084	EPN_PFA_1A	0.825954346	Ependymal tumors	0.988	Posterior fossa group A (PFA) ependymoma	0.986	EPN PFA 1A	0.984
BS_FR3VPEHX	205624860137_R07C01	Low-Grade Glial/Glioneuronal/Neuroepithelial Tumours	0.997362356	Pilocytic Astrocytoma	0.995621433	Infratentorial Pilocytic Astrocytoma	0.990994245	PA_INF	0.990994245	Low-grade glial/glioneuronal tumors	0.989	Pilocytic astrocytoma	0.988	PA PF TYP	0.987
BS_G63HAA4X	205624900022_R04C01	Paediatric-Type Diffuse High-Grade Gliomas	0.607973398	Paediatric-Type Diffuse High-Grade Gliomas	0.335065303	Diffuse Paediatric-Type High Grade Glioma, MYCN Subtype	0.251462747	pedHGG_MYCN	0.251462747	Pediatric-type high-grade gliomas	0.976	Infant-type hemispheric glioma	0.679	IHG TYP	0.675
BS_PYYQTG34	206402350130_R05C01	Paediatric-Type Diffuse High-Grade Gliomas	0.999931593	Diffuse Midline Glioma, H3k27-Altered	0.999927429	Diffuse Midline Glioma, H3 K27-Mutant / EZHIP Overexpressing	0.99992689	DMG_K27	0.99992689	Diffuse midline glioma, H3 K27-altered	0.987	Diffuse midline glioma, H3 K27-altered	0.987	DMG K27	0.987
BS_531J8P48	205657380112_R05C01	Circumscribed Astrocytic Tumours	0.999421962	Subependymal Giant Cell Astrocytoma	0.999418907	Subependymal Giant Cell Astrocytoma	0.999418907	SEGA	0.999418907	Low-grade glial/glioneuronal tumors	0.987	Subependymal giant cell astrocytoma	0.984	SEGA	0.984
BS_PY9FREBW	209890280173_R02C01	Other CNS Embryonal Tumours	0.930548504	Embryonal Tumour With Multilayered Rosettes	0.927474733	Embryonal Tumour With Multilayered Rosettes-Like	0.898353366	ETMR_Atyp	0.898353366	Neuroblastic embryonal tumors	0.983	Embryonal tumor with multilayered rosettes	0.978	ETMR non-C19MC	0.976
BS_ZD9P085G	206402350117_R03C01	Choroid Plexus Tumours	0.976189624	Choroid Plexus Tumours	0.976189624	Choroid Plexus Tumours Subtype B	0.975207849	CPT_PED_B	0.974876065	Choroid plexus tumors	0.851	Choroid plexus carcinoma	0.849	CPC PED	0.849
BS_Z5AD9WRE	206430120132_R07C01	Paediatric-Type Diffuse High-Grade Gliomas	0.992937133	Diffuse Midline Glioma, H3k27-Altered	0.992592735	Diffuse Midline Glioma, H3 K27-Mutant / EZHIP Overexpressing	0.992588461	DMG_K27	0.992588461	Diffuse midline glioma, H3 K27-altered	0.987	Diffuse midline glioma, H3 K27-altered	0.987	DMG K27	0.987
BS_RWHC2Y7G	205624900074_R06C01	Medulloblastoma	0.999383411	Medulloblastoma, SHH-Activated	0.999218254	Medulloblastoma, SHH-Activated, Subtype 2	0.624168251	MB_SHH_2	0.624168251	Medulloblastoma	0.991	Medulloblastoma, SHH-activated	0.955	MB SHH 2	0.926
BS_HQ70M3HD	206390560073_R07C01	Tumours Of The Sellar Region	0.618015608	Craniopharyngioma	0.601323497	Papillary Craniopharyngioma	0.499489548	CPH_PAP	0.499489548	Epithelial tumors	0.972	Papillary craniopharyngioma	0.913	CPH PAP	0.913
BS_36X3XJ0A	205589730018_R08C01	Low-Grade Glial/Glioneuronal/Neuroepithelial Tumours	0.953493425	Low-Grade Ganglioglial/Neuroepithelial Tumour	0.774981487	Supratentorial Pilocytic Astrocytoma	0.774356369	PA_CORT	0.774356369	Low-grade glial/glioneuronal tumors	0.99	Pilocytic astrocytoma	0.988	PA ST	0.987
BS_RQBSTPB1	205624860118_R08C01	Low-Grade Glial/Glioneuronal/Neuroepithelial Tumours	0.566633033	Low-Grade Ganglioglial/Neuroepithelial Tumour	0.430163208	Ganglioglioma	0.299883065	GG	0.299883065	Low-grade glial/glioneuronal tumors	0.988	Ganglioglioma	0.978	GG	0.978
BS_CCC607HX	205624900107_R04C01	Inflammatory Microenvironment	0.999418064	Inflammatory Microenvironment	0.999418064	Inflammatory Microenvironment	0.999418064	INFLAM_ENV	0.999418064	Control tissues	0.985	Control tissue, inflammatory microenvironment	0.916	CONTR INFLAM	0.916
BS_7HASJ8Z2	205707900107_R05C01	Control Tissues	0.999598232	Control Brain Tissues	0.999598232	Control Tissue, Cerebellar Hemisphere	0.999598232	CTRL_CBM	0.999598232	Control tissues	0.976	Control tissue, cerebellum	0.896	CONTR CEBM	0.896
BS_ZQ29NTTA	205657390049_R02C01	Ependymal Tumours	0.990465344	Supratentorial Ependymoma, ZFTA Fusion-Positive	0.988204018	Supratentorial Ependymoma, ZFTA:rela Fusion-Positive	0.975304625	EPN_ST_ZFTA_RELA_A	0.975212742	Ependymal tumors	0.986	Supratentorial ependymoma, ZFTA fusion-positive	0.981	EPN ST ZFTA RELA	0.981
BS_P9G0E57D	205657380092_R01C01	Other CNS Embryonal Tumours	0.999083526	CNS BCOR-Altered Tumours	0.999027236	Neuroepithelial Tumour With BCOR Internal Tandem Duplication	0.999027169	CNS_BCOR_ITD	0.999027169	BCOR-altered tumors	0.979	CNS tumor with BCOR internal tandem duplication	0.979	CNS BCOR ITD	0.979
BS_YS76FT7P	206390560133_R04C01	Tumours Of The Sellar Region	0.879448654	Craniopharyngioma	0.8754635	Papillary Craniopharyngioma	0.806128602	CPH_PAP	0.806128602	Epithelial tumors	0.983	Papillary craniopharyngioma	0.98	CPH PAP	0.98
BS_JQD0V916	205657390087_R07C01	Low-Grade Glial/Glioneuronal/Neuroepithelial Tumours	0.999917711	Pilocytic Astrocytoma	0.999810583	Infratentorial Pilocytic Astrocytoma	0.999719138	PA_INF	0.999719138	Low-grade glial/glioneuronal tumors	0.99	Pilocytic astrocytoma	0.989	PA PF TYP	0.988
BS_G5W0Q8Q2	206402350044_R02C01	Paediatric-Type Diffuse High-Grade Gliomas	0.999970828	Infant-Type Hemispheric Glioma	0.999967538	Infant-Type Hemispheric Glioma	0.999967538	IHG	0.999967538	Pediatric-type high-grade gliomas	0.987	Infant-type hemispheric glioma	0.986	IHG TYP	0.986
BS_ZWMR18ZE	209890270010_R04C01	Control Tissues	0.999876134	Control Brain Tissues	0.999876134	Control Tissue, Cerebellar Hemisphere	0.999876134	CTRL_CBM	0.999876134	Low-grade glial/glioneuronal tumors	0.598	Pilocytic astrocytoma	0.598	PA PF VAR	0.598
BS_9SKATEWM	206402350056_R05C01	Mesenchymal, Non-Meningothelial Tumours Involving The CNS	0.264799195	Notochordal Tumours	0.198462749	Chordoma	0.198462749	CHORDM	0.198462749	Mesenchymal tumors	0.988	Chondrosarcoma	0.75	CSA CC	0.326
BS_9BSRGSRQ	207211180125_R08C01	Adult-Type Diffuse Gliomas	0.99936976	Diffuse Glioma, IDH Mutant	0.999339432	Diffuse Glioma, IDH-Mutant And 1p19q Retained [Astroglial Type]	0.994519237	A_IDH_LG	0.99388426	Diffuse glioma, IDH-mutant	0.988	Astrocytoma, IDH-mutant, lower-grade	0.987	A IDH LG	0.987
BS_GNS3DD0V	205566000166_R03C01	Low-Grade Glial/Glioneuronal/Neuroepithelial Tumours	0.981491045	Pilocytic Astrocytoma	0.897744693	Supratentorial Midline Pilocytic Astrocytoma	0.772339187	PA_MID	0.772339187	Low-grade glial/glioneuronal tumors	0.989	Pilocytic astrocytoma	0.977	PA MID	0.959
BS_RK04GPWZ	205707900053_R04C01	Ependymal Tumours	0.999846164	Posterior Fossa Ependymoma Group A	0.999825297	Posterior Fossa Ependymoma Group A1	0.999736814	EPN_PFA_1D	0.97446776	Ependymal tumors	0.989	Posterior fossa group A (PFA) ependymoma	0.985	EPN PFA 1D	0.981
BS_NKCBXCTJ	206430120161_R03C01	Cranial And Paraspinal Nerve Tumours	0.152270354	Neuroblastoma	0.150043114	Neuroblastoma	0.150043114	NB_TMM_NEG	0.147409492	Mesenchymal tumors	0.723	Malignant melanotic nerve sheath tumor	0.271	MMNST	0.271
BS_RX11G9TX	205566000004_R05C01	Low-Grade Glial/Glioneuronal/Neuroepithelial Tumours	0.999996434	Pilocytic Astrocytoma	0.999974895	Infratentorial Pilocytic Astrocytoma	0.999972741	PA_INF	0.999972741	Low-grade glial/glioneuronal tumors	0.99	Pilocytic astrocytoma	0.989	PA PF TYP	0.988
BS_2S2R8GH5	205676390146_R01C01	Medulloblastoma	0.999998281	Medulloblastoma, WNT Activated	0.999993099	Medulloblastoma, WNT Activated	0.999993099	MB_WNT	0.999993099	Medulloblastoma	0.991	Medulloblastoma, WNT-activated	0.988	MB WNT	0.988
BS_KGXAYTR3	206402350049_R06C01	Medulloblastoma	0.999988374	Medulloblastoma Non-WNT/Non-SHH Activated	0.999987124	Medulloblastoma Group 3	0.99994199	MB_G34_IV	0.992906039	Medulloblastoma	0.991	Medulloblastoma, non-WNT/non-SHH, Group 3	0.989	MB G3 IV	0.988
BS_XNJRS08G	205676390068_R03C01	Inflammatory Microenvironment	0.728403461	Inflammatory Microenvironment	0.728403461	Inflammatory Microenvironment	0.728403461	INFLAM_ENV	0.728403461	Control tissues	0.908	Control tissue, white blood cells	0.794	CONTR BLOOD	0.794
BS_E4HBQSCW	206402350045_R02C01	Paediatric-Type Diffuse High-Grade Gliomas	0.999349894	Diffuse Midline Glioma, H3k27-Altered	0.999331442	Diffuse Midline Glioma, H3 K27-Mutant / EZHIP Overexpressing	0.999309893	DMG_K27	0.999309893	Diffuse midline glioma, H3 K27-altered	0.986	Diffuse midline glioma, H3 K27-altered	0.986	DMG K27	0.986
BS_AAVNFHHB	205624900125_R05C01	Low-Grade Glial/Glioneuronal/Neuroepithelial Tumours	0.998168173	Low-Grade Glioneuronal Tumour	0.997999387	Rosette-Forming Glioneuronal Tumour	0.994735776	RGNT	0.994735776	Low-grade glial/glioneuronal tumors	0.987	Rosette-forming glioneuronal tumor	0.915	RGNT	0.915
BS_XSME1PXF	205657380118_R03C01	Low-Grade Glial/Glioneuronal/Neuroepithelial Tumours	0.872218263	Pilocytic Astrocytoma	0.869017873	Supratentorial Midline Pilocytic Astrocytoma	0.865023412	PA_MID	0.865023412	Low-grade glial/glioneuronal tumors	0.978	Pilocytic astrocytoma	0.974	PA MID	0.969
BS_WJJHFGX7	206430120112_R04C01	Meningioma	0.996364009	Meningioma	0.996364009	Meningioma, Benign	0.988667006	MNG_BEN_1	0.984147212	Meningioma	0.988	Meningioma, benign	0.987	MNG BEN 1	0.986
BS_RWKHJFYY	205624900145_R07C01	Low-Grade Glial/Glioneuronal/Neuroepithelial Tumours	0.999544668	Pilocytic Astrocytoma	0.999264976	Infratentorial Pilocytic Astrocytoma	0.998751886	PA_INF	0.998751886	Low-grade glial/glioneuronal tumors	0.989	Pilocytic astrocytoma	0.989	PA PF TYP	0.988
BS_VE1D2BFM	206430120054_R08C01	Medulloblastoma	0.969608234	Medulloblastoma Non-WNT/Non-SHH Activated	0.947257673	Medulloblastoma Group 4	0.840479599	MB_G34_VII	0.832637051	Medulloblastoma	0.99	Medulloblastoma, non-WNT/non-SHH, Group 4	0.841	MB G4 VII	0.809
BS_05KKQDPR	206430120102_R05C01	Choroid Plexus Tumours	0.999458466	Choroid Plexus Tumours	0.999458466	Choroid Plexus Tumours Subtype A	0.998702139	CPT_PED_A	0.998204119	Choroid plexus tumors	0.986	Choroid plexus papilloma	0.985	CPP PED	0.985
BS_FXNF886A	206390560075_R06C01	Control Tissues	0.982761251	Control Brain Tissues	0.982620215	Control Tissue, Hemispheric Cortex	0.982410147	CTRL_HEMI	0.982410147	Control tissues	0.911	Control tissue, cerebral hemisphere	0.893	CONTR HEMI	0.893
BS_C32A6KDR	205707890087_R07C01	Cranial And Paraspinal Nerve Tumours	0.999650407	Schwann-Cell Tumours	0.999320185	Schwannoma	0.999238583	SCHW	0.999238583	Mesenchymal tumors	0.989	Schwannoma	0.979	SCHW	0.979
BS_XPV22DSD	205566000152_R07C01	Medulloblastoma	0.998347996	Medulloblastoma, SHH-Activated	0.997973778	Medulloblastoma, SHH-Activated, Subtype 1	0.981042353	MB_SHH_1	0.981042353	Medulloblastoma	0.99	Medulloblastoma, SHH-activated	0.988	MB SHH 1	0.988
BS_K4MHEHHC	206430120127_R01C01	Paediatric-Type Diffuse High-Grade Gliomas	0.978417042	Diffuse Midline Glioma, H3k27-Altered	0.978130782	Diffuse Midline Glioma, H3 K27-Mutant / EZHIP Overexpressing	0.978116058	DMG_K27	0.978116058	Diffuse midline glioma, H3 K27-altered	0.987	Diffuse midline glioma, H3 K27-altered	0.987	DMG K27	0.987
BS_34T9AF7H	209890270010_R06C01	Paediatric-Type Diffuse High-Grade Gliomas	0.9994292	Diffuse Midline Glioma, H3k27-Altered	0.999382421	Diffuse Midline Glioma, H3 K27-Mutant / EZHIP Overexpressing	0.999379109	DMG_K27	0.999379109	Diffuse midline glioma, H3 K27-altered	0.987	Diffuse midline glioma, H3 K27-altered	0.987	DMG K27	0.986
BS_WWHA79G6	206390560164_R03C01	Meningioma	0.927639678	Meningioma	0.927639678	Meningioma, Benign	0.922557475	MNG_BEN_1	0.911154339	Meningioma	0.982	Meningioma, benign	0.981	MNG BEN 1	0.98
BS_AD3VZ8AP	206390560080_R08C01	Paediatric-Type Diffuse High-Grade Gliomas	0.99999389	Diffuse Midline Glioma, H3k27-Altered	0.999993886	Diffuse Midline Glioma, H3 K27-Mutant / EZHIP Overexpressing	0.999993885	DMG_K27	0.999993885	Diffuse midline glioma, H3 K27-altered	0.987	Diffuse midline glioma, H3 K27-altered	0.987	DMG K27	0.986
BS_2FDZH6C1	206390560189_R07C01	Low-Grade Glial/Glioneuronal/Neuroepithelial Tumours	0.968824108	Low-Grade Glioneuronal Tumour	0.837356494	Dysembryoplastic Neuroepithelial Tumour	0.666827994	DNET	0.666827994	Low-grade glial/glioneuronal tumors	0.989	Dysembryoplastic neuroepithelial tumor	0.568	DNT	0.568
BS_SZ9SVSBH	205707900078_R02C01	Other CNS Embryonal Tumours	0.945246681	CNS BCOR-Altered Tumours	0.941456065	Neuroepithelial Tumour With BCOR Internal Tandem Duplication	0.900065057	CNS_BCOR_ITD	0.900065057	BCOR-altered tumors	0.781	CNS tumor with BCOR/BCORL1 fusion	0.76	CNS BCOR FUS	0.76
BS_C3H1GKM5	206402350054_R03C01	Ependymal Tumours	0.998220866	Posterior Fossa Ependymoma Group A	0.997920629	Posterior Fossa Ependymoma Group A2	0.994769022	EPN_PFA_2A	0.877948491	Ependymal tumors	0.989	Posterior fossa group A (PFA) ependymoma	0.986	EPN PFA 2A	0.985
BS_XT819MS0	205624860109_R01C01	Low-Grade Glial/Glioneuronal/Neuroepithelial Tumours	0.975229073	Pilocytic Astrocytoma	0.939354893	Infratentorial Pilocytic Astrocytoma	0.934705595	PA_INF	0.934705595	Low-grade glial/glioneuronal tumors	0.989	Pilocytic astrocytoma	0.988	PA PF TYP	0.987
BS_ZPV4EG1D	205567980059_R06C01	Low-Grade Glial/Glioneuronal/Neuroepithelial Tumours	0.969604372	Pilocytic Astrocytoma	0.965944437	Infratentorial Pilocytic Astrocytoma	0.955315835	PA_INF	0.955315835	Intermediate-grade IDH-wildtype gliomas	0.714	Diffuse leptomeningeal glioneuronal tumor	0.472	DLGNT 1	0.469
BS_KM77267Z	205567990072_R02C01	Tumours Of The Sellar Region	0.821330672	Craniopharyngioma	0.813999785	Adamantinomatous Craniopharyngioma	0.800904979	CPH_ADM	0.800904979	Epithelial tumors	0.983	Adamantinomatous craniopharyngioma	0.978	CPH ADM	0.978
BS_0PYT2GFF	207356840047_R03C01	Adult-Type Diffuse Gliomas	0.999512335	Glioblastoma, IDH-Wildtype	0.999511338	Glioblastoma, IDH-Wildtype, Mesenchymal Type	0.999504447	GBM_MES_ATYP	0.999440845	Glioblastoma, IDH-wildtype	0.989	Glioblastoma, IDH-wildtype	0.989	GBM MES ATYP	0.986
BS_HP7S6Y13	206390560133_R01C01	Medulloblastoma	0.998633561	Medulloblastoma, SHH-Activated	0.998332874	Medulloblastoma, SHH-Activated, Subtype 2	0.853501121	MB_SHH_2	0.853501121	Medulloblastoma	0.99	Medulloblastoma, SHH-activated	0.974	MB SHH 1	0.963
BS_AF50JW46	206402350106_R05C01	Paediatric-Type Diffuse High-Grade Gliomas	0.998217236	Diffuse Midline Glioma, H3k27-Altered	0.997499451	Diffuse Midline Glioma, H3 K27-Mutant / EZHIP Overexpressing	0.997499131	DMG_K27	0.997499131	Diffuse midline glioma, H3 K27-altered	0.986	Diffuse midline glioma, H3 K27-altered	0.986	DMG K27	0.986
BS_WQPCGFZF	206390560054_R07C01	Choroid Plexus Tumours	0.961795361	Choroid Plexus Tumours	0.961795361	Choroid Plexus Tumours Subtype B	0.931834399	CPT_PED_B	0.930558483	Choroid plexus tumors	0.986	Choroid plexus carcinoma	0.985	CPC PED	0.985
BS_KNK09XTZ	206402350021_R01C01	Other CNS Embryonal Tumours	0.999688554	Atypical Teratoid Rhabdoid Tumour	0.999659201	Atypical Teratoid Rhabdoid Tumour, MYC Activated	0.999006353	ATRT_MYC	0.999006353	SMARC-altered tumors	0.986	Atypical teratoid/rhabdoid tumor	0.986	ATRT MYC	0.984
BS_FCYQ2N8J	206390560119_R08C01	Paediatric-Type Diffuse High-Grade Gliomas	0.999986399	Diffuse Midline Glioma, H3k27-Altered	0.999986324	Diffuse Midline Glioma, H3 K27-Mutant / EZHIP Overexpressing	0.999986017	DMG_K27	0.999986017	Diffuse midline glioma, H3 K27-altered	0.987	Diffuse midline glioma, H3 K27-altered	0.987	DMG K27	0.986
BS_TCGPDYNM	206390560021_R03C01	Other CNS Embryonal Tumours	0.999870238	Atypical Teratoid Rhabdoid Tumour	0.999842257	Atypical Teratoid Rhabdoid Tumour, MYC Activated	0.999183151	ATRT_MYC	0.999183151	SMARC-altered tumors	0.987	Atypical teratoid/rhabdoid tumor	0.987	ATRT MYC	0.986
BS_PD456HN3	206390560183_R06C01	Tumours Of The Sellar Region	0.999615145	Craniopharyngioma	0.999593821	Adamantinomatous Craniopharyngioma	0.999593609	CPH_ADM	0.999593609	Epithelial tumors	0.987	Adamantinomatous craniopharyngioma	0.986	CPH ADM	0.986
BS_6STP8KG4	206390560067_R07C01	Low-Grade Glial/Glioneuronal/Neuroepithelial Tumours	0.999748204	Low-Grade Glioneuronal Tumour	0.999729248	Dysembryoplastic Neuroepithelial Tumour	0.996175951	DNET	0.996175951	Low-grade glial/glioneuronal tumors	0.989	Dysembryoplastic neuroepithelial tumor	0.986	DNT	0.986
BS_V3WDSJY3	205657380135_R05C01	Low-Grade Glial/Glioneuronal/Neuroepithelial Tumours	0.991714458	Pilocytic Astrocytoma	0.972972348	Infratentorial Pilocytic Astrocytoma	0.950859787	PA_INF	0.950859787	Low-grade glial/glioneuronal tumors	0.989	Pilocytic astrocytoma	0.988	PA PF TYP	0.987
BS_S943QRY2	205624900169_R08C01	Low-Grade Glial/Glioneuronal/Neuroepithelial Tumours	0.51142118	Low-Grade Ganglioglial/Neuroepithelial Tumour	0.431573496	Ganglioglioma	0.209794858	GG	0.209794858	Low-grade glial/glioneuronal tumors	0.976	Ganglioglioma	0.778	GG	0.778
BS_75P5BC58	205624860161_R02C01	Low-Grade Glial/Glioneuronal/Neuroepithelial Tumours	0.999861392	Pilocytic Astrocytoma	0.999317714	Infratentorial Pilocytic Astrocytoma	0.999214004	PA_INF	0.999214004	Low-grade glial/glioneuronal tumors	0.989	Pilocytic astrocytoma	0.988	PA PF TYP	0.988
BS_Y0WK0609	205566000166_R07C01	Control Tissues	0.560517284	Control Tissue, Reactive Tumour Microenvironment	0.56022976	Control Tissue, Reactive Tumour Microenvironment	0.56022976	CTRL_REACTIVE	0.56022976	Low-grade glial/glioneuronal tumors	0.538	Pilocytic astrocytoma	0.37	PA ST	0.292
BS_VK5DAZCB	205624860121_R04C01	Low-Grade Glial/Glioneuronal/Neuroepithelial Tumours	0.999954389	Pilocytic Astrocytoma	0.999869616	Infratentorial Pilocytic Astrocytoma	0.999859069	PA_INF	0.999859069	Low-grade glial/glioneuronal tumors	0.989	Pilocytic astrocytoma	0.989	PA PF TYP	0.988
BS_YG39AE0N	206390560158_R02C01	Medulloblastoma	0.99998917	Medulloblastoma Non-WNT/Non-SHH Activated	0.999986241	Medulloblastoma Group 3	0.999365387	MB_G34_I	0.998988957	Medulloblastoma	0.991	Medulloblastoma, non-WNT/non-SHH, Group 3	0.989	MB G3 I	0.988
BS_7NXX6BKF	206390560189_R08C01	Other CNS Embryonal Tumours	0.999988436	CNS Embryonal Tumour With PLAG-Family Amplification	0.999988426	CNS Embryonal Tumour With PLAG-Family Amplification	0.999988426	ET_PLAG	0.999988426	Neuroblastic embryonal tumors	0.984	CNS embryonal tumor with PLAG-family amplification	0.977	CNS PLAG AMP	0.977
BS_WKCWT9J1	205125590007_R08C01	Paediatric-Type Diffuse High-Grade Gliomas	0.644422296	Paediatric-Type Diffuse High-Grade Gliomas	0.644015362	Diffuse Paediatric-Type High Grade Glioma, MYCN Subtype	0.635589553	pedHGG_MYCN	0.635589553	Neuroblastic embryonal tumors	0.65	CNS embryonal tumor with PLAG-family amplification	0.438	CNS PLAG AMP	0.438
BS_WR25KFQG	206390560039_R08C01	Medulloblastoma	0.998461133	Medulloblastoma Non-WNT/Non-SHH Activated	0.998268791	Medulloblastoma Group 4	0.998114985	MB_G34_VIII	0.976878391	Medulloblastoma	0.991	Medulloblastoma, non-WNT/non-SHH, Group 4	0.988	MB G4 VIII	0.987
BS_4XRT5H2P	205624870153_R01C01	Medulloblastoma	0.959758881	Medulloblastoma Non-WNT/Non-SHH Activated	0.942646759	Medulloblastoma Group 4	0.907755877	MB_G34_VII	0.861942308	Medulloblastoma	0.989	Medulloblastoma, non-WNT/non-SHH, Group 4	0.986	MB G4 VII	0.985
BS_78QHTGF8	205657380008_R02C01	Mesenchymal, Non-Meningothelial Tumours Involving The CNS	0.231253931	Meningioma	0.1346238	Meningioma, Benign	0.112033941	MNG_BEN_3	0.090758752	Mesenchymal tumors	0.989	Chondrosarcoma	0.791	CSA GROUP A	0.468
BS_910X6NM7	205624900061_R03C01	Mesenchymal, Non-Meningothelial Tumours Involving The CNS	0.999907201	Tumours Of Uncertain Differentiation	0.999901769	Ewing Sarcoma	0.99989618	EWS	0.99989618	Neuroblastic embryonal tumors	0.983	Ewing sarcoma	0.98	EWS	0.98
BS_J3V76W4V	205657380093_R03C01	Ependymal Tumours	0.99985561	Posterior Fossa Ependymoma Group A	0.999831835	Posterior Fossa Ependymoma Group A1	0.999575878	EPN_PFA_1E	0.859534557	Ependymal tumors	0.989	Posterior fossa group A (PFA) ependymoma	0.94	EPN PFA 1D	0.482
BS_Y1CFCD70	205624900173_R05C01	Ependymal Tumours	0.999688244	Supratentorial Ependymoma, ZFTA Fusion-Positive	0.999431631	Supratentorial Ependymoma, ZFTA:rela Fusion-Positive	0.999149765	EPN_ST_ZFTA_RELA_A	0.999139286	Ependymal tumors	0.989	Supratentorial ependymoma, ZFTA fusion-positive	0.935	EPN ST ZFTA RELA	0.934
BS_XHSXZ5EQ	206402350029_R02C01	Diffuse Glioma, Mapk Altered, Cell-Cycle Activated	0.999037327	High-Grade Astrocytoma With Piloid Features	0.998884756	High-Grade Astrocytoma With Piloid Features	0.998884756	HGAP	0.998884756	Intermediate-grade IDH-wildtype gliomas	0.988	High-grade astrocytoma with piloid features	0.986	HGAP	0.986
BS_PA5MWGZN	206390560063_R07C01	Circumscribed Astrocytic Tumours	0.202930117	Subependymal Giant Cell Astrocytoma	0.20137851	Subependymal Giant Cell Astrocytoma	0.20137851	SEGA	0.20137851	Mesenchymal tumors	0.417	Chordoma	0.068	CHORDM	0.068
BS_1Z86DC87	205657390049_R07C01	Ependymal Tumours	0.999990285	Supratentorial Ependymoma, ZFTA Fusion-Positive	0.999986683	Supratentorial Ependymoma, ZFTA:rela Fusion-Positive	0.999970339	EPN_ST_ZFTA_RELA_A	0.999966758	Ependymal tumors	0.989	Supratentorial ependymoma, ZFTA fusion-positive	0.988	EPN ST ZFTA RELA	0.987
BS_J8W3FB60	206390560167_R03C01	Other CNS Embryonal Tumours	0.999993449	Atypical Teratoid Rhabdoid Tumour	0.999992966	Atypical Teratoid Rhabdoid Tumour, SHH Activated	0.999990614	ATRT_SHH	0.999990614	SMARC-altered tumors	0.986	Atypical teratoid/rhabdoid tumor	0.986	ATRT SHH	0.985
BS_F317E62S	206390560134_R08C01	Ependymal Tumours	0.175432271	Medulloblastoma Non-WNT/Non-SHH Activated	0.094196276	Medulloblastoma Group 3	0.069031538	CHORDM	0.055487634	Mesenchymal tumors	0.988	Chondrosarcoma	0.879	CSA CC	0.779
BS_CRBWHNAP	205707900053_R08C01	Ependymal Tumours	0.999988659	Spinal Ependymoma (myxopapillary-enriched)	0.999979058	Spinal Ependymoma (myxopapillary-enriched)	0.999979058	EPN_MPE	0.999979058	Ependymal tumors	0.989	Myxopapillary ependymoma	0.977	EPN MPE B	0.97
BS_SZBPACG3	205657390087_R04C01	Ependymal Tumours	0.999982078	Supratentorial Ependymoma, ZFTA Fusion-Positive	0.999968996	Supratentorial Ependymoma, ZFTA Fusion-Positive	0.993904564	EPN_ST_ZFTA_FUS_C	0.993899563	Ependymal tumors	0.989	Supratentorial ependymoma, ZFTA fusion-positive	0.966	EPN ST ZFTA FUS C	0.92
BS_YSQA737H	206390560112_R01C01	Paediatric-Type Diffuse High-Grade Gliomas	0.999999724	Paediatric-Type Diffuse High-Grade Gliomas	0.99999972	Diffuse Paediatric-Type High Grade Glioma, RTK1 Subtype	0.999999693	pedHGG_RTK1A	0.999911341	Pediatric-type high-grade gliomas	0.987	Diffuse pediatric-type high-grade glioma, H3-wildtype and IDH-wildtype	0.98	pedHGG RTK1A	0.922
BS_M3CVNQJX	206430120161_R08C01	Low-Grade Glial/Glioneuronal/Neuroepithelial Tumours	0.600417269	Low-Grade Ganglioglial/Neuroepithelial Tumour	0.458573967	Supratentorial Pilocytic Astrocytoma	0.446299569	PA_CORT	0.446299569	Low-grade glial/glioneuronal tumors	0.69	Pilocytic astrocytoma	0.681	PA ST	0.67
BS_MYT6NAAB	205567980059_R02C01	Low-Grade Glial/Glioneuronal/Neuroepithelial Tumours	0.999998039	Pilocytic Astrocytoma	0.999997282	Supratentorial Midline Pilocytic Astrocytoma	0.999992621	PA_MID	0.999992621	Low-grade glial/glioneuronal tumors	0.989	Pilocytic astrocytoma	0.988	PA MID	0.987
BS_KBGFKE34	206390560101_R03C01	Low-Grade Glial/Glioneuronal/Neuroepithelial Tumours	0.275790191	Low-Grade Glioneuronal Tumour	0.101475373	Gliomatosis Cerebri-like Glioma, IDH-wildtype	0.069444027	GCG	0.069444027	Intermediate-grade IDH-wildtype gliomas	0.889	High-grade astrocytoma with piloid features	0.317	HGAP	0.317
BS_G9HG8G81	205707900155_R04C01	Ependymal Tumours	0.999998655	Posterior Fossa Ependymoma Group A	0.999998121	Posterior Fossa Ependymoma Group A1	0.99998136	EPN_PFA_1E	0.997443278	Ependymal tumors	0.989	Posterior fossa group A (PFA) ependymoma	0.988	EPN PFA 1E	0.987
BS_25EN3VC0	205624900113_R06C01	Other CNS Embryonal Tumours	0.999993384	CNS BCOR-Altered Tumours	0.999992951	Neuroepithelial Tumour With BCOR Internal Tandem Duplication	0.999992939	CNS_BCOR_ITD	0.999992939	BCOR-altered tumors	0.987	CNS tumor with BCOR internal tandem duplication	0.987	CNS BCOR ITD	0.987
BS_Q4M92BQ1	206430120054_R01C01	Paediatric-Type Diffuse High-Grade Gliomas	0.99999526	Diffuse Midline Glioma, H3k27-Altered	0.999995256	Diffuse Midline Glioma, H3 K27-Mutant / EZHIP Overexpressing	0.999995255	DMG_K27	0.999995255	Diffuse midline glioma, H3 K27-altered	0.986	Diffuse midline glioma, H3 K27-altered	0.986	DMG K27	0.986
BS_B8KDVBBS	205567980059_R05C01	Control Tissues	0.948991395	Control Brain Tissues	0.948991329	Control Tissue, Cerebellar Hemisphere	0.94899113	CTRL_CBM	0.94899113	Low-grade glial/glioneuronal tumors	0.985	Pilocytic astrocytoma	0.984	PA PF VAR	0.983
BS_M5AC601F	205624870061_R07C01	Circumscribed Astrocytic Tumours	0.99984170000000006	Subependymal Giant Cell Astrocytoma	0.999840854	Subependymal Giant Cell Astrocytoma	0.999840854	SEGA	0.999840854	Low-grade glial/glioneuronal tumors	0.989	Subependymal giant cell astrocytoma	0.983	SEGA	0.983
BS_ZD6KG0VE	207356840128_R06C01	Paediatric-Type Diffuse High-Grade Gliomas	0.526018102	Paediatric-Type Diffuse High-Grade Gliomas	0.449446853	Diffuse Paediatric-Type High Grade Glioma, RTK1 Subtype	0.432479992	GBM_RTK1	0.269636588	Pediatric-type high-grade gliomas	0.986	Diffuse pediatric-type high-grade glioma, H3-wildtype and IDH-wildtype	0.848	pedHGG RTK1A	0.448
BS_J6X7W25J	206402350087_R06C01	Paediatric-Type Diffuse High-Grade Gliomas	0.999533441	Diffuse Midline Glioma, H3k27-Altered	0.999493009	Diffuse Midline Glioma, H3 K27-Mutant / EZHIP Overexpressing	0.999486322	DMG_K27	0.999486322	Diffuse midline glioma, H3 K27-altered	0.985	Diffuse midline glioma, H3 K27-altered	0.985	DMG K27	0.985
BS_08GJ3JH4	205624860143_R01C01	Germ Cell Tumours	0.371851193	Germ Cell Tumours Of The CNS	0.371851193	(Immature) Teratoma	0.370881295	GCT_TERA	0.370881295	Mesenchymal tumors	0.982	Plexiform neurofibroma	0.196	NFIB PLEX	0.196
BS_20CDD4SQ	205624870061_R01C01	Low-Grade Glial/Glioneuronal/Neuroepithelial Tumours	0.683747344	Low-Grade Glioneuronal Tumour	0.656858048	Dysembryoplastic Neuroepithelial Tumour	0.489705664	DNET	0.489705664	Low-grade glial/glioneuronal tumors	0.785	Dysembryoplastic neuroepithelial tumor	0.756	DNT	0.756
BS_M1QNTVPM	207356840128_R04C01	Control Tissues	0.998639143	Control Brain Tissues	0.998633138	Control Tissue, Hemispheric Cortex	0.998612086	CTRL_HEMI	0.998612086	Control tissues	0.667	Control tissue, cerebral hemisphere	0.649	CONTR HEMI	0.649
BS_BDSACXZK	206390560130_R03C01	Paediatric-Type Diffuse High-Grade Gliomas	0.452704219	Diffuse Midline Glioma, H3k27-Altered	0.441966115	Diffuse Midline Glioma, H3 K27-Mutant / EZHIP Overexpressing	0.441111502	DMG_K27	0.441111502	Pediatric-type high-grade gliomas	0.946	H3 K27 and MAPK-altered glioma	0.688	H3K27 MAPK	0.688
BS_CAQMF903	205624860167_R03C01	Medulloblastoma	0.999964844	Medulloblastoma, SHH-Activated	0.999959047	Medulloblastoma, SHH-Activated, Subtype 2	0.999646445	MB_SHH_2	0.999646445	Medulloblastoma	0.99	Medulloblastoma, SHH-activated	0.988	MB SHH 2	0.987
BS_KB0E8BVB	205707890156_R05C01	Low-Grade Glial/Glioneuronal/Neuroepithelial Tumours	0.999004985	Pilocytic Astrocytoma	0.998824578	Supratentorial Midline Pilocytic Astrocytoma	0.99849948	PA_MID	0.99849948	Low-grade glial/glioneuronal tumors	0.989	Pilocytic astrocytoma	0.987	PA MID	0.986
BS_26QQR1Z2	209890280173_R07C01	High-Grade Neuroepithelial Tumour With MN1:BEND2 Fusion	0.999404669	High-Grade Neuroepithelial Tumour With MN1:BEND2 Fusion	0.999404669	High-Grade Neuroepithelial Tumour With MN1:BEND2 Fusion	0.999404669	ABM_MN1	0.999404669	Intermediate-grade IDH-wildtype gliomas	0.862	Astroblastoma, MN1-altered	0.855	AB MN1 BEND2	0.855
BS_PWRJHMQV	205624870062_R04C01	Low-Grade Glial/Glioneuronal/Neuroepithelial Tumours	0.999994751	Pilocytic Astrocytoma	0.9999923	Supratentorial Midline Pilocytic Astrocytoma	0.999968143	PA_MID	0.999968143	Low-grade glial/glioneuronal tumors	0.989	Pilocytic astrocytoma	0.988	PA MID	0.987
BS_DX3Z7F1C	207356840047_R02C01	Diffuse Glioma, Mapk Altered, Cell-Cycle Activated	0.972104717	Pleomorphic Xanthoastrocytoma(-Like)	0.972072948	Pleomorphic Xanthoastrocytoma(-Like)	0.972072948	PXA	0.972072948	Intermediate-grade IDH-wildtype gliomas	0.986	Pleomorphic xanthoastrocytoma	0.985	PXA	0.985
BS_DQ4MMXWD	205624900022_R05C01	Paediatric-Type Diffuse High-Grade Gliomas	0.999987753	Diffuse Midline Glioma, H3k27-Altered	0.999987692	Diffuse Midline Glioma, H3 K27-Mutant / EZHIP Overexpressing	0.999987687	DMG_K27	0.999987687	Diffuse midline glioma, H3 K27-altered	0.987	Diffuse midline glioma, H3 K27-altered	0.987	DMG K27	0.986
BS_E911ZA14	205657390087_R08C01	Low-Grade Glial/Glioneuronal/Neuroepithelial Tumours	0.442358246	Pilocytic Astrocytoma	0.371326084	Control Tissue, Reactive Tumour Microenvironment	0.209949518	CTRL_REACTIVE	0.209949518	Low-grade glial/glioneuronal tumors	0.988	Pilocytic astrocytoma	0.987	PA PF TYP	0.986
BS_XMB6CECH	209890270010_R03C01	Paediatric-Type Diffuse High-Grade Gliomas	0.999903078	Diffuse Midline Glioma, H3k27-Altered	0.999901989	Diffuse Midline Glioma, H3 K27-Mutant / EZHIP Overexpressing	0.999900802	DMG_K27	0.999900802	Diffuse midline glioma, H3 K27-altered	0.985	Diffuse midline glioma, H3 K27-altered	0.985	DMG K27	0.984
BS_CTR1KRKC	205566000004_R04C01	Low-Grade Glial/Glioneuronal/Neuroepithelial Tumours	0.999998551	Pilocytic Astrocytoma	0.999983105	Infratentorial Pilocytic Astrocytoma	0.999979226	PA_INF	0.999979226	Low-grade glial/glioneuronal tumors	0.99	Pilocytic astrocytoma	0.989	PA PF TYP	0.988
BS_F3R5A5WV	205566000004_R06C01	Low-Grade Glial/Glioneuronal/Neuroepithelial Tumours	0.913754585	Pilocytic Astrocytoma	0.865825868	Infratentorial Pilocytic Astrocytoma	0.713062954	PA_INF	0.713062954	Low-grade glial/glioneuronal tumors	0.979	Pilocytic astrocytoma	0.978	PA PF TYP	0.977
BS_TBZX2FAK	206402350020_R01C01	Control Tissues	0.950384097	Control Brain Tissues	0.950002632	Control Tissue, Hemispheric Cortex	0.949345971	CTRL_HEMI	0.949345971	Control tissues	0.45	Control tissue, cerebral hemisphere	0.44	CONTR HEMI	0.44
BS_A46S5GG6	206402350046_R04C01	Medulloblastoma	0.999344247	Medulloblastoma, SHH-Activated	0.999215197	Medulloblastoma, SHH-Activated, Subtype 4	0.869034132	MB_SHH_4	0.869034132	Medulloblastoma	0.99	Medulloblastoma, SHH-activated	0.988	MB SHH 4	0.988
BS_871VFVQE	205676380036_R01C01	Ependymal Tumours	0.999995559	Supratentorial Ependymoma, ZFTA Fusion-Positive	0.999988939	Supratentorial Ependymoma, ZFTA:rela Fusion-Positive	0.999975428	EPN_ST_ZFTA_RELA_A	0.999975289	Ependymal tumors	0.989	Supratentorial ependymoma, ZFTA fusion-positive	0.986	EPN ST ZFTA RELA	0.986
BS_6ENJ35VG	207356840021_R04C01	Paediatric-Type Diffuse High-Grade Gliomas	0.998217474	Diffuse Midline Glioma, H3k27-Altered	0.99815001	Diffuse Midline Glioma, H3 K27-Mutant / EZHIP Overexpressing	0.998005796	DMG_K27	0.998005796	Diffuse midline glioma, H3 K27-altered	0.984	Diffuse midline glioma, H3 K27-altered	0.984	DMG K27	0.984
BS_9MHDYSCV	205648310114_R04C01	Low-Grade Glial/Glioneuronal/Neuroepithelial Tumours	0.200891927	Pilocytic Astrocytoma	0.108644508	Infratentorial Pilocytic Astrocytoma	0.084266171	PA_INF	0.084266171	Low-grade glial/glioneuronal tumors	0.715	Pilocytic astrocytoma	0.658	PA PF TYP	0.51
BS_R7CV19F3	205676390015_R02C01	Paediatric-Type Diffuse High-Grade Gliomas	0.984064115	Paediatric-Type Diffuse High-Grade Gliomas	0.983881747	Diffuse Hemispheric Glioma, H3 G34-Mutant	0.981133272	DHG_G34	0.981133272	Pediatric-type high-grade gliomas	0.985	Diffuse hemispheric glioma, H3 G34-mutant	0.982	DHG G34	0.982
BS_PSEA8K6N	206390560021_R01C01	Ependymal Tumours	0.999999537	Supratentorial Ependymoma, ZFTA Fusion-Positive	0.999998679	Supratentorial Ependymoma, ZFTA:rela Fusion-Positive	0.999997271	EPN_ST_ZFTA_RELA_A	0.999997248	Ependymal tumors	0.989	Supratentorial ependymoma, ZFTA fusion-positive	0.987	EPN ST ZFTA RELA	0.986
BS_7P6Q9HQ7	206390560054_R03C01	Mesenchymal, Non-Meningothelial Tumours Involving The CNS	0.999984338	Tumours Of Uncertain Differentiation	0.999983941	Ewing Sarcoma	0.999983285	EWS	0.999983285	Neuroblastic embryonal tumors	0.985	Ewing sarcoma	0.983	EWS	0.983
BS_HMSBM6YJ	206430120054_R07C01	Tumours Of The Sellar Region	0.224485399	Craniopharyngioma	0.194071193	Adamantinomatous Craniopharyngioma	0.105957397	CPH_ADM	0.105957397	Epithelial tumors	0.696	Adamantinomatous craniopharyngioma	0.688	CPH ADM	0.688
BS_AB2YMESE	206390560039_R07C01	Medulloblastoma	0.999680404	Medulloblastoma, SHH-Activated	0.999611145	Medulloblastoma, SHH-Activated, Subtype 4	0.974363159	MB_SHH_4	0.974363159	Medulloblastoma	0.991	Medulloblastoma, SHH-activated	0.989	MB SHH 4	0.988
BS_W6A0VXVR	205128000027_R03C01	Other CNS Embryonal Tumours	0.997171632	Atypical Teratoid Rhabdoid Tumour	0.99698861	Atypical Teratoid Rhabdoid Tumour, SHH Activated	0.996603625	ATRT_SHH	0.996603625	SMARC-altered tumors	0.931	Atypical teratoid/rhabdoid tumor	0.931	ATRT SHH	0.93
BS_RF93Q7R6	206402350063_R06C01	Neuroblastoma	0.999968502	Neuroblastoma	0.999968502	Neuroblastoma	0.999968502	NB_TMM_POS	0.98839222	Neuroblastic embryonal tumors	0.984	Peripheral neuroblastoma	0.981	NB TMM POS	0.98
BS_RRA4GWN4	206390560071_R05C01	Adult-Type Diffuse Gliomas	0.378283482	Glioblastoma, IDH-Wildtype	0.2221072	Glioblastoma, IDH-Wildtype, Mesenchymal Type	0.206510253	GBM_MES_TYP	0.202131608	Glioblastoma, IDH-wildtype	0.282	Glioblastoma, IDH-wildtype	0.129	GBM MES TYP	0.12
BS_AHQVJ09B	206402350095_R01C01	Control Tissues	0.777859342	Control Brain Tissues	0.777143474	Control Tissue, White Matter (Corpus Callosum)	0.744736721	CTRL_CORPCAL	0.744736721	Low-grade glial/glioneuronal tumors	0.763	Ganglioglioma	0.224	GG	0.224
BS_BE0VFZQ6	206402350045_R06C01	Control Tissues	0.964007461	Control Brain Tissues	0.963685686	Control Tissue, Hemispheric Cortex	0.96316447	CTRL_HEMI	0.96316447	Low-grade glial/glioneuronal tumors	0.877	Ganglioglioma	0.839	GG	0.839
BS_N4WM1WYP	207356840032_R05C01	Medulloblastoma	0.562972052	Medulloblastoma, SHH-Activated	0.556690914	Medulloblastoma, SHH-Activated, Subtype 2	0.552027849	MB_SHH_2	0.552027849	Low-grade glial/glioneuronal tumors	0.987	Pilocytic astrocytoma	0.986	PA PF VAR	0.985
BS_4MNBDGES	205624860012_R03C01	Ependymal Tumours	0.347864003	Supratentorial Ependymoma, ZFTA Fusion-Positive	0.18854515	Supratentorial Ependymoma, ZFTA:rela Fusion-Positive	0.170092651	EPN_ST_ZFTA_RELA_A	0.169393699	Intermediate-grade IDH-wildtype gliomas	0.25	Pleomorphic xanthoastrocytoma	0.158	PXA	0.158
BS_PNRVT0G5	205624900161_R02C01	Paediatric-Type Diffuse High-Grade Gliomas	0.49680997	Paediatric-Type Diffuse High-Grade Gliomas	0.493028929	Diffuse Paediatric-Type High Grade Glioma, MYCN Subtype	0.468659702	pedHGG_MYCN	0.468659702	Ependymal tumors	0.707	Supratentorial ependymoma, ZFTA fusion-positive	0.367	EPN ST ZFTA RELA	0.339
BS_15Y9RNQM	205624860108_R05C01	Medulloblastoma	0.999958267	Medulloblastoma Non-WNT/Non-SHH Activated	0.999954177	Medulloblastoma Group 4	0.999950865	MB_G34_VIII	0.999874366	Medulloblastoma	0.991	Medulloblastoma, non-WNT/non-SHH, Group 4	0.989	MB G4 VIII	0.989
BS_DRRS3234	205624860118_R07C01	Low-Grade Glial/Glioneuronal/Neuroepithelial Tumours	0.999999817	Pilocytic Astrocytoma	0.999997393	Infratentorial Pilocytic Astrocytoma	0.999997299	PA_INF	0.999997299	Low-grade glial/glioneuronal tumors	0.99	Pilocytic astrocytoma	0.989	PA PF TYP	0.988
BS_QAW4T296	206430120136_R03C01	Control Tissues	0.999991005	Control Brain Tissues	0.999991005	Control Tissue, Cerebellar Hemisphere	0.999991005	CTRL_CBM	0.999991005	Control tissues	0.975	Control tissue, cerebellum	0.952	CONTR CEBM	0.952
BS_8F5SCRM3	205567990072_R07C01	Low-Grade Glial/Glioneuronal/Neuroepithelial Tumours	0.945389743	Pilocytic Astrocytoma	0.921323985	Infratentorial Pilocytic Astrocytoma	0.904622429	PA_INF	0.904622429	Low-grade glial/glioneuronal tumors	0.99	Pilocytic astrocytoma	0.989	PA PF TYP	0.988
BS_YQ09RJ0G	206402350046_R03C01	Medulloblastoma	0.999234799	Medulloblastoma, SHH-Activated	0.999093306	Medulloblastoma, SHH-Activated, Subtype 4	0.883966482	MB_SHH_4	0.883966482	Medulloblastoma	0.99	Medulloblastoma, SHH-activated	0.988	MB SHH 4	0.988
BS_JDAF806P	206390560039_R04C01	Other CNS Embryonal Tumours	0.999935563	Atypical Teratoid Rhabdoid Tumour	0.999929533	Atypical Teratoid Rhabdoid Tumour, SHH Activated	0.999891932	ATRT_SHH	0.999891932	SMARC-altered tumors	0.987	Atypical teratoid/rhabdoid tumor	0.987	ATRT SHH	0.986
BS_MHSG8QBM	206402350086_R01C01	Mesenchymal, Non-Meningothelial Tumours Involving The CNS	0.350052864	Tumours Of Uncertain Differentiation	0.320987968	CIC-Rearranged Sarcoma	0.290409194	CNS_SARC_CIC	0.290409194	Mesenchymal tumors	0.988	CIC-rearranged sarcoma	0.958	CNS SARC CIC	0.958
BS_BW6CMP11	206402350130_R06C01	Ependymal Tumours	0.999979564	Supratentorial Ependymoma, ZFTA Fusion-Positive	0.999979543	Supratentorial Ependymoma, ZFTA Fusion-Positive	0.999979181	EPN_ST_ZFTA_FUS_E	0.999845181	Ependymal tumors	0.988	Supratentorial ependymoma, ZFTA fusion-positive	0.981	EPN ST ZFTA FUS E	0.98
BS_PTRRVESF	205589730146_R04C01	Adult-Type Diffuse Gliomas	0.558615852	Diffuse Glioma, IDH Mutant	0.53746554	Diffuse Glioma, IDH-Mutant And 1p19q Retained [Astroglial Type]	0.459177328	A_IDH_LG	0.454399326	Diffuse glioma, IDH-mutant	0.812	Oligodendroglioma, IDH-mutant and 1p/19q-codeleted	0.808	O IDH	0.808
BS_J2RJH3WP	205676380174_R07C01	Ependymal Tumours	0.99997848600000006	Posterior Fossa Ependymoma Group A	0.999974234	Posterior Fossa Ependymoma Group A2	0.999971667	EPN_PFA_2A	0.999738809	Ependymal tumors	0.989	Posterior fossa group A (PFA) ependymoma	0.988	EPN PFA 2A	0.988
BS_R4Y365A9	207356850156_R04C01	Mesenchymal, Non-Meningothelial Tumours Involving The CNS	0.999980082	Tumours Of Uncertain Differentiation	0.999979648	CIC-Rearranged Sarcoma	0.999978208	CNS_SARC_CIC	0.999978208	Mesenchymal tumors	0.988	CIC-rearranged sarcoma	0.987	CNS SARC CIC	0.987
BS_JFMJ6PH9	205624860167_R02C01	Diffuse Glioma, Mapk Altered, Cell-Cycle Activated	0.999998947	Pleomorphic Xanthoastrocytoma(-Like)	0.999998946	Pleomorphic Xanthoastrocytoma(-Like)	0.999998946	PXA	0.999998946	Intermediate-grade IDH-wildtype gliomas	0.988	Pleomorphic xanthoastrocytoma	0.987	PXA	0.987
BS_DFAQXBH2	206430120161_R02C01	Tumours Of The Sellar Region	0.969214024	Craniopharyngioma	0.967792123	Adamantinomatous Craniopharyngioma	0.966070141	CPH_ADM	0.966070141	Epithelial tumors	0.983	Adamantinomatous craniopharyngioma	0.981	CPH ADM	0.981
BS_63JEXTS8	206390560071_R08C01	Medulloblastoma	0.999917081	Medulloblastoma, SHH-Activated	0.999899283	Medulloblastoma, SHH-Activated, Subtype 4	0.990507494	MB_SHH_4	0.990507494	Medulloblastoma	0.991	Medulloblastoma, SHH-activated	0.989	MB SHH 4	0.988
BS_YDHW508X	205128000035_R05C01	Low-Grade Glial/Glioneuronal/Neuroepithelial Tumours	0.815842912	Pilocytic Astrocytoma	0.801077575	Infratentorial Pilocytic Astrocytoma	0.800231707	PA_INF	0.800231707	Low-grade glial/glioneuronal tumors	0.989	Pilocytic astrocytoma	0.983	PA PF VAR	0.979
BS_Q7PP5YJN	205624860137_R06C01	Medulloblastoma	0.987501711	Medulloblastoma, SHH-Activated	0.985383501	Medulloblastoma, SHH-Activated, Subtype 2	0.757935757	MB_SHH_2	0.757935757	Medulloblastoma	0.987	Medulloblastoma, SHH-activated	0.982	MB SHH 4	0.981
BS_SQZYGY3C	206390560102_R02C01	Ependymal Tumours	0.999802879	Posterior Fossa Ependymoma Group A	0.999766973	Posterior Fossa Ependymoma Group A1	0.999642523	EPN_PFA_1A	0.988952009	Ependymal tumors	0.989	Posterior fossa group A (PFA) ependymoma	0.988	EPN PFA 1A	0.987
BS_623A1X2V	206402350057_R07C01	Medulloblastoma	0.999967327	Medulloblastoma Non-WNT/Non-SHH Activated	0.999962159	Medulloblastoma Group 3	0.999951685	MB_G34_II	0.998417796	Medulloblastoma	0.991	Medulloblastoma, non-WNT/non-SHH, Group 3	0.989	MB G3 II	0.988
BS_1NRF8RFY	205657380174_R03C01	Paediatric-Type Diffuse High-Grade Gliomas	0.968739531	Paediatric-Type Diffuse High-Grade Gliomas	0.967981391	Diffuse Hemispheric Glioma, H3 G34-Mutant	0.957273136	DHG_G34	0.957273136	Pediatric-type high-grade gliomas	0.986	Diffuse hemispheric glioma, H3 G34-mutant	0.982	DHG G34	0.982
BS_2H4A2AK9	205676380056_R04C01	Mesenchymal, Non-Meningothelial Tumours Involving The CNS	0.43981927	Tumours Of Uncertain Differentiation	0.427965098	Ewing Sarcoma	0.4145424	EWS	0.4145424	Neuroblastic embryonal tumors	0.979	Ewing sarcoma	0.974	EWS	0.974
BS_ND6FZ65Y	205676390133_R06C01	Mesenchymal, Non-Meningothelial Tumours Involving The CNS	0.999986119	Tumours Of Uncertain Differentiation	0.999985801	Ewing Sarcoma	0.99998493	EWS	0.99998493	Neuroblastic embryonal tumors	0.985	Ewing sarcoma	0.982	EWS	0.982
BS_F68QXW20	205624900107_R06C01	Rhabdomyosarcoma	0.720228278	Embryonal And MYOD1-Mutant Rhabdomyosarcoma	0.591282507	Rhabdomyosarcoma, Embryonal Subtype	0.568241581	ERMS	0.568241581	Mesenchymal tumors	0.986	Plexiform neurofibroma	0.271	NFIB PLEX	0.271
BS_1ZTSEGTW	206390560164_R05C01	Ependymal Tumours	0.951913605	Posterior Fossa Ependymoma Group A	0.939409737	Posterior Fossa Ependymoma Group A1	0.918437127	EPN_PFA_1F	0.724675176	Ependymal tumors	0.989	Posterior fossa group A (PFA) ependymoma	0.866	EPN PFA 1F	0.708
BS_1RDN5JVD	205707900164_R08C01	Control Tissues	0.999557429	Control Brain Tissues	0.999555913	Control Tissue, White Matter (Corpus Callosum)	0.999515998	CTRL_CORPCAL	0.999515998	Control tissues	0.986	Control tissue, corpus callosum	0.968	CONTR CORPCAL	0.968
BS_CHX03B7M	205566000036_R02C01	Low-Grade Glial/Glioneuronal/Neuroepithelial Tumours	0.696159424	Low-Grade Ganglioglial/Neuroepithelial Tumour	0.672642228	Supratentorial Pilocytic Astrocytoma	0.672580746	PA_CORT	0.672580746	Low-grade glial/glioneuronal tumors	0.988	Pilocytic astrocytoma	0.987	PA ST	0.986
BS_ZNRHJ49Y	205589730006_R02C01	Low-Grade Glial/Glioneuronal/Neuroepithelial Tumours	0.999981837	Pilocytic Astrocytoma	0.99992886	Infratentorial Pilocytic Astrocytoma	0.997902464	PA_INF	0.997902464	Low-grade glial/glioneuronal tumors	0.99	Pilocytic astrocytoma	0.989	PA PF TYP	0.988
BS_FVBPNWH8	206390560083_R01C01	Low-Grade Glial/Glioneuronal/Neuroepithelial Tumours	0.999010895	Low-Grade Glioneuronal Tumour	0.998632651	Dysembryoplastic Neuroepithelial Tumour	0.976877502	DNET	0.976877502	Low-grade glial/glioneuronal tumors	0.99	Dysembryoplastic neuroepithelial tumor	0.987	DNT	0.987
BS_S5GPNBBW	205707900146_R08C01	Ependymal Tumours	0.946632647	Supratentorial Ependymoma, YAP1-Fused	0.867975754	Supratentorial Ependymoma, YAP1-Fused	0.867975754	EPN_YAP	0.867975754	Ependymal tumors	0.972	Supratentorial ependymoma, YAP1 fusion-positive	0.299	EPN ST YAP	0.299
BS_9PGP77HY	205624870137_R05C01	Low-Grade Glial/Glioneuronal/Neuroepithelial Tumours	0.982505598	Low-Grade Ganglioglial/Neuroepithelial Tumour	0.97264172	Supratentorial Pilocytic Astrocytoma	0.972596345	PA_CORT	0.972596345	Low-grade glial/glioneuronal tumors	0.988	Pilocytic astrocytoma	0.972	PA ST	0.946
BS_5199YKS4	205982900173_R03C01	Pineal Parenchymal And Retinal Tumours	0.996143102	Pineoblastoma	0.995432112	Pineoblastoma, miRNA Pathway Altered, Group 1	0.994984423	PB_GRP1A	0.994694392	Pineal region tumors and retinoblastoma	0.986	Pineoblastoma	0.949	PB GROUP 1A	0.918
BS_T0WBA2VV	206390560112_R07C01	Meningioma	0.999985341	Meningioma	0.999985341	Meningioma, Benign	0.999648469	MNG_BEN_2	0.999060744	Meningioma	0.988	Meningioma, benign	0.988	MNG BEN 2	0.987
BS_2GGG6ZVT	207356840047_R04C01	Neuroblastoma	0.332240696	Neuroblastoma	0.332240696	Neuroblastoma	0.332240696	NB_TMM_NEG	0.329124438	Low-grade glial/glioneuronal tumors	0.563	Subependymal giant cell astrocytoma	0.538	SEGA	0.538
BS_66QBC815	205657380173_R05C01	Low-Grade Glial/Glioneuronal/Neuroepithelial Tumours	0.999575701	Pilocytic Astrocytoma	0.9989714	Infratentorial Pilocytic Astrocytoma	0.997766714	PA_INF	0.997766714	Low-grade glial/glioneuronal tumors	0.989	Pilocytic astrocytoma	0.988	PA PF TYP	0.987
BS_H69YJGWD	205566000166_R02C01	Control Tissues	0.780512254	Control Brain Tissues	0.779584472	Control Tissue, White Matter (Corpus Callosum)	0.7305755	CTRL_CORPCAL	0.7305755	Control tissues	0.542	Control tissue, corpus callosum	0.233	CONTR CORPCAL	0.233
BS_DJHKC895	205567990034_R06C01	Low-Grade Glial/Glioneuronal/Neuroepithelial Tumours	0.584616716	Low-Grade Ganglioglial/Neuroepithelial Tumour	0.502548764	Ganglioglioma	0.420232607	GG	0.420232607	Low-grade glial/glioneuronal tumors	0.988	Ganglioglioma	0.975	GG	0.975
BS_8F1N461T	206390560102_R06C01	Neuroblastoma	0.225811944	Neuroblastoma	0.225811944	Neuroblastoma	0.225811944	NB_TMM_NEG	0.22111324	Mesenchymal tumors	0.813	Poorly differentiated chordoma	0.794	CHORDM PD	0.794
BS_DEPW31E9	205624860167_R06C01	Low-Grade Glial/Glioneuronal/Neuroepithelial Tumours	0.999999861	Pilocytic Astrocytoma	0.999999321	Infratentorial Pilocytic Astrocytoma	0.999999269	PA_INF	0.999999269	Low-grade glial/glioneuronal tumors	0.99	Pilocytic astrocytoma	0.989	PA PF TYP	0.988
BS_W808K35Z	205707900126_R01C01	Neuroblastoma	0.999948797	Neuroblastoma	0.999948797	Neuroblastoma	0.999948797	NB_TMM_POS	0.961553143	Neuroblastic embryonal tumors	0.984	Peripheral neuroblastoma	0.98	NB TMM POS	0.98
BS_MDFVK37B	206402350057_R06C01	Paediatric-Type Diffuse High-Grade Gliomas	0.567132973	Diffuse Midline Glioma, H3k27-Altered	0.556536403	Diffuse Midline Glioma, H3 K27-Mutant / EZHIP Overexpressing	0.547696334	DMG_K27	0.547696334	Diffuse midline glioma, H3 K27-altered	0.378	Diffuse midline glioma, H3 K27-altered	0.378	DMG K27	0.378
BS_XQNMWJ4H	206390560049_R07C01	Other CNS Embryonal Tumours	0.926225797	CNS BCOR-Altered Tumours	0.920318585	Neuroepithelial Tumour With BCOR Internal Tandem Duplication	0.920297204	CNS_BCOR_ITD	0.920297204	BCOR-altered tumors	0.948	CNS tumor with BCOR internal tandem duplication	0.948	CNS BCOR ITD	0.948
BS_6MRNV8Y1	205566000036_R04C01	Low-Grade Glial/Glioneuronal/Neuroepithelial Tumours	0.999708771	Pilocytic Astrocytoma	0.999305128	Infratentorial Pilocytic Astrocytoma	0.999012261	PA_INF	0.999012261	Low-grade glial/glioneuronal tumors	0.99	Pilocytic astrocytoma	0.989	PA PF TYP	0.988
BS_DX75YHQE	206430120107_R04C01	Medulloblastoma	0.996849525	Medulloblastoma Non-WNT/Non-SHH Activated	0.996473949	Medulloblastoma Group 4	0.969756852	MB_G34_VII	0.940269321	Medulloblastoma	0.991	Medulloblastoma, non-WNT/non-SHH, Group 4	0.989	MB G4 VII	0.988
BS_6S0R5EQT	205589730113_R03C01	Adult-Type Diffuse Gliomas	0.981023888	Glioblastoma, IDH-Wildtype	0.980528524	Glioblastoma, IDH-Wildtype, Mesenchymal Type	0.979946611	GBM_MES_TYP	0.978797665	Glioblastoma, IDH-wildtype	0.97	Glioblastoma, IDH-wildtype	0.97	GBM MES TYP	0.969
BS_MH8S62B8	206430120162_R03C01	Paediatric-Type Diffuse High-Grade Gliomas	0.997191049	Diffuse Midline Glioma, H3k27-Altered	0.997140788	Diffuse Midline Glioma, H3 K27-Mutant / EZHIP Overexpressing	0.997122285	DMG_K27	0.997122285	Diffuse midline glioma, H3 K27-altered	0.987	Diffuse midline glioma, H3 K27-altered	0.987	DMG K27	0.987
BS_5GPYXH4B	206402350086_R08C01	Paediatric-Type Diffuse High-Grade Gliomas	0.997871528	Paediatric-Type Diffuse High-Grade Gliomas	0.997119909	Diffuse Paediatric-Type High Grade Glioma, H3 Wildtype And IDH Wild Type, Subtype A\&B (Novel)	0.996403316	pedHGG_A	0.990694956	Pediatric-type high-grade gliomas	0.868	Diffuse pediatric-type high-grade glioma, H3-wildtype and IDH-wildtype	0.775	pedHGG MYCN	0.405
BS_4B6613ZQ	205676390057_R06C01	Paediatric-Type Diffuse High-Grade Gliomas	0.999770498	Paediatric-Type Diffuse High-Grade Gliomas	0.999763671	Diffuse Paediatric-Type High Grade Glioma, MYCN Subtype	0.999306464	pedHGG_MYCN	0.999306464	Pediatric-type high-grade gliomas	0.985	Diffuse pediatric-type high-grade glioma, H3-wildtype and IDH-wildtype	0.982	pedHGG MYCN	0.979
BS_TSCQZE80	206390560086_R07C01	Paediatric-Type Diffuse High-Grade Gliomas	0.999991064	Diffuse Midline Glioma, H3k27-Altered	0.99999106	Diffuse Midline Glioma, H3 K27-Mutant / EZHIP Overexpressing	0.99999106	DMG_K27	0.99999106	Diffuse midline glioma, H3 K27-altered	0.986	Diffuse midline glioma, H3 K27-altered	0.986	DMG K27	0.986
BS_X3HAN7PW	205657390084_R08C01	Meningioma	0.839290849	Meningioma	0.839290849	Meningioma, Benign	0.774308492	MNG_BEN_3	0.770949009	Mesenchymal tumors	0.988	Plexiform neurofibroma	0.97	NFIB PLEX	0.97
BS_KGVHFW0P	205676380056_R07C01	Low-Grade Glial/Glioneuronal/Neuroepithelial Tumours	0.999974332	Low-Grade Ganglioglial/Neuroepithelial Tumour	0.999965552	Ganglioglioma	0.999945081	GG	0.999945081	Low-grade glial/glioneuronal tumors	0.989	Ganglioglioma	0.987	GG	0.987
BS_P0DQGW6A	205707890153_R02C01	Ependymal Tumours	0.999927735	Posterior Fossa Ependymoma Group A	0.999911058	Posterior Fossa Ependymoma Group A2	0.999896106	EPN_PFA_2B	0.987733403	Ependymal tumors	0.989	Posterior fossa group A (PFA) ependymoma	0.988	EPN PFA 2B	0.988
BS_4JQQEM4Q	206530740001_R05C01	Choroid Plexus Tumours	0.993342177	Choroid Plexus Tumours	0.993342177	Choroid Plexus Tumours Subtype A	0.99177644	CPT_PED_A	0.991488643	Choroid plexus tumors	0.985	Choroid plexus papilloma	0.984	CPP PED	0.983
BS_6T4MGRKD	205624870061_R06C01	Low-Grade Glial/Glioneuronal/Neuroepithelial Tumours	0.999940428	Pilocytic Astrocytoma	0.999898608	Infratentorial Pilocytic Astrocytoma	0.999843356	PA_INF	0.999843356	Low-grade glial/glioneuronal tumors	0.99	Pilocytic astrocytoma	0.989	PA PF TYP	0.988
BS_Y63A1GN4	205624860047_R04C01	Low-Grade Glial/Glioneuronal/Neuroepithelial Tumours	0.589425415	Low-Grade Ganglioglial/Neuroepithelial Tumour	0.584194684	Desmoplastic Infantile Ganglioglioma/Astrocytoma	0.583210459	DIG_DIA	0.583210459	Control tissues	0.202	Control tissue, reactive tumor microenvironment	0.174	CONTR REACT	0.174
BS_8A31NKYG	207211180067_R08C01	Diffuse Glioma, Mapk Altered, Cell-Cycle Activated	0.997828599	Pleomorphic Xanthoastrocytoma(-Like)	0.997819715	Pleomorphic Xanthoastrocytoma(-Like)	0.997819715	PXA	0.997819715	Intermediate-grade IDH-wildtype gliomas	0.988	Pleomorphic xanthoastrocytoma	0.987	PXA	0.987
BS_A5BZYXKN	205676390109_R04C01	Other CNS Embryonal Tumours	0.999999999	Atypical Teratoid Rhabdoid Tumour	0.999999999	Atypical Teratoid Rhabdoid Tumour, SHH Activated	0.999999993	ATRT_SHH	0.999999993	SMARC-altered tumors	0.987	Atypical teratoid/rhabdoid tumor	0.987	ATRT SHH	0.986
BS_CZEC9YAH	206402350021_R07C01	Medulloblastoma	0.998863742	Medulloblastoma Non-WNT/Non-SHH Activated	0.998732597	Medulloblastoma Group 3	0.998285059	MB_G34_III	0.98246139	Medulloblastoma	0.99	Medulloblastoma, non-WNT/non-SHH, Group 3	0.988	MB G3 III	0.988
BS_0VMW2NWK	206402350041_R02C01	Medulloblastoma	0.999924772	Medulloblastoma Non-WNT/Non-SHH Activated	0.999917167	Medulloblastoma Group 4	0.999911412	MB_G34_VIII	0.999689482	Medulloblastoma	0.991	Medulloblastoma, non-WNT/non-SHH, Group 4	0.989	MB G4 VIII	0.989
BS_YGS362AV	206402350072_R05C01	Meningioma	0.999903425	Meningioma	0.999903425	Meningioma, Benign	0.999708012	MNG_BEN_3	0.568575586	Meningioma	0.988	Meningioma, benign	0.987	MNG BEN 2	0.987
BS_PGJ7C01K	209648840117_R06C01	Adult-Type Diffuse Gliomas	0.838355772	Glioblastoma, IDH-Wildtype	0.83303972	Glioblastoma, IDH-Wildtype, RTK1 Type	0.827086825	GBM_RTK1	0.827086825	Pediatric-type high-grade gliomas	0.982	Diffuse pediatric-type high-grade glioma, H3-wildtype and IDH-wildtype	0.941	pedHGG RTK1A	0.89
BS_BQB6NZWZ	205657380008_R05C01	Ependymal Tumours	0.999998852	Posterior Fossa Ependymoma Group A	0.999998656	Posterior Fossa Ependymoma Group A2	0.999998556	EPN_PFA_2A	0.999988001	Ependymal tumors	0.989	Posterior fossa group A (PFA) ependymoma	0.987	EPN PFA 2A	0.985
BS_7MFSD4VP	205676390109_R08C01	Low-Grade Glial/Glioneuronal/Neuroepithelial Tumours	0.999992477	Pilocytic Astrocytoma	0.999980642	Infratentorial Pilocytic Astrocytoma	0.999945328	PA_INF	0.999945328	Low-grade glial/glioneuronal tumors	0.99	Pilocytic astrocytoma	0.989	PA PF TYP	0.988
BS_W871TM75	205648310089_R04C01	Ependymal Tumours	0.854760983	Posterior Fossa Ependymoma Group B \& Posterior Fossa Subependymoma	0.479258459	Posterior Fossa Ependymoma Group B	0.369093862	EPN_PFB_1	0.351199121	Ependymal tumors	0.989	Posterior fossa group B (PFB) ependymoma	0.986	EPN PFB 1	0.986
BS_MJYJDAD5	206402350020_R06C01	Medulloblastoma	0.998738245	Medulloblastoma Non-WNT/Non-SHH Activated	0.998596379	Medulloblastoma Group 4	0.997614968	MB_G34_VII	0.824077124	Medulloblastoma	0.991	Medulloblastoma, non-WNT/non-SHH, Group 4	0.988	MB G4 VII	0.986
BS_889QSA3D	206430120130_R04C01	Medulloblastoma	0.999985402	Medulloblastoma Non-WNT/Non-SHH Activated	0.999982946	Medulloblastoma Group 3	0.999979792	MB_G34_II	0.999605018	Medulloblastoma	0.991	Medulloblastoma, non-WNT/non-SHH, Group 3	0.989	MB G3 II	0.988
BS_FV0JQ2K9	206390560067_R02C01	Control Tissues	0.82763062	Control Brain Tissues	0.827140943	Control Tissue, White Matter (Corpus Callosum)	0.808840718	CTRL_CORPCAL	0.808840718	Low-grade glial/glioneuronal tumors	0.838	Dysembryoplastic neuroepithelial tumor	0.819	DNT	0.819
BS_1R8Y46A9	205624860012_R08C01	Ependymal Tumours	0.998609588	Spinal Ependymoma (myxopapillary-enriched)	0.99769398	Spinal Ependymoma (myxopapillary-enriched)	0.99769398	EPN_MPE	0.99769398	Ependymal tumors	0.989	Myxopapillary ependymoma	0.986	EPN MPE B	0.986
BS_XZQV28RP	206402350085_R06C01	Paediatric-Type Diffuse High-Grade Gliomas	0.733263712	Infant-Type Hemispheric Glioma	0.732419282	Infant-Type Hemispheric Glioma	0.732419282	IHG	0.732419282	Pediatric-type high-grade gliomas	0.952	Infant-type hemispheric glioma	0.95	IHG TYP	0.949
BS_GWGDB4AM	206390560130_R07C01	Adult-Type Diffuse Gliomas	0.550078	Glioblastoma, IDH-Wildtype	0.53923279	High-Grade Diffuse Glioma Of The Midline/Posterior Fossa; H3/IDH-Wildtype	0.508392645	GBM_CBM	0.508392645	Pediatric-type high-grade gliomas	0.987	Diffuse pediatric-type high-grade glioma, H3-wildtype and IDH-wildtype	0.881	pedHGG RTK1A	0.493
BS_4QKD9JZ7	205676380056_R06C01	Low-Grade Glial/Glioneuronal/Neuroepithelial Tumours	0.999965526	Pilocytic Astrocytoma	0.999901258	Supratentorial Midline Pilocytic Astrocytoma	0.993349881	PA_MID	0.993349881	Low-grade glial/glioneuronal tumors	0.99	Pilocytic astrocytoma	0.988	PA MID	0.987
BS_6MSGMJKK	205707890151_R04C01	Ependymal Tumours	0.999989658	Supratentorial Ependymoma, ZFTA Fusion-Positive	0.999989656	Supratentorial Ependymoma, ZFTA Fusion-Positive	0.999989587	EPN_ST_ZFTA_FUS_E	0.999896506	Ependymal tumors	0.989	Supratentorial ependymoma, ZFTA fusion-positive	0.985	EPN ST ZFTA FUS E	0.985
BS_THY47V4T	205657380125_R07C01	Pineal Parenchymal And Retinal Tumours	0.999735919	Pineoblastoma, MYC/FOXR2-Activated	0.999600389	Pineoblastoma, MYC/FOXR2-Activated	0.999600389	PB_FOXR2	0.999600389	Pineal region tumors and retinoblastoma	0.981	Pineoblastoma	0.979	PB MYC/FOXR2	0.978
BS_YK0HQG2M	205657380110_R08C01	Mesenchymal, Non-Meningothelial Tumours Involving The CNS	0.947436097	Vascular Tumours	0.941891804	Haemangioblastoma	0.941891804	HMB	0.941891804	Mesenchymal tumors	0.316	Hemangioblastoma	0.287	HMB	0.287
BS_9EGR373P	205982900173_R08C01	Meningioma	0.167534283	Meningioma	0.167534283	Meningioma, Benign	0.131735517	MNG_BEN_3	0.114768297	Mesenchymal tumors	0.779	CIC-rearranged sarcoma	0.174	CNS SARC CIC	0.174
BS_7GX7B105	205567990005_R08C01	Paediatric-Type Diffuse High-Grade Gliomas	0.326624632	Infant-Type Hemispheric Glioma	0.298218025	Infant-Type Hemispheric Glioma	0.298218025	IHG	0.298218025	Pediatric-type high-grade gliomas	0.607	Infant-type hemispheric glioma	0.605	IHG TYP	0.605
BS_J0WD5KF2	205657380118_R07C01	Adult-Type Diffuse Gliomas	0.306965069	Glioblastoma, IDH-Wildtype	0.305395784	Glioblastoma, IDH-Wildtype, Mesenchymal Type	0.303714614	GBM_MES_TYP	0.301419684	Pediatric-type high-grade gliomas	0.978	Infant-type hemispheric glioma	0.975	IHG TYP	0.975
BS_TG9V8P1M	206390560168_R01C01	Ependymal Tumours	0.98659627	Posterior Fossa Ependymoma Group A	0.984993148	Posterior Fossa Ependymoma Group A2	0.981216689	EPN_PFA_2A	0.978365316	Ependymal tumors	0.988	Posterior fossa group A (PFA) ependymoma	0.985	EPN PFA 2A	0.983
BS_S7EWDE73	205657380008_R08C01	Circumscribed Astrocytic Tumours	0.873416884	Subependymal Giant Cell Astrocytoma	0.872752609	Subependymal Giant Cell Astrocytoma	0.872752609	SEGA	0.872752609	Low-grade glial/glioneuronal tumors	0.989	Subependymal giant cell astrocytoma	0.985	SEGA	0.985
BS_2XKEWVAT	205707900078_R01C01	Other CNS Embryonal Tumours	0.999675579	Atypical Teratoid Rhabdoid Tumour	0.999625906	Atypical Teratoid Rhabdoid Tumour, MYC Activated	0.996396004	ATRT_MYC	0.996396004	SMARC-altered tumors	0.986	Atypical teratoid/rhabdoid tumor	0.985	ATRT MYC	0.984
BS_KRQS22S1	205676390142_R01C01	Inflammatory Microenvironment	0.999144782	Inflammatory Microenvironment	0.999144782	Inflammatory Microenvironment	0.999144782	INFLAM_ENV	0.999144782	Control tissues	0.985	Control tissue, inflammatory microenvironment	0.965	CONTR INFLAM	0.965
BS_E2B9C2E4	205648310151_R01C01	Low-Grade Glial/Glioneuronal/Neuroepithelial Tumours	0.999999536	Pilocytic Astrocytoma	0.999999445	Supratentorial Midline Pilocytic Astrocytoma	0.999999063	PA_MID	0.999999063	Low-grade glial/glioneuronal tumors	0.989	Pilocytic astrocytoma	0.988	PA MID	0.987
BS_D0Y8DF51	206390560103_R06C01	Low-Grade Glial/Glioneuronal/Neuroepithelial Tumours	0.997506561	Low-Grade Ganglioglial/Neuroepithelial Tumour	0.99697124	Ganglioglioma	0.985236405	GG	0.985236405	Low-grade glial/glioneuronal tumors	0.989	Ganglioglioma	0.987	GG	0.987
BS_KQVSXPZR	206430120018_R03C01	Tumours Of The Sellar Region	0.998698978	Craniopharyngioma	0.998629071	Adamantinomatous Craniopharyngioma	0.998605774	CPH_ADM	0.998605774	Epithelial tumors	0.987	Adamantinomatous craniopharyngioma	0.983	CPH ADM	0.983
BS_8CN9JW34	205707910024_R05C01	Other CNS Embryonal Tumours	0.999997898	Atypical Teratoid Rhabdoid Tumour	0.999996772	Atypical Teratoid Rhabdoid Tumour, MYC Activated	0.999975579	ATRT_MYC	0.999975579	SMARC-altered tumors	0.987	Atypical teratoid/rhabdoid tumor	0.987	ATRT MYC	0.986
BS_B2WRBBC4	205624860161_R03C01	Low-Grade Glial/Glioneuronal/Neuroepithelial Tumours	0.998549229	Low-Grade Glioneuronal Tumour	0.748514056	Dysembryoplastic Neuroepithelial Tumour	0.744863109	DNET	0.744863109	Low-grade glial/glioneuronal tumors	0.989	Pilocytic astrocytoma	0.96	PA PF TYP	0.949
BS_8TRTBPW9	205676380026_R05C01	Low-Grade Glial/Glioneuronal/Neuroepithelial Tumours	0.99999471	Pilocytic Astrocytoma	0.999970536	Infratentorial Pilocytic Astrocytoma	0.999969464	PA_INF	0.999969464	Low-grade glial/glioneuronal tumors	0.99	Pilocytic astrocytoma	0.989	PA PF TYP	0.988
BS_JQZWFWFK	206402350026_R04C01	Paediatric-Type Diffuse High-Grade Gliomas	0.310644473	Paediatric-Type Diffuse High-Grade Gliomas	0.304165502	Diffuse Paediatric-Type High Grade Glioma, MYCN Subtype	0.244687387	pedHGG_MYCN	0.244687387	Neuroblastic embryonal tumors	0.351	Embryonal tumor with multilayered rosettes	0.267	ETMR non-C19MC	0.242
BS_ZYFK57GE	209760340023_R08C01	Ependymal Tumours	0.999972854	Supratentorial Ependymoma, ZFTA Fusion-Positive	0.999947637	Supratentorial Ependymoma, ZFTA:rela Fusion-Positive	0.999842735	EPN_ST_ZFTA_RELA_A	0.999833974	Ependymal tumors	0.989	Supratentorial ependymoma, ZFTA fusion-positive	0.988	EPN ST ZFTA RELA	0.988
BS_PYTJAVWN	206430120127_R08C01	Control Tissues	0.703355185	Control Brain Tissues	0.703352203	Control Tissue, Cerebellar Hemisphere	0.703342292	CTRL_CBM	0.703342292	Low-grade glial/glioneuronal tumors	0.502	Pilocytic astrocytoma	0.502	PA PF VAR	0.502
BS_77PJ1KE6	205624860167_R07C01	Inflammatory Microenvironment	0.842070921	Inflammatory Microenvironment	0.842070921	Inflammatory Microenvironment	0.842070921	INFLAM_ENV	0.842070921	Mesenchymal tumors	0.767	Poorly differentiated chordoma	0.359	CHORDM PD	0.359
BS_V3200RYQ	205567980094_R03C01	Low-Grade Glial/Glioneuronal/Neuroepithelial Tumours	0.99999946	Pilocytic Astrocytoma	0.999996795	Infratentorial Pilocytic Astrocytoma	0.999996666	PA_INF	0.999996666	Low-grade glial/glioneuronal tumors	0.99	Pilocytic astrocytoma	0.989	PA PF TYP	0.988
BS_PKYWRC61	205624900022_R03C01	Adult-Type Diffuse Gliomas	0.807195841	Diffuse High-Grade Neuroepithelial Tumour [Adult-Type]	0.804791203	Gliomatosis Cerebri-like Glioma, IDH-wildtype	0.689993333	GCG	0.689993333	Intermediate-grade IDH-wildtype gliomas	0.986	Diffuse high-grade glioma, IDH-wildtype, subtype E	0.981	HGG E	0.981
BS_S367XK8A	205624860109_R04C01	Low-Grade Glial/Glioneuronal/Neuroepithelial Tumours	0.970356008	Pilocytic Astrocytoma	0.938804436	Supratentorial Midline Pilocytic Astrocytoma	0.594376558	PA_MID	0.594376558	Low-grade glial/glioneuronal tumors	0.989	Pilocytic astrocytoma	0.988	PA PF TYP	0.987
BS_5V730EQB	205589730145_R08C01	Medulloblastoma	0.600137616	Medulloblastoma, SHH-Activated	0.599902023	Medulloblastoma, SHH-Activated, Subtype 2	0.598245515	MB_SHH_2	0.598245515	Medulloblastoma	0.526	Medulloblastoma, SHH-activated	0.52	MB SHH 2	0.519
BS_7GR7VZ1K	205707900011_R01C01	Paediatric-Type Diffuse High-Grade Gliomas	0.65672581	Paediatric-Type Diffuse High-Grade Gliomas	0.653061175	Diffuse Paediatric-Type High Grade Glioma, RTK1 Subtype	0.537039276	pedHGG_RTK1A	0.335772394	Diffuse midline glioma, H3 K27-altered	0.933	Diffuse midline glioma, H3 K27-altered	0.933	DMG K27	0.933
BS_DSXA9WZK	206402350001_R05C01	Medulloblastoma	0.999410053	Medulloblastoma, SHH-Activated	0.999267661	Medulloblastoma, SHH-Activated, Subtype 3	0.872220751	MB_SHH_3	0.872220751	Medulloblastoma	0.991	Medulloblastoma, SHH-activated	0.986	MB SHH 3	0.984
BS_5TPXNSKY	206430120111_R05C01	Paediatric-Type Diffuse High-Grade Gliomas	0.999647036	Diffuse Midline Glioma, H3k27-Altered	0.999646685	Diffuse Midline Glioma, H3 K27-Mutant / EZHIP Overexpressing	0.999646665	DMG_K27	0.999646665	Diffuse midline glioma, H3 K27-altered	0.986	Diffuse midline glioma, H3 K27-altered	0.986	DMG K27	0.986
BS_FAVZAZHE	205707900030_R01C01	Ependymal Tumours	0.999898873	Posterior Fossa Ependymoma Group A	0.999886189	Posterior Fossa Ependymoma Group A1	0.999858542	EPN_PFA_1F	0.998978241	Ependymal tumors	0.989	Posterior fossa group A (PFA) ependymoma	0.985	EPN PFA 1F	0.982
BS_53K6KZH2	206390560130_R04C01	Ependymal Tumours	0.959120826	Posterior Fossa Ependymoma Group A	0.93261700300000006	Posterior Fossa Ependymoma Group A1	0.920416207	EPN_PFA_1C	0.397705096	Ependymal tumors	0.988	Posterior fossa group A (PFA) ependymoma	0.908	EPN PFA 1C	0.865
BS_BNPJ456M	206430120138_R02C01	Low-Grade Glial/Glioneuronal/Neuroepithelial Tumours	0.271000508	Low-Grade Ganglioglial/Neuroepithelial Tumour	0.199219252	Ganglioglioma	0.185336852	GG	0.185336852	Pediatric-type high-grade gliomas	0.44	Diffuse pediatric-type high-grade glioma, H3-wildtype and IDH-wildtype	0.436	pedHGG MYCN	0.432
BS_4Y7JTA35	205707900053_R01C01	Low-Grade Glial/Glioneuronal/Neuroepithelial Tumours	0.999990429	Pilocytic Astrocytoma	0.999949038	Infratentorial Pilocytic Astrocytoma	0.999944757	PA_INF	0.999944757	Low-grade glial/glioneuronal tumors	0.989	Pilocytic astrocytoma	0.988	PA PF TYP	0.988
BS_ZGAEK877	205707900087_R06C01	Ependymal Tumours	0.999999497	Posterior Fossa Ependymoma Group A	0.999999192	Posterior Fossa Ependymoma Group A1	0.999997886	EPN_PFA_1C	0.999963172	Ependymal tumors	0.989	Posterior fossa group A (PFA) ependymoma	0.988	EPN PFA 1C	0.988
BS_XFR2X7D2	205707900126_R07C01	Ependymal Tumours	0.99980107	Posterior Fossa Ependymoma Group A	0.999760023	Posterior Fossa Ependymoma Group A2	0.999665208	EPN_PFA_2A	0.998461658	Ependymal tumors	0.989	Posterior fossa group A (PFA) ependymoma	0.988	EPN PFA 2A	0.987
BS_CHP3FMDW	206402350057_R05C01	Paediatric-Type Diffuse High-Grade Gliomas	0.999499606	Diffuse Midline Glioma, H3k27-Altered	0.999491002	Diffuse Midline Glioma, H3 K27-Mutant / EZHIP Overexpressing	0.999487402	DMG_K27	0.999487402	Diffuse midline glioma, H3 K27-altered	0.987	Diffuse midline glioma, H3 K27-altered	0.987	DMG K27	0.987
BS_TH5KHX4M	205567990072_R08C01	Low-Grade Glial/Glioneuronal/Neuroepithelial Tumours	0.998856895	Pilocytic Astrocytoma	0.998321992	Infratentorial Pilocytic Astrocytoma	0.994636677	PA_INF	0.994636677	Low-grade glial/glioneuronal tumors	0.989	Pilocytic astrocytoma	0.988	PA PF TYP	0.988
BS_059Y71Y7	205624900145_R05C01	Low-Grade Glial/Glioneuronal/Neuroepithelial Tumours	0.158284072	Control Tissue, Reactive Tumour Microenvironment	0.130780741	Control Tissue, Reactive Tumour Microenvironment	0.130780741	CTRL_REACTIVE	0.130780741	Low-grade glial/glioneuronal tumors	0.678	Pilocytic astrocytoma	0.561	PA ST	0.258
BS_9BE0HCDC	206402350044_R06C01	Paediatric-Type Diffuse High-Grade Gliomas	0.999960008	Diffuse Midline Glioma, H3k27-Altered	0.999959463	Diffuse Midline Glioma, H3 K27-Mutant / EZHIP Overexpressing	0.999958505	DMG_K27	0.999958505	Diffuse midline glioma, H3 K27-altered	0.985	Diffuse midline glioma, H3 K27-altered	0.985	DMG K27	0.985
BS_6GZDX27J	206430120111_R04C01	Low-Grade Glial/Glioneuronal/Neuroepithelial Tumours	0.485474203	Low-Grade Ganglioglial/Neuroepithelial Tumour	0.410342636	Ganglioglioma	0.370497778	GG	0.370497778	Low-grade glial/glioneuronal tumors	0.98	Ganglioglioma	0.946	GG	0.946
BS_5W21AWMR	205676390090_R02C01	Paediatric-Type Diffuse High-Grade Gliomas	0.999883944	Paediatric-Type Diffuse High-Grade Gliomas	0.99987241	Diffuse Paediatric-Type High Grade Glioma, RTK2 Subtype	0.983990364	pedHGG_RTK2B	0.983987584	Pediatric-type high-grade gliomas	0.987	Diffuse pediatric-type high-grade glioma, H3-wildtype and IDH-wildtype	0.986	pedHGG RTK2B	0.983
BS_SQCV0X97	205707900164_R04C01	Low-Grade Glial/Glioneuronal/Neuroepithelial Tumours	0.965370993	Pilocytic Astrocytoma	0.957280517	Infratentorial Pilocytic Astrocytoma	0.953948901	PA_INF	0.953948901	Low-grade glial/glioneuronal tumors	0.989	Pilocytic astrocytoma	0.923	PA PF TYP	0.758
BS_ZW6V2V6W	206390560102_R03C01	Medulloblastoma	0.986282986	Medulloblastoma Non-WNT/Non-SHH Activated	0.984485052	Medulloblastoma Group 4	0.824382692	MB_G34_VII	0.811401692	Medulloblastoma	0.991	Medulloblastoma, non-WNT/non-SHH, Group 4	0.988	MB G4 VII	0.987
BS_NMQD5VJY	205624860020_R05C01	Medulloblastoma	0.999515974	Medulloblastoma Non-WNT/Non-SHH Activated	0.999454878	Medulloblastoma Group 4	0.998802508	MB_G34_VII	0.992554237	Medulloblastoma	0.991	Medulloblastoma, non-WNT/non-SHH, Group 4	0.989	MB G4 VII	0.988
BS_62S9RVAC	205624660018_R05C01	Low-Grade Glial/Glioneuronal/Neuroepithelial Tumours	0.868159128	Pilocytic Astrocytoma	0.858780201	Infratentorial Pilocytic Astrocytoma	0.853788467	PA_INF	0.853788467	Low-grade glial/glioneuronal tumors	0.989	Pilocytic astrocytoma	0.947	PA PF TYP	0.904
BS_HGE91384	207356840032_R06C01	Paediatric-Type Diffuse High-Grade Gliomas	0.992255377	Diffuse Midline Glioma, H3k27-Altered	0.991954209	Diffuse Midline Glioma, H3 K27-Mutant / EZHIP Overexpressing	0.991649124	DMG_K27	0.991649124	Diffuse midline glioma, H3 K27-altered	0.962	Diffuse midline glioma, H3 K27-altered	0.962	DMG K27	0.962
BS_4TKBBY4C	205624870153_R04C01	Medulloblastoma	0.998088415	Medulloblastoma Non-WNT/Non-SHH Activated	0.997844629	Medulloblastoma Group 4	0.997348675	MB_G34_VIII	0.976828758	Medulloblastoma	0.991	Medulloblastoma, non-WNT/non-SHH, Group 4	0.989	MB G4 VIII	0.988
BS_HVMS7D5J	205624860121_R05C01	Cranial And Paraspinal Nerve Tumours	0.935927794	Schwann-Cell Tumours	0.780718676	Schwannoma	0.780032645	SCHW	0.780032645	Mesenchymal tumors	0.983	Malignant melanotic nerve sheath tumor	0.819	MMNST	0.819
BS_N38F9VKE	205676380113_R05C01	Low-Grade Glial/Glioneuronal/Neuroepithelial Tumours	0.880753488	Low-Grade Ganglioglial/Neuroepithelial Tumour	0.62935552	Supratentorial Pilocytic Astrocytoma	0.627925441	PA_CORT	0.627925441	Low-grade glial/glioneuronal tumors	0.989	Pilocytic astrocytoma	0.823	PA ST	0.744
BS_1CGREZ80	206390560103_R04C01	Low-Grade Glial/Glioneuronal/Neuroepithelial Tumours	0.999999737	Low-Grade Glioneuronal Tumour	0.999999725	Rosette-Forming Glioneuronal Tumour	0.999997075	RGNT	0.999997075	Low-grade glial/glioneuronal tumors	0.99	Rosette-forming glioneuronal tumor	0.988	RGNT	0.988
BS_TAB4FCRP	205624860118_R02C01	Low-Grade Glial/Glioneuronal/Neuroepithelial Tumours	0.905491226	Pilocytic Astrocytoma	0.852852464	Infratentorial Pilocytic Astrocytoma	0.518653476	PA_INF	0.518653476	Low-grade glial/glioneuronal tumors	0.989	Pilocytic astrocytoma	0.988	PA PF TYP	0.987
BS_B783W61F	206390560071_R01C01	Adult-Type Diffuse Gliomas	0.215573598	Diffuse High-Grade Neuroepithelial Tumour [Adult-Type]	0.130720496	Gliomatosis Cerebri-like Glioma, IDH-wildtype	0.118808	GCG	0.118808	Low-grade glial/glioneuronal tumors	0.559	Ganglioglioma	0.269	GG	0.269
BS_K0QQFE88	206430120117_R07C01	Medulloblastoma	0.999777304	Medulloblastoma Non-WNT/Non-SHH Activated	0.999749719	Medulloblastoma Group 4	0.999575264	MB_G34_VII	0.998091112	Medulloblastoma	0.99	Medulloblastoma, non-WNT/non-SHH, Group 4	0.989	MB G4 VII	0.988
BS_JGGKJWN7	206430120138_R07C01	Other CNS Embryonal Tumours	0.999995145	Atypical Teratoid Rhabdoid Tumour	0.997726564	Atypical Teratoid Rhabdoid Tumour, Tyrosinase Activated	0.997726145	ATRT_TYR	0.997726145	SMARC-altered tumors	0.987	Atypical teratoid/rhabdoid tumor	0.987	ATRT TYR	0.985
BS_JEKTFKYQ	206530740001_R02C01	Ependymal Tumours	0.991728104	Posterior Fossa Ependymoma Group A	0.983365279	Posterior Fossa Ependymoma Group A1	0.978149512	EPN_PFA_1C	0.946303577	Ependymal tumors	0.989	Posterior fossa group A (PFA) ependymoma	0.987	EPN PFA 1C	0.986
BS_EHVF48Z2	207356850179_R02C01	Other CNS Embryonal Tumours	0.999666961	Atypical Teratoid Rhabdoid Tumour	0.537473162	Atypical Teratoid Rhabdoid Tumour, Tyrosinase Activated	0.536889035	ATRT_TYR	0.536889035	SMARC-altered tumors	0.986	Atypical teratoid/rhabdoid tumor	0.986	ATRT TYR	0.984
BS_3FDXMB1Q	205624900139_R05C01	Paediatric-Type Diffuse High-Grade Gliomas	0.999988756	Diffuse Midline Glioma, H3k27-Altered	0.9999887	Diffuse Midline Glioma, H3 K27-Mutant / EZHIP Overexpressing	0.999988689	DMG_K27	0.999988689	Diffuse midline glioma, H3 K27-altered	0.985	Diffuse midline glioma, H3 K27-altered	0.985	DMG K27	0.985
BS_8TH4AXN8	206390560131_R05C01	Neuroepithelial Tumour, PLAGl1-Fused	0.999997124	Neuroepithelial Tumour, PLAGl1-Fused	0.999997124	Neuroepithelial Tumour, PLAGl1-Fused	0.999997124	NET_PLAGL1_FUS	0.999997124	Neuroblastic embryonal tumors	0.979	CNS tumor, PLAGL1 fusion-positive	0.972	CNS PLAGL1 FUS	0.972
BS_HFACGMWB	206390560183_R05C01	Meningioma	0.99795023	Meningioma	0.99795023	Meningioma, Benign	0.989304371	MNG_BEN_3	0.980179268	Meningioma	0.988	Meningioma, benign	0.987	MNG BEN 3	0.985
BS_GE54T1TT	206390560063_R06C01	Meningioma	0.999629757	Meningioma	0.999629757	Meningioma, SMARCE1-Altered	0.997971614	MNG_SMARCE1	0.997971614	Meningioma	0.987	Meningioma, clear cell type, SMARCE1-altered	0.982	MNG SMARCE1	0.982
BS_DXP7GTAA	206402350061_R06C01	Diffuse Glioma, Mapk Altered, Cell-Cycle Activated	0.999744008	Pleomorphic Xanthoastrocytoma(-Like)	0.999742794	Pleomorphic Xanthoastrocytoma(-Like)	0.999742794	PXA	0.999742794	Intermediate-grade IDH-wildtype gliomas	0.987	Pleomorphic xanthoastrocytoma	0.986	PXA	0.986
BS_2RY6Y2EJ	205676390057_R05C01	Medulloblastoma	0.646072797	Medulloblastoma, SHH-Activated	0.640004823	Medulloblastoma, SHH-Activated, Subtype 2	0.634775933	MB_SHH_2	0.634775933	Diffuse midline glioma, H3 K27-altered	0.987	Diffuse midline glioma, H3 K27-altered	0.987	DMG K27	0.987
BS_4DYK40XD	205982900173_R06C01	Meningioma	0.991793481	Meningioma	0.991793481	Meningioma, Benign	0.988591663	MNG_BEN_1	0.926228523	Meningioma	0.984	Meningioma, benign	0.975	MNG BEN 1	0.91
BS_KVF22YC8	209648840135_R05C01	Paediatric-Type Diffuse High-Grade Gliomas	0.992940873	Diffuse Midline Glioma, H3k27-Altered	0.992784747	Diffuse Midline Glioma, H3 K27-Altered, Subtype EGFR-Altered	0.987026084	DMG_EGFR	0.987026084	Diffuse midline glioma, H3 K27-altered	0.664	Diffuse midline glioma, H3 K27-altered	0.664	DMG EGFR	0.656
BS_DYMT3JZG	205566000010_R04C01	Ependymal Tumours	0.999928426	Posterior Fossa Ependymoma Group A	0.999915976	Posterior Fossa Ependymoma Group A2	0.99990731	EPN_PFA_2A	0.987212228	Ependymal tumors	0.989	Posterior fossa group A (PFA) ependymoma	0.987	EPN PFA 2A	0.987
BS_425HDMG2	205624880007_R01C01	Medulloblastoma	0.999282832	Medulloblastoma Non-WNT/Non-SHH Activated	0.999186952	Medulloblastoma Group 4	0.962025702	MB_G34_VII	0.949738652	Medulloblastoma	0.991	Medulloblastoma, non-WNT/non-SHH, Group 4	0.986	MB G4 VII	0.984
BS_T9JFSXQH	206402350001_R07C01	Mesenchymal, Non-Meningothelial Tumours Involving The CNS	0.999947975	Tumours Of Uncertain Differentiation	0.999946632	Ewing Sarcoma	0.999944777	EWS	0.999944777	Neuroblastic embryonal tumors	0.984	Ewing sarcoma	0.981	EWS	0.981
BS_KJA9Q4N7	205567980088_R06C01	Medulloblastoma	0.999957879	Medulloblastoma, SHH-Activated	0.999950536	Medulloblastoma, SHH-Activated, Subtype 2	0.999665186	MB_SHH_2	0.999665186	Medulloblastoma	0.99	Medulloblastoma, SHH-activated	0.988	MB SHH 2	0.988
BS_3C7JKRKJ	205707890108_R03C01	Control Tissues	0.426705759	Control Tissue, Reactive Tumour Microenvironment	0.421745773	Control Tissue, Reactive Tumour Microenvironment	0.421745773	CTRL_REACTIVE	0.421745773	Low-grade glial/glioneuronal tumors	0.986	Pilocytic astrocytoma	0.882	PA MID	0.754
BS_SNQ6QCZW	207211180067_R03C01	Paediatric-Type Diffuse High-Grade Gliomas	0.223554457	Paediatric-Type Diffuse High-Grade Gliomas	0.200045251	Diffuse Paediatric-Type High Grade Glioma, RTK1 Subtype	0.169838297	pedHGG_RTK1A	0.15543831	Pediatric-type high-grade gliomas	0.842	Infant-type hemispheric glioma	0.785	IHG TYP	0.783
BS_VBPNA1QT	205567980094_R07C01	Low-Grade Glial/Glioneuronal/Neuroepithelial Tumours	0.996272008	Pilocytic Astrocytoma	0.980681414	Infratentorial Pilocytic Astrocytoma	0.976112309	PA_INF	0.976112309	Low-grade glial/glioneuronal tumors	0.989	Pilocytic astrocytoma	0.988	PA PF TYP	0.987
BS_GXJ34W0F	206402350048_R01C01	Paediatric-Type Diffuse High-Grade Gliomas	0.999218235	Diffuse Midline Glioma, H3k27-Altered	0.999209308	Diffuse Midline Glioma, H3 K27-Mutant / EZHIP Overexpressing	0.99920918	DMG_K27	0.99920918	Diffuse midline glioma, H3 K27-altered	0.987	Diffuse midline glioma, H3 K27-altered	0.987	DMG K27	0.987
BS_FBPGKMX5	205657380112_R01C01	Circumscribed Astrocytic Tumours	0.523050268	Subependymal Giant Cell Astrocytoma	0.521731525	Subependymal Giant Cell Astrocytoma	0.521731525	SEGA	0.521731525	Low-grade glial/glioneuronal tumors	0.979	Subependymal giant cell astrocytoma	0.961	SEGA	0.961
BS_83V1GTVC	205624900062_R06C01	Medulloblastoma	0.999861018	Medulloblastoma Non-WNT/Non-SHH Activated	0.999847299	Medulloblastoma Group 4	0.999474705	MB_G34_VII	0.996078639	Medulloblastoma	0.991	Medulloblastoma, non-WNT/non-SHH, Group 4	0.989	MB G4 VII	0.989
BS_VVVAAAXD	205676390015_R03C01	Other CNS Embryonal Tumours	0.99919691	Atypical Teratoid Rhabdoid Tumour	0.999128964	Atypical Teratoid Rhabdoid Tumour, SHH Activated	0.998372835	ATRT_SHH	0.998372835	SMARC-altered tumors	0.977	Atypical teratoid/rhabdoid tumor	0.977	ATRT SHH	0.975
BS_60KVHAYR	206430120107_R06C01	Medulloblastoma	0.999728702	Medulloblastoma Non-WNT/Non-SHH Activated	0.999695899	Medulloblastoma Group 3	0.999217079	MB_G34_IV	0.915092919	Medulloblastoma	0.991	Medulloblastoma, non-WNT/non-SHH, Group 3	0.988	MB G3 IV	0.988
BS_Y6S6RQ0T	205707890145_R01C01	Ependymal Tumours	0.999984175	Posterior Fossa Ependymoma Group B \& Posterior Fossa Subependymoma	0.99973706	Posterior Fossa Ependymoma Group B	0.999687001	EPN_PFB_1	0.998649897	Ependymal tumors	0.989	Posterior fossa group B (PFB) ependymoma	0.987	EPN PFB 1	0.986
BS_EANQNMYY	205676390057_R04C01	Ependymal Tumours	0.54507163	Supratentorial Ependymoma, ZFTA Fusion-Positive	0.479728905	Supratentorial Ependymoma, ZFTA Fusion-Positive	0.3066561	EPN_ST_ZFTA_FUS_E	0.20067155	Neuroblastic embryonal tumors	0.165	CNS tumor with PATZ1 fusion	0.086	CNS PATZ1 FUS	0.083
BS_4Q7PQHS8	206390560106_R04C01	Paediatric-Type Diffuse High-Grade Gliomas	0.999999996	Diffuse Midline Glioma, H3k27-Altered	0.999999838	Diffuse Midline Glioma, H3 K27-Altered, Subtype EGFR-Altered	0.999999826	DMG_EGFR	0.999999826	Diffuse midline glioma, H3 K27-altered	0.984	Diffuse midline glioma, H3 K27-altered	0.984	DMG EGFR	0.982
BS_3BKVEDV4	205624860167_R04C01	Cranial And Paraspinal Nerve Tumours	0.999806736	Schwann-Cell Tumours	0.999793353	Schwannoma	0.999707414	SCHW	0.999707414	Mesenchymal tumors	0.989	Schwannoma	0.987	SCHW	0.987
BS_V4PBW4WH	205122170055_R02C01	Tumours Of The Sellar Region	0.84770139	Craniopharyngioma	0.841523498	Adamantinomatous Craniopharyngioma	0.712694924	CPH_ADM	0.712694924	Epithelial tumors	0.986	Adamantinomatous craniopharyngioma	0.963	CPH ADM	0.963
BS_S60ZPQZM	205624870061_R05C01	Diffuse Glioneuronal Tumours	0.841075005	Diffuse Glioneuronal Tumours	0.841075005	Diffuse Leptomeningeal Glioneuronal Tumour	0.837167041	DLGNT_1	0.831021738	Intermediate-grade IDH-wildtype gliomas	0.976	Diffuse leptomeningeal glioneuronal tumor	0.847	DLGNT 1	0.843
BS_9ZZ0543Z	206390560021_R05C01	Paediatric-Type Diffuse High-Grade Gliomas	0.434288761	Paediatric-Type Diffuse High-Grade Gliomas	0.365922928	Diffuse Paediatric-Type High Grade Glioma, H3 Wildtype And IDH Wild Type, Subtype A\&B (Novel)	0.186041736	pedHGG_A	0.182569177	Intermediate-grade IDH-wildtype gliomas	0.64	Pleomorphic xanthoastrocytoma	0.437	PXA	0.208
BS_S3ABJN0R	205589730018_R04C01	Low-Grade Glial/Glioneuronal/Neuroepithelial Tumours	0.999996771	Low-Grade Glioneuronal Tumour	0.999996579	Rosette-Forming Glioneuronal Tumour	0.999976659	RGNT	0.999976659	Low-grade glial/glioneuronal tumors	0.99	Rosette-forming glioneuronal tumor	0.987	RGNT	0.987
BS_3RVF0WEC	205707900107_R02C01	Ependymal Tumours	0.304705354	Posterior Fossa Ependymoma Group A	0.095276646	Posterior Fossa Ependymoma Group A1	0.078556522	EPN_PF_SE	0.05442391	Low-grade glial/glioneuronal tumors	0.405	Subependymal giant cell astrocytoma	0.126	SEGA	0.126
BS_76X3HJ0M	205624900145_R06C01	Choroid Plexus Tumours	0.986693325	Choroid Plexus Tumours	0.986693325	Choroid Plexus Tumours Subtype B	0.985928221	CPT_PED_B	0.985256709	Choroid plexus tumors	0.957	Choroid plexus carcinoma	0.955	CPC PED	0.955
BS_4PD4BEHP	205707890087_R05C01	Medulloblastoma	0.999911595	Medulloblastoma Non-WNT/Non-SHH Activated	0.999902749	Medulloblastoma Group 4	0.99883148	MB_G34_V	0.984230468	Medulloblastoma	0.991	Medulloblastoma, non-WNT/non-SHH, Group 4	0.989	MB G4 V	0.987
BS_0QDG4N14	205676380130_R02C01	Paediatric-Type Diffuse High-Grade Gliomas	0.999649173	Paediatric-Type Diffuse High-Grade Gliomas	0.999645827	Diffuse Paediatric-Type High Grade Glioma, RTK1 Subtype	0.99961837	pedHGG_RTK1A	0.999480056	Pediatric-type high-grade gliomas	0.984	Diffuse pediatric-type high-grade glioma, H3-wildtype and IDH-wildtype	0.982	pedHGG RTK1A	0.981
BS_NPSWQJ6B	205624900113_R02C01	Low-Grade Glial/Glioneuronal/Neuroepithelial Tumours	0.992809907	Low-Grade Glioneuronal Tumour	0.990592451	Dysembryoplastic Neuroepithelial Tumour	0.660724818	DNET	0.660724818	Low-grade glial/glioneuronal tumors	0.99	Myxoid glioneuronal tumor	0.972	MYXGNT	0.972
BS_W7V92WGN	207356840032_R07C01	Low-Grade Glial/Glioneuronal/Neuroepithelial Tumours	0.995583403	Low-Grade Ganglioglial/Neuroepithelial Tumour	0.980426673	Supratentorial Pilocytic Astrocytoma	0.980375148	PA_CORT	0.980375148	Low-grade glial/glioneuronal tumors	0.989	Pilocytic astrocytoma	0.982	PA ST	0.976
BS_HJ51RXV8	205624900169_R01C01	Low-Grade Glial/Glioneuronal/Neuroepithelial Tumours	0.999997715	Pilocytic Astrocytoma	0.999989857	Infratentorial Pilocytic Astrocytoma	0.999988629	PA_INF	0.999988629	Low-grade glial/glioneuronal tumors	0.989	Pilocytic astrocytoma	0.989	PA PF TYP	0.988
BS_S2QR3V7R	205624860020_R04C01	Medulloblastoma	0.999924093	Medulloblastoma, SHH-Activated	0.999904257	Medulloblastoma, SHH-Activated, Subtype 1	0.992294327	MB_SHH_1	0.992294327	Medulloblastoma	0.991	Medulloblastoma, SHH-activated	0.988	MB SHH 1	0.988
BS_BQMMHHZH	205567980094_R06C01	Ependymal Tumours	0.999995009	Spinal Ependymoma	0.999989523	Spinal Ependymoma	0.999989419	EPN_SPINE	0.999989419	Ependymal tumors	0.989	Spinal ependymoma	0.987	EPN SPINE	0.987
BS_ER9RMSVG	205566000152_R05C01	Mesenchymal, Non-Meningothelial Tumours Involving The CNS	0.998994631	Tumours Of Uncertain Differentiation	0.998967462	Ewing Sarcoma	0.998935392	EWS	0.998935392	Neuroblastic embryonal tumors	0.971	Ewing sarcoma	0.965	EWS	0.965
BS_4N31JVE5	206390560134_R01C01	Low-Grade Glial/Glioneuronal/Neuroepithelial Tumours	0.999995276	Low-Grade Glioneuronal Tumour	0.999993822	Dysembryoplastic Neuroepithelial Tumour	0.998822776	DNET	0.998822776	Low-grade glial/glioneuronal tumors	0.99	Dysembryoplastic neuroepithelial tumor	0.987	DNT	0.987
BS_5NEHMV02	205589730030_R01C01	Low-Grade Glial/Glioneuronal/Neuroepithelial Tumours	0.998965249	Pilocytic Astrocytoma	0.998535619	Infratentorial Pilocytic Astrocytoma	0.998052431	PA_INF	0.998052431	Low-grade glial/glioneuronal tumors	0.99	Pilocytic astrocytoma	0.989	PA PF TYP	0.988
BS_FB8KQA9D	206402350095_R04C01	Low-Grade Glial/Glioneuronal/Neuroepithelial Tumours	0.291026083	Low-Grade Ganglioglial/Neuroepithelial Tumour	0.273733507	Desmoplastic Infantile Ganglioglioma/Astrocytoma	0.271111598	DIG_DIA	0.271111598	Control tissues	0.263	Control tissue, reactive tumor microenvironment	0.21	CONTR REACT	0.21
BS_Y6CXCPED	205624860020_R06C01	Paediatric-Type Diffuse High-Grade Gliomas	0.998967359	Paediatric-Type Diffuse High-Grade Gliomas	0.998895355	Diffuse Paediatric-Type High Grade Glioma, RTK2 Subtype	0.536291502	pedHGG_RTK2B	0.536188885	Pediatric-type high-grade gliomas	0.987	Diffuse pediatric-type high-grade glioma, H3-wildtype and IDH-wildtype	0.773	pedHGG RTK2B	0.186
BS_6HDWSD3P	206390560108_R06C01	Low-Grade Glial/Glioneuronal/Neuroepithelial Tumours	0.590431251	Low-Grade Ganglioglial/Neuroepithelial Tumour	0.526524555	Ganglioglioma	0.458654314	GG	0.458654314	Low-grade glial/glioneuronal tumors	0.61	Ganglioglioma	0.492	GG	0.492
BS_E5SCQ99B	207356840095_R08C01	Ependymal Tumours	0.192530521	Posterior Fossa Ependymoma Group A	0.081924474	Posterior Fossa Ependymoma Group A1	0.073571156	GBM_MES_TYP	0.063882767	Low-grade glial/glioneuronal tumors	0.444	Pilocytic astrocytoma	0.313	PA PF TYP	0.265
BS_6AC8SY86	206390560063_R08C01	Control Tissues	0.998631613	Control Brain Tissues	0.998631605	Control Tissue, Pituitary Gland (Anterior Lobe)	0.998631566	CTRL_ADENOPIT	0.998631566	Control tissues	0.984	Control tissue, pituitary gland	0.964	CONTR ADENOPIT	0.964
BS_0DG68A8N	205589730146_R06C01	Adult-Type Diffuse Gliomas	0.999999946	Diffuse High-Grade Neuroepithelial Tumour [Adult-Type]	0.999999946	Diffuse High-Grade Neuroepithelial Tumour [Adult-Type, Non-Defined Type E]	0.999997677	HGG_E	0.999997677	Intermediate-grade IDH-wildtype gliomas	0.939	Diffuse high-grade glioma, IDH-wildtype, subtype E	0.938	HGG E	0.938
BS_PR38DGDZ	206402350041_R03C01	Medulloblastoma	0.990704344	Medulloblastoma, SHH-Activated	0.988677514	Medulloblastoma, SHH-Activated, Subtype 2	0.744446719	MB_SHH_2	0.744446719	Medulloblastoma	0.99	Medulloblastoma, SHH-activated	0.879	MB SHH 2	0.742
BS_VQAPSJCN	206402350055_R06C01	Adult-Type Diffuse Gliomas	0.999995926	Diffuse High-Grade Neuroepithelial Tumour [Adult-Type]	0.999995251	Glioneuronal tumor with ATRX alteration, kinase fusion and anaplastic features 	0.999995251	GTAKA	0.999995251	Intermediate-grade IDH-wildtype gliomas	0.986	Glioneuronal tumor with ATRX alteration, kinase fusion and anaplastic features	0.98	GTAKA	0.98
BS_H8HPJ9FB	205707900009_R01C01	Ependymal Tumours	0.999942497	Spinal Ependymoma (myxopapillary-enriched)	0.999900944	Spinal Ependymoma (myxopapillary-enriched)	0.999900944	EPN_MPE	0.999900944	Ependymal tumors	0.989	Myxopapillary ependymoma	0.983	EPN MPE B	0.983
BS_V3HQGPZ4	207356840008_R05C01	Paediatric-Type Diffuse High-Grade Gliomas	0.9908703	Diffuse Midline Glioma, H3k27-Altered	0.99050952	Diffuse Midline Glioma, H3 K27-Mutant / EZHIP Overexpressing	0.990438774	DMG_K27	0.990438774	Diffuse midline glioma, H3 K27-altered	0.986	Diffuse midline glioma, H3 K27-altered	0.986	DMG K27	0.986
BS_QC00MR9J	205122170055_R07C01	Low-Grade Glial/Glioneuronal/Neuroepithelial Tumours	0.854566197	Low-Grade Ganglioglial/Neuroepithelial Tumour	0.842995083	Ganglioglioma	0.823417016	GG	0.823417016	Low-grade glial/glioneuronal tumors	0.989	Ganglioglioma	0.986	GG	0.986
BS_1PD8RD2N	205707900165_R05C01	Circumscribed Astrocytic Tumours	0.123366879	Subependymal Giant Cell Astrocytoma	0.121084755	Subependymal Giant Cell Astrocytoma	0.121084755	SEGA	0.121084755	Mesenchymal tumors	0.299	Chordoma	0.062	CHORDM	0.061
BS_0QQBKX63	206402350021_R03C01	Medulloblastoma	0.999879496	Medulloblastoma Non-WNT/Non-SHH Activated	0.999866248	Medulloblastoma Group 4	0.999853303	MB_G34_VIII	0.999671867	Medulloblastoma	0.991	Medulloblastoma, non-WNT/non-SHH, Group 4	0.989	MB G4 VIII	0.989
BS_Z0KREQTN	206430120133_R05C01	Ependymal Tumours	0.999987918	Posterior Fossa Ependymoma Group A	0.999979266	Posterior Fossa Ependymoma Group A1	0.999937016	EPN_PFA_1C	0.999687923	Ependymal tumors	0.989	Posterior fossa group A (PFA) ependymoma	0.988	EPN PFA 1C	0.988
BS_R09JN14H	205624900133_R04C01	Low-Grade Glial/Glioneuronal/Neuroepithelial Tumours	0.846106937	Pilocytic Astrocytoma	0.48477095	Supratentorial Midline Pilocytic Astrocytoma	0.408489777	PA_MID	0.408489777	Low-grade glial/glioneuronal tumors	0.989	Pilocytic astrocytoma	0.913	PA MID	0.613
BS_WAN02YNZ	206530740002_R01C01	Choroid Plexus Tumours	0.999997753	Choroid Plexus Tumours	0.999997753	Choroid Plexus Tumours Subtype A	0.999997229	CPT_PED_A	0.999997027	Choroid plexus tumors	0.985	Choroid plexus papilloma	0.984	CPP PED	0.983
BS_HWFTHR2J	206402350029_R06C01	Ependymal Tumours	0.999981706	Spinal Ependymoma (myxopapillary-enriched)	0.999971712	Spinal Ependymoma (myxopapillary-enriched)	0.999971712	EPN_MPE	0.999971712	Ependymal tumors	0.988	Myxopapillary ependymoma	0.95	EPN MPE B	0.935
BS_TPHCQNF2	205624900008_R01C01	Tumours Of The Sellar Region	0.984512782	Craniopharyngioma	0.983921005	Adamantinomatous Craniopharyngioma	0.959398633	CPH_ADM	0.959398633	Epithelial tumors	0.986	Adamantinomatous craniopharyngioma	0.981	CPH ADM	0.981
BS_P0KXVQ8K	205624660018_R07C01	Control Tissues	0.981657571	Control Brain Tissues	0.981657553	Control Tissue, Cerebellar Hemisphere	0.981657496	CTRL_CBM	0.981657496	Control tissues	0.542	Control tissue, cerebellum	0.506	CONTR CEBM	0.506
BS_MVGE1QES	205567980088_R05C01	Low-Grade Glial/Glioneuronal/Neuroepithelial Tumours	0.99995026	Low-Grade Ganglioglial/Neuroepithelial Tumour	0.999828098	Supratentorial Pilocytic Astrocytoma	0.999827925	PA_CORT	0.999827925	Low-grade glial/glioneuronal tumors	0.989	Pilocytic astrocytoma	0.988	PA ST	0.987
BS_XZ3SY785	205707900146_R07C01	Ependymal Tumours	0.999879791	Posterior Fossa Ependymoma Group B \& Posterior Fossa Subependymoma	0.999528658	Posterior Fossa Ependymoma Group B	0.999415185	EPN_PFB_3	0.979107901	Ependymal tumors	0.989	Posterior fossa group B (PFB) ependymoma	0.986	EPN PFB 3	0.985
BS_3348KB23	206402350087_R04C01	Paediatric-Type Diffuse High-Grade Gliomas	0.999849548	Diffuse Midline Glioma, H3k27-Altered	0.999843067	Diffuse Midline Glioma, H3 K27-Mutant / EZHIP Overexpressing	0.999838594	DMG_K27	0.999838594	Diffuse midline glioma, H3 K27-altered	0.987	Diffuse midline glioma, H3 K27-altered	0.987	DMG K27	0.987
BS_5H0FNCFG	205676390173_R07C01	Low-Grade Glial/Glioneuronal/Neuroepithelial Tumours	0.688569047	Low-Grade Ganglioglial/Neuroepithelial Tumour	0.657285012	Ganglioglioma	0.611784116	GG	0.611784116	Low-grade glial/glioneuronal tumors	0.986	Ganglioglioma	0.977	GG	0.977
BS_FD1SX831	205657380093_R06C01	Low-Grade Glial/Glioneuronal/Neuroepithelial Tumours	0.543182633	Low-Grade Ganglioglial/Neuroepithelial Tumour	0.31101153	Ganglioglioma	0.246379083	GG	0.246379083	Low-grade glial/glioneuronal tumors	0.98	Ganglioglioma	0.95	GG	0.95
BS_6YAX2HSE	205657380102_R05C01	Paediatric-Type Diffuse High-Grade Gliomas	0.999935999	Diffuse Midline Glioma, H3k27-Altered	0.999935909	Diffuse Midline Glioma, H3 K27-Mutant / EZHIP Overexpressing	0.999935864	DMG_K27	0.999935864	Diffuse midline glioma, H3 K27-altered	0.986	Diffuse midline glioma, H3 K27-altered	0.986	DMG K27	0.986
BS_RA65J4RZ	205624870153_R06C01	Other CNS Embryonal Tumours	0.736950474	Atypical Teratoid Rhabdoid Tumour	0.729052344	Atypical Teratoid Rhabdoid Tumour, MYC Activated	0.711664012	ATRT_MYC	0.711664012	Mesenchymal tumors	0.974	Poorly differentiated chordoma	0.963	CHORDM PD	0.963
BS_DFE3691F	207356840095_R02C01	Paediatric-Type Diffuse High-Grade Gliomas	0.994455902	Paediatric-Type Diffuse High-Grade Gliomas	0.99435867	Diffuse Paediatric-Type High Grade Glioma, RTK1 Subtype	0.994055078	pedHGG_RTK1A	0.661555653	Pediatric-type high-grade gliomas	0.967	Diffuse pediatric-type high-grade glioma, H3-wildtype and IDH-wildtype	0.935	pedHGG RTK1A	0.844
BS_1G2DAFZY	205589730006_R01C01	Low-Grade Glial/Glioneuronal/Neuroepithelial Tumours	0.99064061	Low-Grade Ganglioglial/Neuroepithelial Tumour	0.937908222	Supratentorial Pilocytic Astrocytoma	0.937746942	PA_CORT	0.937746942	Low-grade glial/glioneuronal tumors	0.989	Pilocytic astrocytoma	0.988	PA ST	0.987
BS_Q37DRN94	205589730030_R04C01	Low-Grade Glial/Glioneuronal/Neuroepithelial Tumours	0.975664611	Low-Grade Ganglioglial/Neuroepithelial Tumour	0.954501706	Supratentorial Pilocytic Astrocytoma	0.93415536	PA_CORT	0.93415536	Low-grade glial/glioneuronal tumors	0.989	Ganglioglioma	0.661	GG	0.661
BS_PN8JGKKR	207356850179_R04C01	Other CNS Embryonal Tumours	0.999999693	Atypical Teratoid Rhabdoid Tumour	0.999999501	Atypical Teratoid Rhabdoid Tumour, MYC Activated	0.99999457	ATRT_MYC	0.99999457	SMARC-altered tumors	0.987	Atypical teratoid/rhabdoid tumor	0.987	ATRT MYC	0.986
BS_Z9WVCMBB	206390560119_R03C01	Pineal Parenchymal And Retinal Tumours	0.973110972	Pineoblastoma, MYC/FOXR2-Activated	0.933457345	Pineoblastoma, MYC/FOXR2-Activated	0.933457345	PB_FOXR2	0.933457345	Pineal region tumors and retinoblastoma	0.983	Pineoblastoma	0.98	PB MYC/FOXR2	0.977
BS_ED6NMRWD	205567990005_R03C01	Paediatric-Type Diffuse High-Grade Gliomas	0.37036808	Paediatric-Type Diffuse High-Grade Gliomas	0.302306137	Diffuse Paediatric-Type High Grade Glioma, RTK1 Subtype	0.286626079	pedHGG_RTK1C	0.207195529	Pediatric-type high-grade gliomas	0.744	Diffuse pediatric-type high-grade glioma, H3-wildtype and IDH-wildtype	0.529	pedHGG RTK1C	0.23
BS_S5WWFSEZ	205624860118_R01C01	Medulloblastoma	0.999725121	Medulloblastoma Non-WNT/Non-SHH Activated	0.999688485	Medulloblastoma Group 3	0.998377602	MB_G34_IV	0.967864791	Medulloblastoma	0.991	Medulloblastoma, non-WNT/non-SHH, Group 3	0.989	MB G3 IV	0.988
BS_PQGTDT71	205624860120_R01C01	Inflammatory Microenvironment	0.488239212	Inflammatory Microenvironment	0.488239212	Inflammatory Microenvironment	0.488239212	INFLAM_ENV	0.488239212	Control tissues	0.317	Control tissue, inflammatory microenvironment	0.245	CONTR INFLAM	0.245
BS_EFBDT6ZE	205648310172_R05C01	Medulloblastoma	0.996194154	Medulloblastoma Non-WNT/Non-SHH Activated	0.995743159	Medulloblastoma Group 4	0.990849807	MB_G34_VI	0.577676925	Medulloblastoma	0.991	Medulloblastoma, non-WNT/non-SHH, Group 4	0.863	MB G4 V	0.546
BS_KH28G601	205589730167_R05C01	Ependymal Tumours	0.999577381	Posterior Fossa Ependymoma Group A	0.999497668	Posterior Fossa Ependymoma Group A2	0.999371296	EPN_PFA_2A	0.99772677	Ependymal tumors	0.989	Posterior fossa group A (PFA) ependymoma	0.988	EPN PFA 2A	0.988
BS_9MTN0TJX	205707900008_R02C01	Ependymal Tumours	0.999061352	Posterior Fossa Ependymoma Group B \& Posterior Fossa Subependymoma	0.993083785	Posterior Fossa Ependymoma Group B	0.992520002	EPN_PFB_2	0.963874496	Ependymal tumors	0.989	Posterior fossa group B (PFB) ependymoma	0.987	EPN PFB 2	0.986
BS_D07622XS	205676380113_R02C01	Low-Grade Glial/Glioneuronal/Neuroepithelial Tumours	0.999994823	Low-Grade Glioneuronal Tumour	0.999994197	Dysembryoplastic Neuroepithelial Tumour	0.997444524	DNET	0.997444524	Low-grade glial/glioneuronal tumors	0.99	Dysembryoplastic neuroepithelial tumor	0.988	DNT	0.988
BS_0J8Y837K	205676390174_R02C01	Cranial And Paraspinal Nerve Tumours	0.171191962	Cranial And Paraspinal Nerve Tumours	0.102693386	Plexiform Neurofibroma	0.077321355	NFIB_PLEX	0.077321355	Mesenchymal tumors	0.986	Chondrosarcoma	0.368	CSA CC	0.18
BS_SANX1620	206390560038_R08C01	Medulloblastoma	0.952316769	Medulloblastoma Non-WNT/Non-SHH Activated	0.94197939	Medulloblastoma Group 3	0.903824169	MB_G34_II	0.484150434	Medulloblastoma	0.989	Medulloblastoma, non-WNT/non-SHH, Group 3	0.959	MB G3 III	0.938
BS_PGNB51T2	205676390109_R07C01	Germ Cell Tumours	0.804383062	Germ Cell Tumours Of The CNS	0.804383062	(Immature) Teratoma	0.804005205	GCT_TERA	0.804005205	Mesenchymal tumors	0.828	Plexiform neurofibroma	0.3	NFIB PLEX	0.3
BS_A1HV0XEX	206390560021_R08C01	Other CNS Embryonal Tumours	0.9993127	Atypical Teratoid Rhabdoid Tumour	0.998768332	Atypical Teratoid Rhabdoid Tumour, SHH Activated	0.990063642	ATRT_SHH	0.990063642	SMARC-altered tumors	0.987	Atypical teratoid/rhabdoid tumor	0.987	ATRT SHH	0.985
BS_0WPTQK91	206402350087_R05C01	Adult-Type Diffuse Gliomas	0.23624856	Diffuse Midline Glioma, H3k27-Altered	0.144572778	Diffuse Midline Glioma, H3 K27-Mutant / EZHIP Overexpressing	0.139765242	DMG_K27	0.139765242	Pediatric-type high-grade gliomas	0.251	H3 K27 and MAPK-altered glioma	0.114	H3K27 MAPK	0.106
BS_8GJ6K5QY	205567980099_R04C01	Diffuse Glioma, Mapk Altered, Cell-Cycle Activated	0.974375842	High-Grade Astrocytoma With Piloid Features	0.972515119	High-Grade Astrocytoma With Piloid Features	0.972515119	HGAP	0.972515119	Intermediate-grade IDH-wildtype gliomas	0.986	High-grade astrocytoma with piloid features	0.984	HGAP	0.984
BS_K14K54GX	206402350026_R03C01	Diffuse Glioneuronal Tumours	0.948601824	Diffuse Glioneuronal Tumours	0.948601824	Diffuse Glioneuronal Tumour, Non Defined Type	0.948554533	GNT_A	0.948554533	Intermediate-grade IDH-wildtype gliomas	0.987	Glioneuronal tumor, kinase-fused	0.985	GNT KinF A	0.985
BS_0RWY8M98	205624900062_R01C01	Low-Grade Glial/Glioneuronal/Neuroepithelial Tumours	0.999999745	Pilocytic Astrocytoma	0.999999653	Supratentorial Midline Pilocytic Astrocytoma	0.999999213	PA_MID	0.999999213	Low-grade glial/glioneuronal tumors	0.989	Pilocytic astrocytoma	0.988	PA MID	0.987
BS_YMA9N90V	205624900160_R08C01	Paediatric-Type Diffuse High-Grade Gliomas	0.83370685	Paediatric-Type Diffuse High-Grade Gliomas	0.828245239	Diffuse Paediatric-Type High Grade Glioma, MYCN Subtype	0.805453165	pedHGG_MYCN	0.805453165	Pediatric-type high-grade gliomas	0.986	Diffuse pediatric-type high-grade glioma, H3-wildtype and IDH-wildtype	0.983	pedHGG MYCN	0.98
BS_RMBFCQFB	205589740019_R01C01	Medulloblastoma	0.999998913	Medulloblastoma Non-WNT/Non-SHH Activated	0.999998643	Medulloblastoma Group 3	0.999997262	MB_G34_II	0.999987444	Medulloblastoma	0.991	Medulloblastoma, non-WNT/non-SHH, Group 3	0.989	MB G3 II	0.989
BS_YMJJ8Y23	205676390173_R02C01	Ependymal Tumours	0.995076175	Supratentorial Ependymoma, ZFTA Fusion-Positive	0.993906941	Supratentorial Ependymoma, ZFTA:rela Fusion-Positive	0.987070248	EPN_ST_ZFTA_RELA_A	0.986840229	Ependymal tumors	0.989	Supratentorial ependymoma, ZFTA fusion-positive	0.987	EPN ST ZFTA RELA	0.987
BS_N3QT5EFA	205624860167_R08C01	Mesenchymal, Non-Meningothelial Tumours Involving The CNS	0.997761868	Vascular Tumours	0.997552698	Haemangioblastoma	0.997552698	HMB	0.997552698	Mesenchymal tumors	0.987	Hemangioblastoma	0.985	HMB	0.985
BS_9QDA6XJM	205624860120_R05C01	Other CNS Embryonal Tumours	0.99995832	Embryonal Tumour With Multilayered Rosettes	0.999956772	Embryonal Tumour With Multilayered Rosettes-Like	0.872566204	ETMR_Atyp	0.872566204	Neuroblastic embryonal tumors	0.985	Embryonal tumor with multilayered rosettes	0.984	ETMR non-C19MC	0.984
BS_3Q6GVFYJ	206430120127_R03C01	Inflammatory Microenvironment	0.252287373	Inflammatory Microenvironment	0.252287373	Inflammatory Microenvironment	0.252287373	INFLAM_ENV	0.252287373	Pediatric-type high-grade gliomas	0.664	Diffuse pediatric-type high-grade glioma, H3-wildtype and IDH-wildtype	0.646	pedHGG RTK1A	0.635
BS_YX2VCM1V	205589730167_R01C01	Low-Grade Glial/Glioneuronal/Neuroepithelial Tumours	0.930125717	Low-Grade Glioneuronal Tumour	0.577265899	Dysembryoplastic Neuroepithelial Tumour	0.456179483	DNET	0.456179483	Low-grade glial/glioneuronal tumors	0.99	Pilocytic astrocytoma	0.94	PA ST	0.898
BS_VW79B0QX	206402350085_R03C01	Paediatric-Type Diffuse High-Grade Gliomas	0.999983966	Infant-Type Hemispheric Glioma	0.999981565	Infant-Type Hemispheric Glioma	0.999981565	IHG	0.999981565	Pediatric-type high-grade gliomas	0.987	Infant-type hemispheric glioma	0.985	IHG TYP	0.985
BS_F76ZYWDZ	209890280148_R05C01	High-Grade Neuroepithelial Tumour With MN1:BEND2 Fusion	0.968172433	High-Grade Neuroepithelial Tumour With MN1:BEND2 Fusion	0.968172433	High-Grade Neuroepithelial Tumour With MN1:BEND2 Fusion	0.968172433	ABM_MN1	0.968172433	Intermediate-grade IDH-wildtype gliomas	0.771	Astroblastoma, MN1-altered	0.695	AB MN1 BEND2	0.685
BS_C5CHG1S8	205122170033_R08C01	Ependymal Tumours	0.995348046	Posterior Fossa Ependymoma Group A	0.99404577	Posterior Fossa Ependymoma Group A2	0.99255318	EPN_PFA_2A	0.978285199	Ependymal tumors	0.989	Posterior fossa group A (PFA) ependymoma	0.988	EPN PFA 2A	0.987
BS_56PCCAVM	206430120136_R08C01	Paediatric-Type Diffuse High-Grade Gliomas	0.816059727	Diffuse Midline Glioma, H3k27-Altered	0.803867197	Diffuse Midline Glioma, H3 K27-Mutant / EZHIP Overexpressing	0.801050887	DMG_K27	0.801050887	Pediatric-type high-grade gliomas	0.834	H3 K27 and MAPK-altered glioma	0.698	H3K27 MAPK	0.698
BS_YPRGV9M3	205567980094_R08C01	Ependymal Tumours	0.938748487	Posterior Fossa Ependymoma Group A	0.865715031	Posterior Fossa Ependymoma Group A2	0.855132269	EPN_PFA_2A	0.572536491	Ependymal tumors	0.989	Posterior fossa group A (PFA) ependymoma	0.863	EPN PFA 2A	0.692
BS_CRWYJ73G	205624900173_R03C01	Control Tissues	0.998849527	Control Brain Tissues	0.998844855	Control Tissue, Hemispheric Cortex	0.998802951	CTRL_HEMI	0.998802951	Control tissues	0.647	Control tissue, cerebral hemisphere	0.623	CONTR HEMI	0.623
BS_VNST53WV	206430120018_R08C01	Circumscribed Astrocytic Tumours	0.263592151	Subependymal Giant Cell Astrocytoma	0.261618637	Subependymal Giant Cell Astrocytoma	0.261618637	SEGA	0.261618637	Epithelial tumors	0.424	Papillary craniopharyngioma	0.256	CPH PAP	0.256
BS_T9KBSWAW	206530740001_R01C01	Neuroblastoma	0.634015995	Neuroblastoma	0.634015995	Neuroblastoma	0.634015995	NB_TMM_NEG	0.633068899	Mesenchymal tumors	0.4	Malignant melanotic nerve sheath tumor	0.23	MMNST	0.23
BS_BHXBM71S	206402350106_R06C01	Neuroblastoma	0.441854994	Neuroblastoma	0.441854994	Neuroblastoma	0.441854994	NB_TMM_NEG	0.441274844	Mesenchymal tumors	0.214	Malignant melanotic nerve sheath tumor	0.143	MMNST	0.143
BS_NPNYQ5C1	207356850156_R02C01	Paediatric-Type Diffuse High-Grade Gliomas	0.99464071	Diffuse Midline Glioma, H3k27-Altered	0.994360266	Diffuse Midline Glioma, H3 K27-Mutant / EZHIP Overexpressing	0.994244429	DMG_K27	0.994244429	Diffuse midline glioma, H3 K27-altered	0.98	Diffuse midline glioma, H3 K27-altered	0.98	DMG K27	0.98
BS_E21K18A3	205676390109_R01C01	Paediatric-Type Diffuse High-Grade Gliomas	0.999999691	Diffuse Midline Glioma, H3k27-Altered	0.99999969	Diffuse Midline Glioma, H3 K27-Mutant / EZHIP Overexpressing	0.99999969	DMG_K27	0.99999969	Diffuse midline glioma, H3 K27-altered	0.987	Diffuse midline glioma, H3 K27-altered	0.987	DMG K27	0.987
BS_R2PFW6R8	205707900008_R05C01	Ependymal Tumours	0.664654516	Posterior Fossa Ependymoma Group B \& Posterior Fossa Subependymoma	0.206060741	Neuroepithelial Tumour With PATZ1 Fusion	0.178491125	NET_PATZ1	0.178491125	Neuroblastic embryonal tumors	0.709	CNS tumor with PATZ1 fusion	0.177	CNS PATZ1 FUS	0.177
BS_J8KF2T56	205624900008_R05C01	Ependymal Tumours	0.999967905	Posterior Fossa Ependymoma Group A	0.999959766	Posterior Fossa Ependymoma Group A1	0.9999014	EPN_PFA_1E	0.995941845	Ependymal tumors	0.989	Posterior fossa group A (PFA) ependymoma	0.988	EPN PFA 1E	0.987
BS_C471PQSC	205624900169_R05C01	Choroid Plexus Tumours	0.999998003	Choroid Plexus Tumours	0.999998003	Choroid Plexus Tumours Subtype A	0.999997754	CPT_PED_A	0.999997677	Choroid plexus tumors	0.986	Choroid plexus papilloma	0.985	CPP PED	0.984
BS_FPZ63KF4	206390560188_R07C01	Medulloblastoma	0.99975596	Medulloblastoma Non-WNT/Non-SHH Activated	0.999726511	Medulloblastoma Group 4	0.999694842	MB_G34_VIII	0.999412332	Medulloblastoma	0.991	Medulloblastoma, non-WNT/non-SHH, Group 4	0.989	MB G4 VIII	0.989
BS_1D9VXFXY	206390560054_R06C01	Neuroblastoma	0.782059866	Neuroblastoma	0.782059866	Neuroblastoma	0.782059866	NB_MYCN	0.553595995	Mesenchymal tumors	0.513	Plexiform neurofibroma	0.091	NFIB PLEX	0.091
BS_MR7DZ7D0	205624860155_R04C01	Rhabdomyosarcoma	0.999141148	Alveolar Rhabdomyosarcoma	0.999123516	Rhabdomyosarcoma, Alveolar Subtype	0.999123516	ARMS	0.999123516	Mesenchymal tumors	0.988	Rhabdomyosarcoma	0.984	RMS ALV	0.983
BS_7WSYNSPD	206390560080_R07C01	Paediatric-Type Diffuse High-Grade Gliomas	0.990585074	Paediatric-Type Diffuse High-Grade Gliomas	0.990284699	Diffuse Paediatric-Type High Grade Glioma, RTK1 Subtype	0.989836977	pedHGG_RTK1B	0.753687486	Pediatric-type high-grade gliomas	0.987	Diffuse pediatric-type high-grade glioma, H3-wildtype and IDH-wildtype	0.912	pedHGG RTK1A	0.714
BS_YGXVES88	207356850156_R01C01	Low-Grade Glial/Glioneuronal/Neuroepithelial Tumours	0.819864973	Low-Grade Ganglioglial/Neuroepithelial Tumour	0.807444503	Ganglioglioma	0.788436243	GG	0.788436243	Intermediate-grade IDH-wildtype gliomas	0.806	High-grade glioma with pleomorphic and pseudopapillary features	0.786	HPAP	0.786
BS_FM4GT39Z	205624900100_R05C01	Ependymal Tumours	0.938103184	Posterior Fossa Ependymoma Group B \& Posterior Fossa Subependymoma	0.591026501	Posterior Fossa Ependymoma Group B	0.573636765	EPN_PFB_3	0.52667503	Ependymal tumors	0.989	Posterior fossa group A (PFA) ependymoma	0.665	EPN PFA 1C	0.529
BS_QTF9XM61	205624900139_R01C01	Low-Grade Glial/Glioneuronal/Neuroepithelial Tumours	0.730195489	Low-Grade Ganglioglial/Neuroepithelial Tumour	0.728610692	Desmoplastic Infantile Ganglioglioma/Astrocytoma	0.727885481	DIG_DIA	0.727885481	Pediatric-type high-grade gliomas	0.983	Infant-type hemispheric glioma	0.98	IHG TYP	0.98
BS_JSEQ84NG	205624860161_R07C01	Tumours Of The Sellar Region	0.998997304	Craniopharyngioma	0.998945381	Adamantinomatous Craniopharyngioma	0.998940568	CPH_ADM	0.998940568	Epithelial tumors	0.988	Adamantinomatous craniopharyngioma	0.985	CPH ADM	0.985
BS_Q8NDZ7KK	205128000027_R04C01	Other CNS Embryonal Tumours	0.995085885	Atypical Teratoid Rhabdoid Tumour	0.994809049	Atypical Teratoid Rhabdoid Tumour, SHH Activated	0.993615436	ATRT_SHH	0.993615436	SMARC-altered tumors	0.985	Atypical teratoid/rhabdoid tumor	0.985	ATRT SHH	0.984
BS_NXHJF4KR	206390560034_R01C01	Other CNS Embryonal Tumours	0.999681475	Atypical Teratoid Rhabdoid Tumour	0.999642858	Atypical Teratoid Rhabdoid Tumour, SHH Activated	0.999445439	ATRT_SHH	0.999445439	SMARC-altered tumors	0.986	Atypical teratoid/rhabdoid tumor	0.986	ATRT SHH	0.985
BS_K8RWA3H4	206430120111_R06C01	Paediatric-Type Diffuse High-Grade Gliomas	0.993198509	Diffuse Midline Glioma, H3k27-Altered	0.992886505	Diffuse Midline Glioma, H3 K27-Mutant / EZHIP Overexpressing	0.992800137	DMG_K27	0.992800137	Diffuse midline glioma, H3 K27-altered	0.759	Diffuse midline glioma, H3 K27-altered	0.759	DMG K27	0.758
BS_PKVK8JFS	205566000010_R05C01	Ependymal Tumours	0.999805121	Supratentorial Ependymoma, ZFTA Fusion-Positive	0.999779167	Supratentorial Ependymoma, ZFTA:rela Fusion-Positive	0.999721684	EPN_ST_ZFTA_RELA_A	0.999720401	Ependymal tumors	0.989	Supratentorial ependymoma, ZFTA fusion-positive	0.988	EPN ST ZFTA RELA	0.988
BS_0SQ5T1DR	206430120138_R01C01	Paediatric-Type Diffuse High-Grade Gliomas	0.999340386	Diffuse Midline Glioma, H3k27-Altered	0.999308103	Diffuse Midline Glioma, H3 K27-Mutant / EZHIP Overexpressing	0.99930389	DMG_K27	0.99930389	Diffuse midline glioma, H3 K27-altered	0.935	Diffuse midline glioma, H3 K27-altered	0.935	DMG K27	0.935
BS_2879S8VV	205567990085_R03C01	Low-Grade Glial/Glioneuronal/Neuroepithelial Tumours	0.999990931	Pilocytic Astrocytoma	0.999984609	Infratentorial Pilocytic Astrocytoma	0.999983773	PA_INF	0.999983773	Low-grade glial/glioneuronal tumors	0.99	Pilocytic astrocytoma	0.988	PA PF TYP	0.987
BS_F9DW7S5C	207356840128_R01C01	Adult-Type Diffuse Gliomas	0.66052029	Diffuse High-Grade Neuroepithelial Tumour [Adult-Type]	0.642176895	Gliomatosis Cerebri-like Glioma, IDH-wildtype	0.635130485	GCG	0.635130485	Intermediate-grade IDH-wildtype gliomas	0.658	Gliomatosis cerebri-like glioma, IDH-wildtype	0.524	GCLG	0.524
BS_097Q3709	205624860121_R08C01	Cranial And Paraspinal Nerve Tumours	0.997974709	Cranial And Paraspinal Nerve Tumours	0.556577754	Plexiform Neurofibroma	0.556508856	NFIB_PLEX	0.556508856	Mesenchymal tumors	0.986	Plexiform neurofibroma	0.816	NFIB PLEX	0.816
BS_MXGGEDAX	205657380173_R06C01	Low-Grade Glial/Glioneuronal/Neuroepithelial Tumours	0.814786035	Pilocytic Astrocytoma	0.521470344	Supratentorial Midline Pilocytic Astrocytoma	0.494749831	PA_MID	0.494749831	Low-grade glial/glioneuronal tumors	0.984	Pilocytic astrocytoma	0.98	PA ST	0.977
BS_8E0ZMVNV	206430120107_R01C01	Meningioma	0.985912586	Meningioma	0.985912586	Meningioma, Benign	0.899406301	MNG_BEN_1	0.654699268	Meningioma	0.988	Meningioma, benign	0.987	MNG BEN 1	0.986
BS_5YKPW392	205676380174_R08C01	Ependymal Tumours	0.994205827	Supratentorial Ependymoma, ZFTA Fusion-Positive	0.991837446	Supratentorial Ependymoma, ZFTA:rela Fusion-Positive	0.988704353	EPN_ST_ZFTA_RELA_A	0.988652673	Ependymal tumors	0.988	Supratentorial ependymoma, ZFTA fusion-positive	0.983	EPN ST ZFTA RELA	0.983
BS_PNS8DGQR	205676380019_R06C01	Paediatric-Type Diffuse High-Grade Gliomas	0.999920707	Paediatric-Type Diffuse High-Grade Gliomas	0.999916948	Diffuse Paediatric-Type High Grade Glioma, RTK2 Subtype	0.999681965	pedHGG_RTK2A	0.999681931	Pediatric-type high-grade gliomas	0.987	Diffuse pediatric-type high-grade glioma, H3-wildtype and IDH-wildtype	0.983	pedHGG RTK2A	0.978
BS_JYCK7J7F	205128000035_R02C01	Medulloblastoma	0.999832954	Medulloblastoma Non-WNT/Non-SHH Activated	0.999823894	Medulloblastoma Group 3	0.999776615	MB_G34_III	0.994581934	Medulloblastoma	0.991	Medulloblastoma, non-WNT/non-SHH, Group 3	0.989	MB G3 III	0.988
BS_TDFCRS7E	205624900009_R03C01	Meningioma	0.999771519	Meningioma	0.999771519	Meningioma, Benign	0.999640041	MNG_BEN_1	0.999226519	Meningioma	0.988	Meningioma, benign	0.987	MNG BEN 1	0.986
BS_JD5VKMAH	205676380026_R06C01	Meningioma	0.997581291	Meningioma	0.997581291	Meningioma, Intermediate	0.951915349	MNG_INT_A	0.857025714	Meningioma	0.988	Meningioma, intermediate	0.967	MNG INT A	0.84
BS_ECBAMM9X	206430120138_R05C01	Paediatric-Type Diffuse High-Grade Gliomas	0.999318103	Diffuse Midline Glioma, H3k27-Altered	0.999312126	Diffuse Midline Glioma, H3 K27-Mutant / EZHIP Overexpressing	0.999311993	DMG_K27	0.999311993	Diffuse midline glioma, H3 K27-altered	0.987	Diffuse midline glioma, H3 K27-altered	0.987	DMG K27	0.987
BS_ZAQW3KMC	205707900163_R07C01	Other CNS Embryonal Tumours	0.999984547	Atypical Teratoid Rhabdoid Tumour	0.999982808	Atypical Teratoid Rhabdoid Tumour, SHH Activated	0.999974269	ATRT_SHH	0.999974269	SMARC-altered tumors	0.987	Atypical teratoid/rhabdoid tumor	0.986	ATRT SHH	0.985
BS_W9Q586RP	205624860132_R04C01	Medulloblastoma	0.605744863	Medulloblastoma, SHH-Activated	0.550176217	Medulloblastoma, SHH-Activated, Subtype 2	0.523335543	MB_SHH_2	0.523335543	Low-grade glial/glioneuronal tumors	0.989	Pilocytic astrocytoma	0.989	PA PF VAR	0.988
BS_DNM02Z8R	206390560054_R08C01	Medulloblastoma	0.999977695	Medulloblastoma Non-WNT/Non-SHH Activated	0.999975318	Medulloblastoma Group 4	0.99997254	MB_G34_VI	0.997977324	Medulloblastoma	0.991	Medulloblastoma, non-WNT/non-SHH, Group 4	0.989	MB G4 VI	0.988
BS_122BPTBJ	206402350130_R02C01	Ependymal Tumours	0.992778354	Posterior Fossa Ependymoma Group A	0.985768477	Posterior Fossa Ependymoma Group A1	0.979713955	EPN_PFA_1C	0.93359631	Ependymal tumors	0.989	Posterior fossa group A (PFA) ependymoma	0.988	EPN PFA 1C	0.987
BS_E9GAYC6R	205707890108_R02C01	Low-Grade Glial/Glioneuronal/Neuroepithelial Tumours	0.999985348	Low-Grade Ganglioglial/Neuroepithelial Tumour	0.999978278	Ganglioglioma	0.999961404	GG	0.999961404	Low-grade glial/glioneuronal tumors	0.989	Ganglioglioma	0.987	GG	0.987
BS_DZGBN4Z0	205624900172_R02C01	Paediatric-Type Diffuse High-Grade Gliomas	0.995423482	Paediatric-Type Diffuse High-Grade Gliomas	0.995328729	Diffuse Paediatric-Type High Grade Glioma, RTK1 Subtype	0.994872753	pedHGG_RTK1C	0.961641997	Pediatric-type high-grade gliomas	0.987	Diffuse pediatric-type high-grade glioma, H3-wildtype and IDH-wildtype	0.986	pedHGG RTK1C	0.985
BS_15R0SQRN	206430120054_R06C01	Control Tissues	0.279745379	Control Brain Tissues	0.276129914	Glioblastoma, IDH-Wildtype, Mesenchymal Type	0.107968234	GBM_MES_TYP	0.104406762	Low-grade glial/glioneuronal tumors	0.508	Pilocytic astrocytoma	0.279	PA PF TYP	0.233
BS_C2TXWFS1	206390560106_R05C01	Paediatric-Type Diffuse High-Grade Gliomas	0.930782663	Diffuse Midline Glioma, H3k27-Altered	0.918316778	Diffuse Midline Glioma, H3 K27-Mutant / EZHIP Overexpressing	0.918288044	DMG_K27	0.918288044	Diffuse midline glioma, H3 K27-altered	0.985	Diffuse midline glioma, H3 K27-altered	0.985	DMG K27	0.985
BS_M4GKP5G2	205676390015_R06C01	Other CNS Embryonal Tumours	0.999838942	Atypical Teratoid Rhabdoid Tumour	0.989300866	Atypical Teratoid Rhabdoid Tumour, Tyrosinase Activated	0.988328948	ATRT_TYR	0.988328948	SMARC-altered tumors	0.987	Atypical teratoid/rhabdoid tumor	0.985	ATRT TYR	0.979
BS_3VFJ1SXF	205676380104_R04C01	Paediatric-Type Diffuse High-Grade Gliomas	0.999964353	Diffuse Midline Glioma, H3k27-Altered	0.999964224	Diffuse Midline Glioma, H3 K27-Mutant / EZHIP Overexpressing	0.999964078	DMG_K27	0.999964078	Diffuse midline glioma, H3 K27-altered	0.987	Diffuse midline glioma, H3 K27-altered	0.987	DMG K27	0.987
BS_SVQPY6QM	205707900009_R08C01	Other CNS Embryonal Tumours	0.795089957	Atypical Teratoid Rhabdoid Tumour	0.787775472	Atypical Teratoid Rhabdoid Tumour, MYC Activated	0.769216599	ATRT_MYC	0.769216599	Mesenchymal tumors	0.824	Poorly differentiated chordoma	0.67	CHORDM PD	0.67
BS_VFF3WBQE	206390560049_R02C01	Medulloblastoma	0.994208739	Medulloblastoma Non-WNT/Non-SHH Activated	0.993508835	Medulloblastoma Group 4	0.984821664	MB_G34_VIII	0.744120903	Medulloblastoma	0.991	Medulloblastoma, non-WNT/non-SHH, Group 4	0.962	MB G4 V	0.736
BS_4ZZTEM70	206390560063_R02C01	Tumours Of The Sellar Region	0.959468126	Craniopharyngioma	0.95797617	Papillary Craniopharyngioma	0.84155996	CPH_PAP	0.84155996	Epithelial tumors	0.986	Papillary craniopharyngioma	0.983	CPH PAP	0.983
BS_F984HQZE	205624870063_R07C01	Low-Grade Glial/Glioneuronal/Neuroepithelial Tumours	0.999999943	Pilocytic Astrocytoma	0.999999423	Infratentorial Pilocytic Astrocytoma	0.999999404	PA_INF	0.999999404	Low-grade glial/glioneuronal tumors	0.99	Pilocytic astrocytoma	0.989	PA PF TYP	0.988
BS_XJJ2X547	206402350055_R07C01	Paediatric-Type Diffuse High-Grade Gliomas	0.998833489	Diffuse Midline Glioma, H3k27-Altered	0.998770079	Diffuse Midline Glioma, H3 K27-Mutant / EZHIP Overexpressing	0.998764855	DMG_K27	0.998764855	Diffuse midline glioma, H3 K27-altered	0.982	Diffuse midline glioma, H3 K27-altered	0.982	DMG K27	0.982
BS_03GC84XA	206390560189_R06C01	Low-Grade Glial/Glioneuronal/Neuroepithelial Tumours	0.99979371399999994	Low-Grade Glioneuronal Tumour	0.999737712	Dysembryoplastic Neuroepithelial Tumour	0.775984713	DNET	0.775984713	Low-grade glial/glioneuronal tumors	0.99	Dysembryoplastic neuroepithelial tumor	0.987	DNT	0.987
BS_JMPH92EZ	205567980088_R01C01	Low-Grade Glial/Glioneuronal/Neuroepithelial Tumours	0.999955333	Diffuse Glioma, MYB- Or MYBl1-Altered	0.999951957	Diffuse Glioma, MYB(L1)-Altered, Subtype A [Angiocentric Glioma-Type]	0.999906943	AG_MYB	0.999906943	Low-grade glial/glioneuronal tumors	0.989	Angiocentric glioma, MYB- or MYBL1-altered	0.984	AG MYB	0.984
BS_HSAD17B7	206390560121_R02C01	Pineal Parenchymal And Retinal Tumours	0.999791728	Pineoblastoma	0.999788926	Pineoblastoma, miRNA Pathway Altered, Group 2	0.99820263	PB_GRP2	0.99820263	Pineal region tumors and retinoblastoma	0.983	Pineoblastoma	0.97	PB GROUP 2	0.961
BS_SAMTKYB0	205657380174_R01C01	Paediatric-Type Diffuse High-Grade Gliomas	0.999674188	Diffuse Midline Glioma, H3k27-Altered	0.800526442	Diffuse Midline Glioma, H3 K27-Altered, Subtype EGFR-Altered	0.800524029	DMG_EGFR	0.800524029	Diffuse midline glioma, H3 K27-altered	0.87	Diffuse midline glioma, H3 K27-altered	0.87	DMG EGFR	0.868
BS_G8SVD7QA	205624860118_R03C01	Meningioma	0.998563772	Meningioma	0.998563772	Meningioma, Benign	0.998173	MNG_BEN_1	0.997352721	Meningioma	0.983	Meningioma, benign	0.982	MNG BEN 1	0.981
BS_YP7F91TW	206430120135_R02C01	Paediatric-Type Diffuse High-Grade Gliomas	0.998915871	Diffuse Midline Glioma, H3k27-Altered	0.998863781	Diffuse Midline Glioma, H3 K27-Mutant / EZHIP Overexpressing	0.99885504	DMG_K27	0.99885504	Diffuse midline glioma, H3 K27-altered	0.95	Diffuse midline glioma, H3 K27-altered	0.95	DMG K27	0.95
BS_H69KT2E3	205982900127_R07C01	Paediatric-Type Diffuse High-Grade Gliomas	0.999941728	Paediatric-Type Diffuse High-Grade Gliomas	0.999941585	Diffuse Paediatric-Type High Grade Glioma, RTK1 Subtype	0.999938949	pedHGG_RTK1A	0.999908646	Pediatric-type high-grade gliomas	0.987	Diffuse pediatric-type high-grade glioma, H3-wildtype and IDH-wildtype	0.985	pedHGG RTK1A	0.984
BS_8ES144GT	205624900061_R07C01	Low-Grade Glial/Glioneuronal/Neuroepithelial Tumours	0.999999832	Pilocytic Astrocytoma	0.999998555	Infratentorial Pilocytic Astrocytoma	0.999998225	PA_INF	0.999998225	Low-grade glial/glioneuronal tumors	0.99	Pilocytic astrocytoma	0.989	PA PF TYP	0.988
BS_V75T7X6N	205676390068_R08C01	Low-Grade Glial/Glioneuronal/Neuroepithelial Tumours	0.998982751	Low-Grade Glioneuronal Tumour	0.9986224	Papillary Glioneuronal Tumour	0.540684435	PGNT	0.540684435	Low-grade glial/glioneuronal tumors	0.99	Papillary glioneuronal tumor	0.986	PGNT	0.986
BS_QR4V0Z8E	206390560159_R08C01	Medulloblastoma	0.999913844	Medulloblastoma Non-WNT/Non-SHH Activated	0.999908338	Medulloblastoma Group 3	0.999841703	MB_G34_III	0.99641772	Medulloblastoma	0.991	Medulloblastoma, non-WNT/non-SHH, Group 3	0.989	MB G3 III	0.988
BS_R96F3NVZ	205657390087_R06C01	Paediatric-Type Diffuse High-Grade Gliomas	0.973064887	Paediatric-Type Diffuse High-Grade Gliomas	0.972851275	Diffuse Paediatric-Type High Grade Glioma, RTK1 Subtype	0.971332042	pedHGG_RTK1A	0.635410524	Pediatric-type high-grade gliomas	0.975	Diffuse pediatric-type high-grade glioma, H3-wildtype and IDH-wildtype	0.878	pedHGG RTK1C	0.372
BS_X77AE9Q2	205707890103_R06C01	Meningioma	0.558659805	Meningioma	0.558659805	Meningioma, Benign	0.525996061	MNG_BEN_3	0.495685827	Mesenchymal tumors	0.952	Plexiform neurofibroma	0.95	NFIB PLEX	0.95
BS_3EHET1C1	205707900011_R02C01	Ependymal Tumours	0.99998909	Posterior Fossa Ependymoma Group A	0.999986909	Posterior Fossa Ependymoma Group A2	0.999985804	EPN_PFA_2A	0.999549615	Ependymal tumors	0.989	Posterior fossa group A (PFA) ependymoma	0.986	EPN PFA 2A	0.985
BS_07YB4SN1	205657380135_R03C01	Medulloblastoma	0.943977715	Medulloblastoma, SHH-Activated	0.923475585	Medulloblastoma, SHH-Activated, Subtype 2	0.671954734	MB_SHH_2	0.671954734	Medulloblastoma	0.989	Medulloblastoma, SHH-activated	0.986	MB SHH 2	0.985
BS_R9WTTH5P	206402350011_R01C01	Pineal Parenchymal And Retinal Tumours	0.572930581	Normal Pineal Gland And Pineocytoma	0.530368869	Control Tissue, Pineal Gland	0.497099507	CTRL_PIN	0.497099507	Low-grade glial/glioneuronal tumors	0.277	Ganglioglioma	0.135	GG	0.135
BS_J0N6R3HA	205624860143_R03C01	Cranial And Paraspinal Nerve Tumours	0.994379714	Schwann-Cell Tumours	0.577506035	Schwannoma	0.57728662100000006	SCHW	0.57728662100000006	Mesenchymal tumors	0.988	Plexiform neurofibroma	0.795	NFIB PLEX	0.795
BS_1A0YFFC9	206402350026_R06C01	Control Tissues	0.576044392	Control Brain Tissues	0.571289423	Control Tissue, Hemispheric Cortex	0.560249739	CTRL_HEMI	0.560249739	Low-grade glial/glioneuronal tumors	0.479	Ganglioglioma	0.367	GG	0.367
BS_28PAF8VT	205589730030_R06C01	Tumours Of The Sellar Region	0.521298278	Craniopharyngioma	0.504000543	Adamantinomatous Craniopharyngioma	0.430612739	CPH_ADM	0.430612739	Epithelial tumors	0.98	Adamantinomatous craniopharyngioma	0.975	CPH ADM	0.975
BS_VJF77FPE	205566000166_R04C01	Diffuse Glioma, Mapk Altered, Cell-Cycle Activated	0.99999998	Pleomorphic Xanthoastrocytoma(-Like)	0.99999998	Pleomorphic Xanthoastrocytoma(-Like)	0.99999998	PXA	0.99999998	Intermediate-grade IDH-wildtype gliomas	0.988	Pleomorphic xanthoastrocytoma	0.987	PXA	0.987
BS_34SNT6SK	205566000058_R07C01	Low-Grade Glial/Glioneuronal/Neuroepithelial Tumours	0.99813476	Low-Grade Glioneuronal Tumour	0.997728693	Papillary Glioneuronal Tumour	0.890504278	PGNT	0.890504278	Low-grade glial/glioneuronal tumors	0.989	Papillary glioneuronal tumor	0.985	PGNT	0.985
BS_CK0BY1MB	205707890151_R03C01	Control Tissues	0.999812739	Control Brain Tissues	0.999812739	Control Tissue, Cerebellar Hemisphere	0.999812739	CTRL_CBM	0.999812739	Control tissues	0.671	Control tissue, cerebellum	0.656	CONTR CEBM	0.656
BS_7YFAMEK4	206402350041_R06C01	Paediatric-Type Diffuse High-Grade Gliomas	0.99996513	Diffuse Midline Glioma, H3k27-Altered	0.999965099	Diffuse Midline Glioma, H3 K27-Mutant / EZHIP Overexpressing	0.999965097	DMG_K27	0.999965097	Diffuse midline glioma, H3 K27-altered	0.987	Diffuse midline glioma, H3 K27-altered	0.987	DMG K27	0.987
BS_6HCD9FNP	207356850179_R05C01	Diffuse Glioma, Mapk Altered, Cell-Cycle Activated	0.412428695	Pleomorphic Xanthoastrocytoma(-Like)	0.318899825	Pleomorphic Xanthoastrocytoma(-Like)	0.318899825	PXA	0.318899825	Intermediate-grade IDH-wildtype gliomas	0.984	High-grade astrocytoma with piloid features	0.861	HGAP	0.861
BS_5NG858V5	205624900117_R01C01	Paediatric-Type Diffuse High-Grade Gliomas	0.536149701	Diffuse Midline Glioma, H3k27-Altered	0.387723522	Diffuse Midline Glioma, H3 K27-Altered, Subtype EGFR-Altered	0.342238642	DMG_EGFR	0.342238642	Pediatric-type high-grade gliomas	0.8	H3 K27 and MAPK-altered glioma	0.349	H3K27 MAPK	0.216
BS_KTAJPKN4	206402350049_R08C01	Adult-Type Diffuse Gliomas	0.801766718	Diffuse Glioma, IDH Mutant	0.765683803	Diffuse Glioma, IDH-Mutant And 1p19q Retained [Astroglial Type]	0.756736628	A_IDH_HG	0.707330268	Diffuse glioma, IDH-mutant	0.985	Astrocytoma, IDH-mutant, high-grade	0.983	A IDH HG	0.983
BS_Z8KNV5H1	205676390057_R01C01	Paediatric-Type Diffuse High-Grade Gliomas	0.947567195	Paediatric-Type Diffuse High-Grade Gliomas	0.947335631	Diffuse Paediatric-Type High Grade Glioma, RTK2 Subtype	0.595801709	pedHGG_RTK2B	0.594940679	Pediatric-type high-grade gliomas	0.961	Diffuse pediatric-type high-grade glioma, H3-wildtype and IDH-wildtype	0.59	pedHGG RTK2B	0.326
BS_Z5SAR971	205567980088_R03C01	Tumours Of The Sellar Region	0.999334207	Craniopharyngioma	0.999295927	Adamantinomatous Craniopharyngioma	0.999295463	CPH_ADM	0.999295463	Epithelial tumors	0.987	Adamantinomatous craniopharyngioma	0.985	CPH ADM	0.985
BS_4FWWGMHC	205707900009_R04C01	Ependymal Tumours	0.905451588	Posterior Fossa Ependymoma Group B \& Posterior Fossa Subependymoma	0.620937485	Posterior Fossa Ependymoma Group B	0.589680321	EPN_PFB_3	0.532741731	Ependymal tumors	0.989	Posterior fossa group A (PFA) ependymoma	0.791	EPN PFA 1C	0.713
BS_FJNERYAH	205657380065_R04C01	Low-Grade Glial/Glioneuronal/Neuroepithelial Tumours	0.999999911	Pilocytic Astrocytoma	0.999999889	Supratentorial Midline Pilocytic Astrocytoma	0.999999812	PA_MID	0.999999812	Low-grade glial/glioneuronal tumors	0.989	Pilocytic astrocytoma	0.988	PA MID	0.987
BS_C8MH6YDY	206402350041_R01C01	Cranial And Paraspinal Nerve Tumours	0.997117033	Schwann-Cell Tumours	0.882795636	Schwannoma	0.882636684	SCHW	0.882636684	Mesenchymal tumors	0.988	Plexiform neurofibroma	0.733	NFIB PLEX	0.733
BS_GQXY6MDC	206390560131_R08C01	Low-Grade Glial/Glioneuronal/Neuroepithelial Tumours	0.9978992	Low-Grade Ganglioglial/Neuroepithelial Tumour	0.986615291	Supratentorial Pilocytic Astrocytoma	0.986592329	PA_CORT	0.986592329	Low-grade glial/glioneuronal tumors	0.989	Pilocytic astrocytoma	0.988	PA ST	0.987
BS_W435B0S2	205566000058_R08C01	Ependymal Tumours	0.885969412	Spinal Subependymoma	0.858585276	Spinal Ependymoma (Subependymoma-enriched) [Subtype A]	0.642767008	EPN_SPINE_SE_A	0.642767008	Ependymal tumors	0.728	Intracranial ependymoma-variant type	0.384	EPN IC C6C	0.357
BS_F1QVGJBA	207211180125_R07C01	Other CNS Embryonal Tumours	0.999999792	Atypical Teratoid Rhabdoid Tumour	0.999999739	Atypical Teratoid Rhabdoid Tumour, MYC Activated	0.999999423	ATRT_MYC	0.999999423	SMARC-altered tumors	0.987	Atypical teratoid/rhabdoid tumor	0.987	ATRT MYC	0.986
BS_DSZSFTR6	205624900125_R02C01	Low-Grade Glial/Glioneuronal/Neuroepithelial Tumours	0.953683546	Low-Grade Ganglioglial/Neuroepithelial Tumour	0.953646741	Desmoplastic Infantile Ganglioglioma/Astrocytoma	0.953628044	DIG_DIA	0.953628044	Pediatric-type high-grade gliomas	0.566	Infant-type hemispheric glioma	0.565	IHG TYP	0.565
BS_J631JZXP	207211180067_R04C01	Paediatric-Type Diffuse High-Grade Gliomas	0.999898421	Diffuse Midline Glioma, H3k27-Altered	0.99989828	Diffuse Midline Glioma, H3 K27-Mutant / EZHIP Overexpressing	0.999898278	DMG_K27	0.999898278	Diffuse midline glioma, H3 K27-altered	0.986	Diffuse midline glioma, H3 K27-altered	0.986	DMG K27	0.986
BS_2KGQCKGS	205567990072_R05C01	Low-Grade Glial/Glioneuronal/Neuroepithelial Tumours	0.999639399	Pilocytic Astrocytoma	0.999131603	Infratentorial Pilocytic Astrocytoma	0.999000086	PA_INF	0.999000086	Low-grade glial/glioneuronal tumors	0.989	Pilocytic astrocytoma	0.988	PA PF TYP	0.987
BS_WJP330JF	206402350046_R05C01	Medulloblastoma	0.999155726	Medulloblastoma, SHH-Activated	0.998982459	Medulloblastoma, SHH-Activated, Subtype 4	0.757358208	MB_SHH_4	0.757358208	Medulloblastoma	0.991	Medulloblastoma, SHH-activated	0.987	MB SHH 4	0.986
BS_8QP9RPQM	205122170051_R06C01	Medulloblastoma	0.999457132	Medulloblastoma Non-WNT/Non-SHH Activated	0.999336565	Medulloblastoma Group 3	0.999184998	MB_G34_II	0.991189144	Medulloblastoma	0.99	Medulloblastoma, non-WNT/non-SHH, Group 3	0.988	MB G3 II	0.988
BS_CKG1FD2X	205624900107_R05C01	Ependymal Tumours	0.999999388	Posterior Fossa Ependymoma Group A	0.99999931	Posterior Fossa Ependymoma Group A1	0.999999088	EPN_PFA_1B	0.999873418	Ependymal tumors	0.989	Posterior fossa group A (PFA) ependymoma	0.988	EPN PFA 1B	0.987
BS_AW4FGY4C	205657380102_R06C01	Adult-Type Diffuse Gliomas	0.993286642	Diffuse High-Grade Neuroepithelial Tumour [Adult-Type]	0.993272543	Diffuse High-Grade Neuroepithelial Tumour [Adult-Type, Non-Defined Type E]	0.973835817	HGG_E	0.973835817	Intermediate-grade IDH-wildtype gliomas	0.987	Diffuse high-grade glioma, IDH-wildtype, subtype E	0.984	HGG E	0.984
BS_YG0FSCMM	205624860155_R01C01	Medulloblastoma	0.999602492	Medulloblastoma Non-WNT/Non-SHH Activated	0.999551182	Medulloblastoma Group 4	0.999499451	MB_G34_VIII	0.998908495	Medulloblastoma	0.991	Medulloblastoma, non-WNT/non-SHH, Group 4	0.989	MB G4 VIII	0.989
BS_PYY0T39J	206402350085_R08C01	Paediatric-Type Diffuse High-Grade Gliomas	0.999202792	Infant-Type Hemispheric Glioma	0.999173492	Infant-Type Hemispheric Glioma	0.999173492	IHG	0.999173492	Pediatric-type high-grade gliomas	0.978	Infant-type hemispheric glioma	0.976	IHG TYP	0.976
BS_968XYDJK	206430120161_R06C01	Tumours Of The Sellar Region	0.999850251	Craniopharyngioma	0.999842472	Adamantinomatous Craniopharyngioma	0.999842444	CPH_ADM	0.999842444	Epithelial tumors	0.988	Adamantinomatous craniopharyngioma	0.986	CPH ADM	0.986
BS_Z5THD41A	205128000035_R06C01	Ependymal Tumours	0.998601548	Posterior Fossa Ependymoma Group A	0.998090748	Posterior Fossa Ependymoma Group A1	0.996771714	EPN_PFA_1C	0.917374327	Ependymal tumors	0.989	Posterior fossa group A (PFA) ependymoma	0.988	EPN PFA 1C	0.987
BS_C7G3F912	206402350021_R05C01	Medulloblastoma	0.999910446	Medulloblastoma, SHH-Activated	0.999897827	Medulloblastoma, SHH-Activated, Subtype 2	0.999578846	MB_SHH_2	0.999578846	Medulloblastoma	0.99	Medulloblastoma, SHH-activated	0.988	MB SHH 2	0.988
BS_PW855N8A	205624900053_R08C01	Paediatric-Type Diffuse High-Grade Gliomas	0.9956668	Diffuse Midline Glioma, H3k27-Altered	0.995370636	Diffuse Midline Glioma, H3 K27-Mutant / EZHIP Overexpressing	0.995360003	DMG_K27	0.995360003	Diffuse midline glioma, H3 K27-altered	0.985	Diffuse midline glioma, H3 K27-altered	0.985	DMG K27	0.985
BS_M1MPGKYJ	205566000004_R07C01	Medulloblastoma	0.999851136	Medulloblastoma, SHH-Activated	0.999819309	Medulloblastoma, SHH-Activated, Subtype 1	0.994688691	MB_SHH_1	0.994688691	Medulloblastoma	0.991	Medulloblastoma, SHH-activated	0.988	MB SHH 1	0.988
BS_645MT0R5	207211180125_R05C01	Paediatric-Type Diffuse High-Grade Gliomas	0.496429045	Diffuse Midline Glioma, H3k27-Altered	0.480295635	Diffuse Midline Glioma, H3 K27-Mutant / EZHIP Overexpressing	0.469272096	DMG_K27	0.469272096	Diffuse midline glioma, H3 K27-altered	0.652	Diffuse midline glioma, H3 K27-altered	0.652	DMG K27	0.652
BS_F9424DG3	206430120132_R06C01	Medulloblastoma	0.999940484	Medulloblastoma Non-WNT/Non-SHH Activated	0.99993417	Medulloblastoma Group 4	0.999929885	MB_G34_VIII	0.999872882	Medulloblastoma	0.991	Medulloblastoma, non-WNT/non-SHH, Group 4	0.989	MB G4 VIII	0.989
BS_68RWNB7N	205624900008_R04C01	Ependymal Tumours	0.185940792	Meningioma	0.092385475	Meningioma, Benign	0.073047369	EPN_ST_ZFTA_RELA_A	0.049758799	Mesenchymal tumors	0.988	Chondrosarcoma	0.92	CSA CC	0.853
BS_Y54J0CXS	205657380102_R02C01	Cranial And Paraspinal Nerve Tumours	0.999728165	Schwann-Cell Tumours	0.999680706	Schwannoma	0.999674632	SCHW	0.999674632	Mesenchymal tumors	0.987	Schwannoma	0.984	SCHW	0.984
BS_ZHQ8NGZR	206430120155_R06C01	Choroid Plexus Tumours	0.964073667	Choroid Plexus Tumours	0.964073667	Choroid Plexus Tumours Subtype B	0.909391343	CPT_PED_B	0.905733769	Choroid plexus tumors	0.986	Choroid plexus carcinoma	0.984	CPC PED	0.984
BS_BPWVWQ30	205676380130_R06C01	Paediatric-Type Diffuse High-Grade Gliomas	0.928783066	Paediatric-Type Diffuse High-Grade Gliomas	0.927260422	Diffuse Paediatric-Type High Grade Glioma, MYCN Subtype	0.924242534	pedHGG_MYCN	0.924242534	Pediatric-type high-grade gliomas	0.986	Diffuse pediatric-type high-grade glioma, H3-wildtype and IDH-wildtype	0.984	pedHGG MYCN	0.981
BS_KWNTNG0E	205657380125_R02C01	Low-Grade Glial/Glioneuronal/Neuroepithelial Tumours	0.783689481	Low-Grade Ganglioglial/Neuroepithelial Tumour	0.78235654	Desmoplastic Infantile Ganglioglioma/Astrocytoma	0.781815666	DIG_DIA	0.781815666	Low-grade glial/glioneuronal tumors	0.834	Desmoplastic infantile astrocytoma and ganglioglioma	0.721	DIA DIG	0.721
BS_1FB32X31	207356840032_R01C01	Adult-Type Diffuse Gliomas	0.559068383	Diffuse High-Grade Neuroepithelial Tumour [Adult-Type]	0.473993343	Gliomatosis Cerebri-like Glioma, IDH-wildtype	0.452178003	GCG	0.452178003	Diffuse midline glioma, H3 K27-altered	0.467	Diffuse midline glioma, H3 K27-altered	0.246	DMG K27	0.18
BS_PGWFHTSF	209202540021_R01C01	Meningioma	0.999675239	Meningioma	0.999675239	Meningioma, Benign	0.999429645	MNG_BEN_1	0.998843819	Meningioma	0.988	Meningioma, benign	0.987	MNG BEN 1	0.985
BS_YDAZPDQW	205648310151_R04C01	Medulloblastoma	0.999972561	Medulloblastoma Non-WNT/Non-SHH Activated	0.999969865	Medulloblastoma Group 4	0.999967702	MB_G34_VIII	0.999931833	Medulloblastoma	0.991	Medulloblastoma, non-WNT/non-SHH, Group 4	0.989	MB G4 VIII	0.989
BS_R8NSV7XB	205657380112_R03C01	Low-Grade Glial/Glioneuronal/Neuroepithelial Tumours	0.985159968	Pilocytic Astrocytoma	0.551363961	Dysembryoplastic Neuroepithelial Tumour	0.430707525	DNET	0.430707525	Low-grade glial/glioneuronal tumors	0.99	Pilocytic astrocytoma	0.67	PA PF VAR	0.276
BS_CDX945Y7	206390560067_R08C01	Diffuse Glioneuronal Tumours	0.992725746	Diffuse Glioneuronal Tumours	0.992725746	Diffuse Leptomeningeal Glioneuronal Tumour	0.992224693	DLGNT_2	0.987772444	Intermediate-grade IDH-wildtype gliomas	0.981	Diffuse leptomeningeal glioneuronal tumor	0.551	DLGNT 1	0.467
BS_5XP7ZGRB	205648310114_R03C01	Low-Grade Glial/Glioneuronal/Neuroepithelial Tumours	0.940753941	Pilocytic Astrocytoma	0.88359445700000006	Infratentorial Pilocytic Astrocytoma	0.453242113	PA_INF	0.453242113	Low-grade glial/glioneuronal tumors	0.989	Pilocytic astrocytoma	0.977	PA MID	0.955
BS_SJSGGF0Y	205567980094_R02C01	Low-Grade Glial/Glioneuronal/Neuroepithelial Tumours	0.8083883	Low-Grade Ganglioglial/Neuroepithelial Tumour	0.792390819	Supratentorial Pilocytic Astrocytoma	0.792203954	PA_CORT	0.792203954	Low-grade glial/glioneuronal tumors	0.972	Pilocytic astrocytoma	0.97	PA ST	0.967
BS_SNS2FM4K	205567980088_R02C01	Tumours Of The Sellar Region	0.885175128	Craniopharyngioma	0.880512943	Adamantinomatous Craniopharyngioma	0.768167549	CPH_ADM	0.768167549	Epithelial tumors	0.987	Adamantinomatous craniopharyngioma	0.942	CPH ADM	0.942
BS_XK0FGTT0	206390560121_R04C01	Medulloblastoma	0.999942181	Medulloblastoma Non-WNT/Non-SHH Activated	0.999935384	Medulloblastoma Group 4	0.999869	MB_G34_VII	0.997634829	Medulloblastoma	0.991	Medulloblastoma, non-WNT/non-SHH, Group 4	0.989	MB G4 VII	0.988
BS_5NM9GXXV	205676380019_R08C01	Paediatric-Type Diffuse High-Grade Gliomas	0.998720282	Diffuse Midline Glioma, H3k27-Altered	0.998644363	Diffuse Midline Glioma, H3 K27-Mutant / EZHIP Overexpressing	0.998644063	DMG_K27	0.998644063	Diffuse midline glioma, H3 K27-altered	0.983	Diffuse midline glioma, H3 K27-altered	0.983	DMG K27	0.983
BS_254MMXJX	206390560164_R01C01	Medulloblastoma	0.699125465	Medulloblastoma Non-WNT/Non-SHH Activated	0.663336049	Medulloblastoma Group 4	0.545819495	MB_G34_V	0.470042209	Medulloblastoma	0.98	Medulloblastoma, non-WNT/non-SHH, Group 4	0.977	MB G4 V	0.974
BS_RPTM95GE	206390560159_R06C01	Paediatric-Type Diffuse High-Grade Gliomas	0.999864352	Diffuse Midline Glioma, H3k27-Altered	0.999862983	Diffuse Midline Glioma, H3 K27-Mutant / EZHIP Overexpressing	0.999857891	DMG_K27	0.999857891	Diffuse midline glioma, H3 K27-altered	0.986	Diffuse midline glioma, H3 K27-altered	0.986	DMG K27	0.986
BS_H4T470NG	205566000152_R01C01	Medulloblastoma	0.999814066	Medulloblastoma Non-WNT/Non-SHH Activated	0.999794446	Medulloblastoma Group 4	0.999772328	MB_G34_VIII	0.99931434	Medulloblastoma	0.991	Medulloblastoma, non-WNT/non-SHH, Group 4	0.989	MB G4 VIII	0.989
BS_VJPVRGDA	205624870137_R04C01	Ependymal Tumours	0.999999602	Supratentorial Ependymoma, ZFTA Fusion-Positive	0.999998949	Supratentorial Ependymoma, ZFTA:rela Fusion-Positive	0.999995607	EPN_ST_ZFTA_RELA_A	0.999995571	Ependymal tumors	0.989	Supratentorial ependymoma, ZFTA fusion-positive	0.987	EPN ST ZFTA RELA	0.987
BS_JZ3RR9EK	206402350057_R08C01	Ependymal Tumours	0.996944949	Posterior Fossa Ependymoma Group A	0.996421114	Posterior Fossa Ependymoma Group A1	0.994530924	EPN_PFA_1A	0.90308076	Ependymal tumors	0.989	Posterior fossa group A (PFA) ependymoma	0.983	EPN PFA 1A	0.979
BS_J5V9PEM9	205657380024_R01C01	Paediatric-Type Diffuse High-Grade Gliomas	0.997421039	Paediatric-Type Diffuse High-Grade Gliomas	0.997383182	Diffuse Hemispheric Glioma, H3 G34-Mutant	0.996968271	DHG_G34	0.996968271	Pediatric-type high-grade gliomas	0.987	Diffuse hemispheric glioma, H3 G34-mutant	0.984	DHG G34	0.984
BS_8KNTNGZF	206402350019_R04C01	Medulloblastoma	0.99459828	Medulloblastoma Non-WNT/Non-SHH Activated	0.993731683	Medulloblastoma Group 4	0.99071766000000006	MB_G34_VII	0.726300368	Medulloblastoma	0.991	Medulloblastoma, non-WNT/non-SHH, Group 4	0.989	MB G4 VII	0.988
BS_533FYRG7	206430120155_R03C01	Choroid Plexus Tumours	0.999991621	Choroid Plexus Tumours	0.999991621	Choroid Plexus Tumours Subtype A	0.999989666	CPT_PED_A	0.999979789	Choroid plexus tumors	0.987	Choroid plexus papilloma	0.986	CPP PED	0.986
BS_KFW4FHF6	205589730145_R04C01	Low-Grade Glial/Glioneuronal/Neuroepithelial Tumours	0.257692599	Low-Grade Ganglioglial/Neuroepithelial Tumour	0.246944776	Desmoplastic Infantile Ganglioglioma/Astrocytoma	0.245671972	DIG_DIA	0.245671972	Mesenchymal tumors	0.729	Intracranial mesenchymal tumor, FET:CREB fusion-positive	0.271	ICMT A	0.268
BS_JE0V6WMZ	206402350011_R04C01	Low-Grade Glial/Glioneuronal/Neuroepithelial Tumours	0.201881247	Diffuse Glioma, IDH Mutant	0.135397057	Diffuse Glioma, IDH-Mutant And 1p19q Retained [Astroglial Type]	0.079842225	GG	0.074943977	Low-grade glial/glioneuronal tumors	0.832	Ganglioglioma	0.697	GG	0.697
BS_N9X43JSB	206390560119_R06C01	Medulloblastoma	0.989825904	Medulloblastoma Non-WNT/Non-SHH Activated	0.988374262	Medulloblastoma Group 4	0.982522664	MB_G34_VIII	0.944924427	Medulloblastoma	0.99	Medulloblastoma, non-WNT/non-SHH, Group 4	0.989	MB G4 VIII	0.988
BS_VKZ7X3DJ	206530740001_R04C01	Low-Grade Glial/Glioneuronal/Neuroepithelial Tumours	0.899235435	Low-Grade Ganglioglial/Neuroepithelial Tumour	0.889638214	Ganglioglioma	0.855147388	GG	0.855147388	Low-grade glial/glioneuronal tumors	0.976	Ganglioglioma	0.973	GG	0.973
BS_7KJ58J6A	206402350019_R01C01	Medulloblastoma	0.999864648	Medulloblastoma Non-WNT/Non-SHH Activated	0.999847841	Medulloblastoma Group 4	0.99848031	MB_G34_V	0.988899611	Medulloblastoma	0.991	Medulloblastoma, non-WNT/non-SHH, Group 4	0.989	MB G4 V	0.988
BS_W6VHMNJP	205589730145_R02C01	Control Tissues	0.276432163	Control Brain Tissues	0.274095034	Control Tissue, White Matter (Corpus Callosum)	0.252212853	CTRL_CORPCAL	0.252212853	Low-grade glial/glioneuronal tumors	0.444	Ganglioglioma	0.284	GG	0.284
BS_1TQ40P4Z	207356850155_R03C01	Other CNS Embryonal Tumours	0.999802666	Atypical Teratoid Rhabdoid Tumour	0.999787361	Atypical Teratoid Rhabdoid Tumour, SHH Activated	0.999701178	ATRT_SHH	0.999701178	SMARC-altered tumors	0.978	Atypical teratoid/rhabdoid tumor	0.978	ATRT SHH	0.977
BS_PFP2M6BM	205707900126_R02C01	Medulloblastoma	0.999953707	Medulloblastoma Non-WNT/Non-SHH Activated	0.999948694	Medulloblastoma Group 3	0.999855261	MB_G34_III	0.997037896	Medulloblastoma	0.991	Medulloblastoma, non-WNT/non-SHH, Group 3	0.989	MB G3 III	0.988
BS_M9B211G4	207211180095_R01C01	Inflammatory Microenvironment	0.895675341	Inflammatory Microenvironment	0.895675341	Inflammatory Microenvironment	0.895675341	INFLAM_ENV	0.895675341	Control tissues	0.37	Control tissue, inflammatory microenvironment	0.323	CONTR INFLAM	0.323
BS_NEZ4TS7F	205566000152_R02C01	Medulloblastoma	0.999999483	Medulloblastoma, WNT Activated	0.999998009	Medulloblastoma, WNT Activated	0.999998009	MB_WNT	0.999998009	Medulloblastoma	0.991	Medulloblastoma, WNT-activated	0.989	MB WNT	0.989
BS_R11RSZDN	206390560133_R07C01	Other CNS Embryonal Tumours	0.997503386	Embryonal Tumour With Multilayered Rosettes	0.997367559	Embryonal Tumour With Multilayered Rosettes-Like	0.917544368	ETMR_Atyp	0.917544368	Neuroblastic embryonal tumors	0.985	Embryonal tumor with multilayered rosettes	0.984	ETMR non-C19MC	0.983
BS_FABW20AX	207356840106_R05C01	Other CNS Embryonal Tumours	0.999835991	Atypical Teratoid Rhabdoid Tumour	0.999824812	Atypical Teratoid Rhabdoid Tumour, MYC Activated	0.999799258	ATRT_MYC	0.999799258	SMARC-altered tumors	0.983	Atypical teratoid/rhabdoid tumor	0.983	ATRT MYC	0.982
BS_AA7152KN	207356850144_R03C01	Paediatric-Type Diffuse High-Grade Gliomas	0.999940674	Diffuse Midline Glioma, H3k27-Altered	0.999938416	Diffuse Midline Glioma, H3 K27-Mutant / EZHIP Overexpressing	0.999933444	DMG_K27	0.999933444	Diffuse midline glioma, H3 K27-altered	0.987	Diffuse midline glioma, H3 K27-altered	0.987	DMG K27	0.987
BS_C08EHVE0	206430120155_R08C01	Meningioma	0.999459622	Meningioma	0.999459622	Meningioma, Benign	0.915613646	MNG_BEN_3	0.91527988	Meningioma	0.988	Meningioma, benign	0.968	MNG BEN 3	0.957
BS_9XBGGK0F	205676390163_R01C01	Circumscribed Astrocytic Tumours	0.770180244	Subependymal Giant Cell Astrocytoma	0.769236401	Subependymal Giant Cell Astrocytoma	0.769236401	SEGA	0.769236401	Low-grade glial/glioneuronal tumors	0.986	Subependymal giant cell astrocytoma	0.981	SEGA	0.981
BS_TA6KZ7QQ	205624880180_R05C01	Ependymal Tumours	0.999578276	Posterior Fossa Ependymoma Group A	0.999479228	Posterior Fossa Ependymoma Group A1	0.998801886	EPN_PFA_1C	0.884478785	Ependymal tumors	0.989	Posterior fossa group A (PFA) ependymoma	0.988	EPN PFA 1C	0.987
BS_RDFJD90R	206390560131_R04C01	Mesenchymal, Non-Meningothelial Tumours Involving The CNS	0.181392346	Tumours Of Uncertain Differentiation	0.169330049	Primary Intracranial Sarcoma, DICER1-Mutant	0.121791012	CNS_SARC_DICER	0.121791012	Neuroblastic embryonal tumors	0.345	Embryonal tumor with multilayered rosettes	0.296	ETMR non-C19MC	0.282
BS_NBY54GNQ	205624660018_R01C01	Medulloblastoma	0.994155894	Medulloblastoma, SHH-Activated	0.993025032	Medulloblastoma, SHH-Activated, Subtype 4	0.95086262	MB_SHH_4	0.95086262	Medulloblastoma	0.99	Medulloblastoma, SHH-activated	0.987	MB SHH 4	0.987
BS_JYJFGVXK	206530740001_R03C01	Other CNS Embryonal Tumours	0.999806042	Atypical Teratoid Rhabdoid Tumour	0.999776659	Atypical Teratoid Rhabdoid Tumour, SHH Activated	0.999366794	ATRT_SHH	0.999366794	SMARC-altered tumors	0.986	Atypical teratoid/rhabdoid tumor	0.985	ATRT SHH	0.984
BS_D4QZCSPK	206390560119_R05C01	Medulloblastoma	0.999468126	Medulloblastoma Non-WNT/Non-SHH Activated	0.99940281500000006	Medulloblastoma Group 3	0.998584775	MB_G34_IV	0.61951375	Medulloblastoma	0.991	Medulloblastoma, non-WNT/non-SHH, Group 3	0.987	MB G3 IV	0.986
BS_69VN9F8C	206402350021_R06C01	Other CNS Embryonal Tumours	0.999614492	Atypical Teratoid Rhabdoid Tumour	0.979086398	Atypical Teratoid Rhabdoid Tumour, Tyrosinase Activated	0.978878408	ATRT_TYR	0.978878408	SMARC-altered tumors	0.985	Atypical teratoid/rhabdoid tumor	0.985	ATRT TYR	0.983
BS_13VNAV6C	206430120054_R02C01	Paediatric-Type Diffuse High-Grade Gliomas	0.999973254	Diffuse Midline Glioma, H3k27-Altered	0.999973212	Diffuse Midline Glioma, H3 K27-Mutant / EZHIP Overexpressing	0.99997321	DMG_K27	0.99997321	Diffuse midline glioma, H3 K27-altered	0.987	Diffuse midline glioma, H3 K27-altered	0.987	DMG K27	0.987
BS_55PHGKRC	205676390090_R05C01	Paediatric-Type Diffuse High-Grade Gliomas	0.999971046	Diffuse Midline Glioma, H3k27-Altered	0.999971028	Diffuse Midline Glioma, H3 K27-Mutant / EZHIP Overexpressing	0.999971025	DMG_K27	0.999971025	Diffuse midline glioma, H3 K27-altered	0.986	Diffuse midline glioma, H3 K27-altered	0.986	DMG K27	0.986
BS_0Z1BBZS8	205589730005_R07C01	Low-Grade Glial/Glioneuronal/Neuroepithelial Tumours	0.99999934	Pilocytic Astrocytoma	0.999999116	Supratentorial Midline Pilocytic Astrocytoma	0.999997987	PA_MID	0.999997987	Low-grade glial/glioneuronal tumors	0.989	Pilocytic astrocytoma	0.988	PA MID	0.987
BS_PM73CEV7	205676380104_R02C01	Paediatric-Type Diffuse High-Grade Gliomas	0.999976329	Diffuse Midline Glioma, H3k27-Altered	0.999976295	Diffuse Midline Glioma, H3 K27-Mutant / EZHIP Overexpressing	0.999976166	DMG_K27	0.999976166	Diffuse midline glioma, H3 K27-altered	0.987	Diffuse midline glioma, H3 K27-altered	0.987	DMG K27	0.987
BS_WET2B29A	205707890156_R08C01	Tumours Of The Sellar Region	0.774607106	Craniopharyngioma	0.766334943	Adamantinomatous Craniopharyngioma	0.707051175	CPH_ADM	0.707051175	Epithelial tumors	0.985	Papillary craniopharyngioma	0.618	CPH PAP	0.618
BS_12SATYJ3	206390560049_R03C01	Paediatric-Type Diffuse High-Grade Gliomas	0.999900009	Diffuse Midline Glioma, H3k27-Altered	0.999899791	Diffuse Midline Glioma, H3 K27-Mutant / EZHIP Overexpressing	0.999899692	DMG_K27	0.999899692	Diffuse midline glioma, H3 K27-altered	0.986	Diffuse midline glioma, H3 K27-altered	0.986	DMG K27	0.986
BS_2XTVJ0CE	206402350048_R07C01	Paediatric-Type Diffuse High-Grade Gliomas	0.999902563	Paediatric-Type Diffuse High-Grade Gliomas	0.999897517	Diffuse Paediatric-Type High Grade Glioma, H3 Wildtype And IDH Wild Type, Subtype A\&B (Novel)	0.991874354	pedHGG_A	0.991858796	Pediatric-type high-grade gliomas	0.987	Diffuse pediatric-type high-grade glioma, H3-wildtype and IDH-wildtype	0.966	pedHGG A	0.927
BS_J9C865T8	205566000036_R08C01	Low-Grade Glial/Glioneuronal/Neuroepithelial Tumours	0.999679531	Pilocytic Astrocytoma	0.999573264	Infratentorial Pilocytic Astrocytoma	0.94512774	PA_INF	0.94512774	Low-grade glial/glioneuronal tumors	0.99	Pilocytic astrocytoma	0.989	PA PF TYP	0.988
BS_98KYK28K	205624900173_R06C01	Inflammatory Microenvironment	0.987968954	Inflammatory Microenvironment	0.987968954	Inflammatory Microenvironment	0.987968954	INFLAM_ENV	0.987968954	Control tissues	0.229	Control tissue, inflammatory microenvironment	0.224	CONTR INFLAM	0.224
BS_TA55BX6B	206402350041_R07C01	Pineal Parenchymal And Retinal Tumours	0.999456427	Pineoblastoma, MYC/FOXR2-Activated	0.999279249	Pineoblastoma, MYC/FOXR2-Activated	0.999279249	PB_FOXR2	0.999279249	Pineal region tumors and retinoblastoma	0.985	Pineoblastoma	0.98	PB MYC/FOXR2	0.977
BS_4WKWBFEM	206402350061_R07C01	Paediatric-Type Diffuse High-Grade Gliomas	0.999995841	Diffuse Midline Glioma, H3k27-Altered	0.999912929	Diffuse Midline Glioma, H3 K27-Altered, Subtype EGFR-Altered	0.999889199	DMG_EGFR	0.999889199	Diffuse midline glioma, H3 K27-altered	0.983	Diffuse midline glioma, H3 K27-altered	0.983	DMG EGFR	0.981
BS_YXW1NSG2	205657380102_R04C01	Low-Grade Glial/Glioneuronal/Neuroepithelial Tumours	0.999988048	Pilocytic Astrocytoma	0.999881731	Infratentorial Pilocytic Astrocytoma	0.999852864	PA_INF	0.999852864	Low-grade glial/glioneuronal tumors	0.989	Pilocytic astrocytoma	0.989	PA PF TYP	0.988
BS_FX5BH0A0	205589730146_R02C01	Low-Grade Glial/Glioneuronal/Neuroepithelial Tumours	0.999987864	Pilocytic Astrocytoma	0.999957043	Infratentorial Pilocytic Astrocytoma	0.999949496	PA_INF	0.999949496	Low-grade glial/glioneuronal tumors	0.99	Pilocytic astrocytoma	0.989	PA PF TYP	0.988
BS_KF5Q3K89	205128000027_R06C01	Other CNS Embryonal Tumours	0.998671635	Atypical Teratoid Rhabdoid Tumour	0.99844045	Atypical Teratoid Rhabdoid Tumour, SHH Activated	0.959296533	ATRT_SHH	0.959296533	SMARC-altered tumors	0.987	Atypical teratoid/rhabdoid tumor	0.987	ATRT SHH	0.986
BS_66FVH3K0	205657390049_R03C01	Ependymal Tumours	0.999129809	Supratentorial Ependymoma, ZFTA Fusion-Positive	0.998826154	Supratentorial Ependymoma, ZFTA:rela Fusion-Positive	0.997041265	EPN_ST_ZFTA_RELA_A	0.996344111	Ependymal tumors	0.989	Supratentorial ependymoma, ZFTA fusion-positive	0.987	EPN ST ZFTA RELA	0.986
BS_KZTMGEMZ	206430120111_R08C01	Other CNS Embryonal Tumours	0.998120751	Atypical Teratoid Rhabdoid Tumour	0.997911647	Atypical Teratoid Rhabdoid Tumour, SHH Activated	0.996971968	ATRT_SHH	0.996971968	SMARC-altered tumors	0.939	Atypical teratoid/rhabdoid tumor	0.938	ATRT SHH	0.934
BS_0Q1FFAM2	205707910024_R07C01	Other CNS Embryonal Tumours	0.999976525	Atypical Teratoid Rhabdoid Tumour	0.999974869	Atypical Teratoid Rhabdoid Tumour, SHH Activated	0.999969229	ATRT_SHH	0.999969229	SMARC-altered tumors	0.985	Atypical teratoid/rhabdoid tumor	0.985	ATRT SHH	0.984
BS_S40P99Z1	206430120117_R08C01	Other CNS Embryonal Tumours	0.99997911	Atypical Teratoid Rhabdoid Tumour	0.999955212	Atypical Teratoid Rhabdoid Tumour, MYC Activated	0.999541452	ATRT_MYC	0.999541452	SMARC-altered tumors	0.987	Atypical teratoid/rhabdoid tumor	0.987	ATRT MYC	0.985
BS_3GSKH3DB	206390560103_R07C01	Control Tissues	0.970855636	Control Brain Tissues	0.970637425	Control Tissue, Hemispheric Cortex	0.970136845	CTRL_HEMI	0.970136845	Low-grade glial/glioneuronal tumors	0.788	Ganglioglioma	0.765	GG	0.765
BS_WJRMCDCY	205589730006_R08C01	Low-Grade Glial/Glioneuronal/Neuroepithelial Tumours	0.604239683	Pilocytic Astrocytoma	0.554923796	Infratentorial Pilocytic Astrocytoma	0.464503959	PA_INF	0.464503959	Low-grade glial/glioneuronal tumors	0.466	Pilocytic astrocytoma	0.465	PA PF TYP	0.464
BS_ZDJB4BK4	206402350029_R08C01	Medulloblastoma	0.996841372	Medulloblastoma, SHH-Activated	0.996031381	Medulloblastoma, SHH-Activated, Subtype 4	0.705097923	MB_SHH_4	0.705097923	Medulloblastoma	0.991	Medulloblastoma, SHH-activated	0.943	MB SHH 4	0.659
BS_7R0ECRT8	205657380013_R03C01	Medulloblastoma	0.999962131	Medulloblastoma Non-WNT/Non-SHH Activated	0.99995802600000006	Medulloblastoma Group 4	0.99995398	MB_G34_VIII	0.999937265	Medulloblastoma	0.991	Medulloblastoma, non-WNT/non-SHH, Group 4	0.989	MB G4 VIII	0.989
BS_8SWRSV8D	205567980099_R05C01	Paediatric-Type Diffuse High-Grade Gliomas	0.999907172	Diffuse Midline Glioma, H3k27-Altered	0.999905969	Diffuse Midline Glioma, H3 K27-Mutant / EZHIP Overexpressing	0.999905929	DMG_K27	0.999905929	Diffuse midline glioma, H3 K27-altered	0.986	Diffuse midline glioma, H3 K27-altered	0.986	DMG K27	0.986
BS_3JGGSATX	206430120133_R06C01	Ependymal Tumours	0.999941376	Posterior Fossa Ependymoma Group A	0.99992732	Posterior Fossa Ependymoma Group A1	0.999642828	EPN_PFA_1E	0.897427796	Ependymal tumors	0.989	Posterior fossa group A (PFA) ependymoma	0.987	EPN PFA 1E	0.986
BS_0H08N9RR	205624860109_R08C01	Cranial And Paraspinal Nerve Tumours	0.999581305	Schwann-Cell Tumours	0.969994367	Schwannoma	0.969964569	SCHW	0.969964569	Mesenchymal tumors	0.988	Schwannoma	0.582	SCHW	0.582
BS_X4FED3TW	205657380092_R04C01	Meningioma	0.999359077	Meningioma	0.999359077	Meningioma, Intermediate	0.973405656	MNG_INT_A	0.973316918	Meningioma	0.988	Meningioma, intermediate	0.986	MNG INT A	0.986
BS_9N9CVAB8	205676380032_R04C01	Medulloblastoma	0.999999732	Medulloblastoma, WNT Activated	0.999998858	Medulloblastoma, WNT Activated	0.999998858	MB_WNT	0.999998858	Medulloblastoma	0.991	Medulloblastoma, WNT-activated	0.989	MB WNT	0.989
BS_C4BJX2SA	205676380104_R01C01	Paediatric-Type Diffuse High-Grade Gliomas	0.749364675	Paediatric-Type Diffuse High-Grade Gliomas	0.702146579	Diffuse Paediatric-Type High Grade Glioma, RTK1 Subtype	0.679037467	pedHGG_RTK1A	0.476980588	Intermediate-grade IDH-wildtype gliomas	0.979	Pleomorphic xanthoastrocytoma	0.973	PXA	0.973
BS_BWZGR3T4	206402350020_R03C01	Inflammatory Microenvironment	0.999259442	Inflammatory Microenvironment	0.999259442	Inflammatory Microenvironment	0.999259442	INFLAM_ENV	0.999259442	Control tissues	0.983	Control tissue, inflammatory microenvironment	0.963	CONTR INFLAM	0.963
BS_W43C1JEW	207211180125_R04C01	Diffuse Glioma, Mapk Altered, Cell-Cycle Activated	0.797825104	Pleomorphic Xanthoastrocytoma(-Like)	0.797655113	Pleomorphic Xanthoastrocytoma(-Like)	0.797655113	PXA	0.797655113	Intermediate-grade IDH-wildtype gliomas	0.986	Pleomorphic xanthoastrocytoma	0.985	PXA	0.985
BS_SG2X2XQB	205676380130_R03C01	Pineal Parenchymal And Retinal Tumours	0.998672742	Pineoblastoma	0.998334366	Pineoblastoma, miRNA Pathway Altered, Group 1	0.998292332	PB_GRP1A	0.996590057	Pineal region tumors and retinoblastoma	0.986	Pineoblastoma	0.983	PB GROUP 1A	0.982
BS_9YNS9WZJ	205624860102_R05C01	Low-Grade Glial/Glioneuronal/Neuroepithelial Tumours	0.998069051	Pilocytic Astrocytoma	0.979646691	Infratentorial Pilocytic Astrocytoma	0.978465196	PA_INF	0.978465196	Low-grade glial/glioneuronal tumors	0.99	Pilocytic astrocytoma	0.988	PA PF TYP	0.988
BS_Z9WJ6WW1	205676390133_R07C01	Neuroblastoma	0.996854395	Neuroblastoma	0.996854395	Neuroblastoma	0.996854395	NB_MYCN	0.989099741	Neuroblastic embryonal tumors	0.984	Peripheral neuroblastoma	0.982	NB MYCN	0.981
BS_XCWP2BJP	205707900137_R02C01	Medulloblastoma	0.999781365	Medulloblastoma Non-WNT/Non-SHH Activated	0.999758529	Medulloblastoma Group 3	0.997852005	MB_G34_III	0.693293858	Medulloblastoma	0.991	Medulloblastoma, non-WNT/non-SHH, Group 3	0.975	MB G3 II	0.962
BS_1X3HZXSC	205707900172_R06C01	Ependymal Tumours	0.978032678	Posterior Fossa Ependymoma Group A	0.97322593	Posterior Fossa Ependymoma Group A1	0.964338929	EPN_PFA_1D	0.641793896	Ependymal tumors	0.989	Posterior fossa group A (PFA) ependymoma	0.943	EPN PFA 1D	0.871
BS_8KXCKTRY	205624860167_R01C01	Control Tissues	0.999849765	Control Brain Tissues	0.999849762	Control Tissue, Pituitary Gland (Anterior Lobe)	0.999849744	CTRL_ADENOPIT	0.999849744	Control tissues	0.516	Control tissue, pituitary gland	0.484	CONTR ADENOPIT	0.484
BS_XP06JZ3B	206390560075_R03C01	Adult-Type Diffuse Gliomas	0.841448669	Diffuse High-Grade Neuroepithelial Tumour [Adult-Type]	0.790275862	Gliomatosis Cerebri-like Glioma, IDH-wildtype	0.782337251	GCG	0.782337251	Pediatric-type high-grade gliomas	0.984	Diffuse pediatric-type high-grade glioma, H3-wildtype and IDH-wildtype	0.981	pedHGG MYCN	0.978
BS_Q1AHDMR6	205624860137_R02C01	Medulloblastoma	0.999947563	Medulloblastoma, SHH-Activated	0.999940264	Medulloblastoma, SHH-Activated, Subtype 2	0.999725398	MB_SHH_2	0.999725398	Medulloblastoma	0.99	Medulloblastoma, SHH-activated	0.988	MB SHH 2	0.988
BS_0E0C4FMZ	205624860137_R01C01	Low-Grade Glial/Glioneuronal/Neuroepithelial Tumours	0.999998091	Pilocytic Astrocytoma	0.99999684	Infratentorial Pilocytic Astrocytoma	0.999996616	PA_INF	0.999996616	Low-grade glial/glioneuronal tumors	0.99	Pilocytic astrocytoma	0.987	PA PF TYP	0.985
BS_BQA22THB	206390560102_R05C01	Paediatric-Type Diffuse High-Grade Gliomas	0.981399877	Diffuse Midline Glioma, H3k27-Altered	0.980920177	Diffuse Midline Glioma, H3 K27-Mutant / EZHIP Overexpressing	0.980847502	DMG_K27	0.980847502	Diffuse midline glioma, H3 K27-altered	0.987	Diffuse midline glioma, H3 K27-altered	0.987	DMG K27	0.987
BS_9J5DZY7A	205589730167_R07C01	Tumours Of The Sellar Region	0.980369884	Craniopharyngioma	0.979769422	Papillary Craniopharyngioma	0.912672584	CPH_PAP	0.912672584	Epithelial tumors	0.985	Papillary craniopharyngioma	0.975	CPH PAP	0.975
BS_3Z211WE0	206430120161_R01C01	Tumours Of The Sellar Region	0.999890617	Craniopharyngioma	0.999884976	Adamantinomatous Craniopharyngioma	0.999884954	CPH_ADM	0.999884954	Epithelial tumors	0.988	Adamantinomatous craniopharyngioma	0.986	CPH ADM	0.986
BS_1WW4VNXC	205624870061_R04C01	Ependymal Tumours	0.999921519	Posterior Fossa Ependymoma Group A	0.999909603	Posterior Fossa Ependymoma Group A1	0.999889566	EPN_PFA_1B	0.997670991	Ependymal tumors	0.989	Posterior fossa group A (PFA) ependymoma	0.986	EPN PFA 1B	0.984
BS_3XN092AQ	205707900030_R05C01	Ependymal Tumours	0.999968855	Posterior Fossa Ependymoma Group A	0.999964639	Posterior Fossa Ependymoma Group A1	0.999932537	EPN_PFA_1A	0.997044645	Ependymal tumors	0.989	Posterior fossa group A (PFA) ependymoma	0.987	EPN PFA 1A	0.986
BS_AAGXTZ99	206390560101_R07C01	Control Tissues	0.99007914	Control Brain Tissues	0.990079136	Control Tissue, Cerebellar Hemisphere	0.990079123	CTRL_CBM	0.990079123	Low-grade glial/glioneuronal tumors	0.898	Pilocytic astrocytoma	0.898	PA PF VAR	0.897
BS_AG74Q1GW	205657380093_R05C01	Low-Grade Glial/Glioneuronal/Neuroepithelial Tumours	0.998015448	Low-Grade Glioneuronal Tumour	0.997599574	Dysembryoplastic Neuroepithelial Tumour	0.977744407	DNET	0.977744407	Low-grade glial/glioneuronal tumors	0.989	Dysembryoplastic neuroepithelial tumor	0.985	DNT	0.985
BS_39M951RF	207356840095_R01C01	Other CNS Embryonal Tumours	0.999999858	Atypical Teratoid Rhabdoid Tumour	0.999999843	Atypical Teratoid Rhabdoid Tumour, SHH Activated	0.999999708	ATRT_SHH	0.999999708	SMARC-altered tumors	0.987	Atypical teratoid/rhabdoid tumor	0.987	ATRT SHH	0.986
BS_95XVF293	205707900011_R07C01	Ependymal Tumours	0.958486189	Posterior Fossa Ependymoma Group B \& Posterior Fossa Subependymoma	0.905884489	Posterior Fossa Ependymoma Group B	0.89472077	EPN_PFB_3	0.824423829	Ependymal tumors	0.988	Posterior fossa group A (PFA) ependymoma	0.544	EPN PFA 1C	0.4
BS_FR4K7JTC	206402350061_R03C01	Paediatric-Type Diffuse High-Grade Gliomas	0.999971778	Paediatric-Type Diffuse High-Grade Gliomas	0.999971251	Diffuse Hemispheric Glioma, H3 G34-Mutant	0.999967872	DHG_G34	0.999967872	Pediatric-type high-grade gliomas	0.987	Diffuse hemispheric glioma, H3 G34-mutant	0.985	DHG G34	0.985
BS_R50NQATQ	205657390069_R01C01	Low-Grade Glial/Glioneuronal/Neuroepithelial Tumours	0.938866339	Pilocytic Astrocytoma	0.849567759	Infratentorial Pilocytic Astrocytoma	0.787369533	PA_INF	0.787369533	Low-grade glial/glioneuronal tumors	0.989	Pilocytic astrocytoma	0.988	PA PF TYP	0.987
BS_X36SF91S	205657380125_R04C01	Neuroblastoma	0.99999208	Neuroblastoma	0.99999208	Neuroblastoma	0.99999208	NB_MYCN	0.999989588	Neuroblastic embryonal tumors	0.984	Peripheral neuroblastoma	0.982	NB MYCN	0.981
BS_2HBMTAR9	206430120137_R06C01	Control Tissues	0.337139987	Control Brain Tissues	0.333893131	Glioblastoma, IDH-Wildtype, Mesenchymal Type	0.21300219	GBM_MES_TYP	0.210767164	Low-grade glial/glioneuronal tumors	0.697	Pilocytic astrocytoma	0.487	PA PF TYP	0.436
BS_H3MYZY2E	205657380024_R08C01	Paediatric-Type Diffuse High-Grade Gliomas	0.999995695	Paediatric-Type Diffuse High-Grade Gliomas	0.999995688	Diffuse Paediatric-Type High Grade Glioma, RTK2 Subtype	0.999267543	pedHGG_RTK2B	0.999267075	Pediatric-type high-grade gliomas	0.987	Diffuse pediatric-type high-grade glioma, H3-wildtype and IDH-wildtype	0.986	pedHGG RTK2B	0.985
BS_GB1XQAD2	205624880180_R03C01	Ependymal Tumours	0.999715709	Posterior Fossa Ependymoma Group A	0.999668953	Posterior Fossa Ependymoma Group A2	0.99854284	EPN_PFA_2B	0.984650887	Ependymal tumors	0.989	Posterior fossa group A (PFA) ependymoma	0.988	EPN PFA 2B	0.987
BS_YS55JDT5	209890280173_R06C01	Paediatric-Type Diffuse High-Grade Gliomas	0.999970189	Paediatric-Type Diffuse High-Grade Gliomas	0.999969965	Diffuse Paediatric-Type High Grade Glioma, RTK1 Subtype	0.999962501	pedHGG_RTK1A	0.999898478	Pediatric-type high-grade gliomas	0.987	Diffuse pediatric-type high-grade glioma, H3-wildtype and IDH-wildtype	0.983	pedHGG RTK1A	0.978
BS_BANDCP3Y	207356840127_R02C01	Other CNS Embryonal Tumours	0.99848914	Atypical Teratoid Rhabdoid Tumour	0.997865588	Atypical Teratoid Rhabdoid Tumour, MYC Activated	0.988181	ATRT_MYC	0.988181	SMARC-altered tumors	0.984	Atypical teratoid/rhabdoid tumor	0.979	ATRT MYC	0.925
BS_8GFRJ12Y	205707890145_R08C01	Control Tissues	0.999914879	Control Brain Tissues	0.999914879	Control Tissue, Cerebellar Hemisphere	0.999914879	CTRL_CBM	0.999914879	Low-grade glial/glioneuronal tumors	0.489	Pilocytic astrocytoma	0.489	PA PF VAR	0.488
BS_1TPEKAK9	205624860020_R08C01	Mesenchymal, Non-Meningothelial Tumours Involving The CNS	0.999999956	Tumours Of Uncertain Differentiation	0.999999955	CIC-Rearranged Sarcoma	0.999999952	CNS_SARC_CIC	0.999999952	Mesenchymal tumors	0.989	CIC-rearranged sarcoma	0.988	CNS SARC CIC	0.988
BS_DJF7TN3E	206402350063_R01C01	Meningioma	0.23859686	Meningioma	0.23859686	Meningioma, Benign	0.200924968	MNG_BEN_3	0.168327866	Mesenchymal tumors	0.961	Intracranial mesenchymal tumor, FET:CREB fusion-positive	0.169	ICMT A	0.165
BS_RHEQQ702	207356840047_R07C01	Paediatric-Type Diffuse High-Grade Gliomas	0.999682806	Diffuse Midline Glioma, H3k27-Altered	0.999663586	Diffuse Midline Glioma, H3 K27-Mutant / EZHIP Overexpressing	0.999663575	DMG_K27	0.999663575	Diffuse midline glioma, H3 K27-altered	0.986	Diffuse midline glioma, H3 K27-altered	0.986	DMG K27	0.986
BS_VHZYZ8PF	205707900030_R04C01	Ependymal Tumours	0.999572134	Supratentorial Ependymoma, ZFTA Fusion-Positive	0.999571225	Supratentorial Ependymoma, ZFTA:rela Fusion-Positive	0.999249703	EPN_ST_ZFTA_RELA_B	0.999249408	Ependymal tumors	0.989	Supratentorial ependymoma, ZFTA fusion-positive	0.987	EPN ST ZFTA RELA	0.987
BS_EDDWGEHP	206402350046_R06C01	Control Tissues	0.347950234	Control Brain Tissues	0.346253914	Control Tissue, Pons	0.158267671	CTRL_PONS	0.158267671	Low-grade glial/glioneuronal tumors	0.44	Pilocytic astrocytoma	0.208	PA PF TYP	0.135
BS_M20XH5MH	206390560080_R02C01	Other CNS Embryonal Tumours	0.999996409	Atypical Teratoid Rhabdoid Tumour	0.9999954	Atypical Teratoid Rhabdoid Tumour, MYC Activated	0.999976584	ATRT_MYC	0.999976584	SMARC-altered tumors	0.987	Atypical teratoid/rhabdoid tumor	0.987	ATRT MYC	0.986
BS_9VWSP93Q	207356850156_R07C01	Adult-Type Diffuse Gliomas	0.999959701	Diffuse Glioma, IDH Mutant	0.999958128	Diffuse Glioma, IDH-Mutant And 1p19q Retained [Astroglial Type]	0.999860723	A_IDH_LG	0.999850128	Diffuse glioma, IDH-mutant	0.988	Astrocytoma, IDH-mutant, lower-grade	0.986	A IDH LG	0.986
BS_1JSG9783	205676380113_R01C01	Low-Grade Glial/Glioneuronal/Neuroepithelial Tumours	0.999988195	Low-Grade Glioneuronal Tumour	0.99998628	Dysembryoplastic Neuroepithelial Tumour	0.994670625	DNET	0.994670625	Low-grade glial/glioneuronal tumors	0.99	Dysembryoplastic neuroepithelial tumor	0.987	DNT	0.987
BS_ZWY272GR	206402350072_R02C01	Tumours Of The Sellar Region	0.486776764	Craniopharyngioma	0.467588401	Adamantinomatous Craniopharyngioma	0.388646663	CPH_ADM	0.388646663	Epithelial tumors	0.938	Adamantinomatous craniopharyngioma	0.929	CPH ADM	0.929
BS_6G81ZFP6	206390560108_R05C01	Paediatric-Type Diffuse High-Grade Gliomas	0.887752033	Paediatric-Type Diffuse High-Grade Gliomas	0.83351649	Diffuse Paediatric-Type High Grade Glioma, MYCN Subtype	0.723507522	pedHGG_MYCN	0.723507522	Pediatric-type high-grade gliomas	0.984	Diffuse pediatric-type high-grade glioma, H3-wildtype and IDH-wildtype	0.982	pedHGG MYCN	0.979
BS_9AZ2YW9W	205982900155_R02C01	Medulloblastoma	0.74570371	Medulloblastoma, SHH-Activated	0.745572237	Medulloblastoma, SHH-Activated, Subtype 2	0.74475612	MB_SHH_2	0.74475612	Medulloblastoma	0.598	Medulloblastoma, SHH-activated	0.586	MB SHH 2	0.582
BS_6F3TENEM	206390560073_R08C01	Tumours Of The Sellar Region	0.993467819	Craniopharyngioma	0.993275052	Papillary Craniopharyngioma	0.929362303	CPH_PAP	0.929362303	Epithelial tumors	0.987	Papillary craniopharyngioma	0.986	CPH PAP	0.986
BS_79QJPZ3H	205648310114_R07C01	Ependymal Tumours	0.48824022	Posterior Fossa Ependymoma Group A	0.404180488	Posterior Fossa Ependymoma Group A1	0.383406777	EPN_PFA_1B	0.331170513	Ependymal tumors	0.8	Posterior fossa group A (PFA) ependymoma	0.7	EPN PFA 1B	0.645
BS_DQEQPEHF	205707890145_R04C01	Ependymal Tumours	0.99942233	Posterior Fossa Ependymoma Group A	0.999295846	Posterior Fossa Ependymoma Group A2	0.999133409	EPN_PFA_2A	0.777431665	Ependymal tumors	0.989	Posterior fossa group A (PFA) ependymoma	0.982	EPN PFA 2A	0.976
BS_0HMQNWT6	205657380173_R07C01	Low-Grade Glial/Glioneuronal/Neuroepithelial Tumours	0.999999985	Low-Grade Glioneuronal Tumour	0.999999984	Rosette-Forming Glioneuronal Tumour	0.999999888	RGNT	0.999999888	Low-grade glial/glioneuronal tumors	0.99	Rosette-forming glioneuronal tumor	0.985	RGNT	0.985
BS_7MTTXKMM	205676390063_R04C01	Diffuse Glioma, Mapk Altered, Cell-Cycle Activated	0.909788688	Pleomorphic Xanthoastrocytoma(-Like)	0.909496515	Pleomorphic Xanthoastrocytoma(-Like)	0.909496515	PXA	0.909496515	Intermediate-grade IDH-wildtype gliomas	0.747	Pleomorphic xanthoastrocytoma	0.745	PXA	0.745
BS_AEX9TT0Z	206390560039_R05C01	Medulloblastoma	0.999925302	Medulloblastoma Non-WNT/Non-SHH Activated	0.999910596	Medulloblastoma Group 3	0.999869389	MB_G34_II	0.998831009	Medulloblastoma	0.991	Medulloblastoma, non-WNT/non-SHH, Group 3	0.989	MB G3 II	0.988
BS_PF2FYZFR	205648310089_R07C01	Meningioma	0.366236155	Meningioma	0.366236155	Meningioma, Benign	0.259138574	MNG_BEN_3	0.254506921	Mesenchymal tumors	0.988	Primary intracranial sarcoma, DICER1-mutant	0.165	CNS SARC DICER	0.115
BS_ZJARR92P	206430120113_R02C01	Paediatric-Type Diffuse High-Grade Gliomas	0.999265921	Diffuse Midline Glioma, H3k27-Altered	0.999171533	Diffuse Midline Glioma, H3 K27-Mutant / EZHIP Overexpressing	0.999171133	DMG_K27	0.999171133	Diffuse midline glioma, H3 K27-altered	0.986	Diffuse midline glioma, H3 K27-altered	0.986	DMG K27	0.986
BS_7TZ3H638	205676380026_R03C01	Low-Grade Glial/Glioneuronal/Neuroepithelial Tumours	0.999995833	Pilocytic Astrocytoma	0.999982955	Infratentorial Pilocytic Astrocytoma	0.999981213	PA_INF	0.999981213	Low-grade glial/glioneuronal tumors	0.99	Pilocytic astrocytoma	0.989	PA PF TYP	0.988
BS_CWTTDDTX	206430120130_R02C01	Ependymal Tumours	0.99996574	Posterior Fossa Ependymoma Group A	0.999960077	Posterior Fossa Ependymoma Group A2	0.999952966	EPN_PFA_2A	0.998708089	Ependymal tumors	0.989	Posterior fossa group A (PFA) ependymoma	0.988	EPN PFA 2A	0.987
BS_FQKWSDEZ	205624900139_R08C01	Adult-Type Diffuse Gliomas	0.510550844	Diffuse Glioma, IDH Mutant	0.502988407	Diffuse Glioma, IDH-Mutant And 1p19q Retained [Astroglial Type]	0.496816072	A_IDH_HG	0.490879571	Diffuse glioma, IDH-mutant	0.969	Astrocytoma, IDH-mutant, high-grade	0.967	A IDH HG	0.967
BS_FD842CQN	205566000166_R01C01	Low-Grade Glial/Glioneuronal/Neuroepithelial Tumours	0.99995991	Pilocytic Astrocytoma	0.99986705	Infratentorial Pilocytic Astrocytoma	0.999819802	PA_INF	0.999819802	Low-grade glial/glioneuronal tumors	0.989	Pilocytic astrocytoma	0.989	PA PF TYP	0.988
BS_JPRGQM6Z	209890280148_R06C01	Paediatric-Type Diffuse High-Grade Gliomas	0.999897673	Diffuse Midline Glioma, H3k27-Altered	0.999893773	Diffuse Midline Glioma, H3 K27-Mutant / EZHIP Overexpressing	0.999892053	DMG_K27	0.999892053	Diffuse midline glioma, H3 K27-altered	0.976	Diffuse midline glioma, H3 K27-altered	0.976	DMG K27	0.976
BS_884GB32R	205624900160_R02C01	Paediatric-Type Diffuse High-Grade Gliomas	0.999500619	Paediatric-Type Diffuse High-Grade Gliomas	0.999497987	Diffuse Paediatric-Type High Grade Glioma, RTK2 Subtype	0.930520822	pedHGG_RTK2B	0.930465759	Pediatric-type high-grade gliomas	0.987	Diffuse pediatric-type high-grade glioma, H3-wildtype and IDH-wildtype	0.984	pedHGG RTK2B	0.981
BS_M4PAPSSW	205122170055_R04C01	Low-Grade Glial/Glioneuronal/Neuroepithelial Tumours	0.999998751	Pilocytic Astrocytoma	0.999997065	Infratentorial Pilocytic Astrocytoma	0.999993808	PA_INF	0.999993808	Low-grade glial/glioneuronal tumors	0.99	Pilocytic astrocytoma	0.989	PA PF TYP	0.988
BS_S9H9WDCD	205657380125_R03C01	Paediatric-Type Diffuse High-Grade Gliomas	0.99978272	Diffuse Midline Glioma, H3k27-Altered	0.999781817	Diffuse Midline Glioma, H3 K27-Mutant / EZHIP Overexpressing	0.999781815	DMG_K27	0.999781815	Diffuse midline glioma, H3 K27-altered	0.987	Diffuse midline glioma, H3 K27-altered	0.987	DMG K27	0.987
BS_6WRGGY1Y	205624900169_R03C01	Control Tissues	0.24271472	Control Tissue, Reactive Tumour Microenvironment	0.231588621	Control Tissue, Reactive Tumour Microenvironment	0.231588621	CTRL_REACTIVE	0.231588621	Control tissues	0.529	Control tissue, reactive tumor microenvironment	0.467	CONTR REACT	0.467
BS_F0PJ864S	205624900009_R06C01	Meningioma	0.997819843	Meningioma	0.997819843	Meningioma, Benign	0.801728106	MNG_BEN_1	0.793232726	Meningioma	0.988	Meningioma, benign	0.755	MNG BEN 1	0.733
BS_1HY7YDZH	205707910014_R07C01	Ependymal Tumours	0.982985439	Supratentorial Ependymoma, ZFTA Fusion-Positive	0.979449329	Supratentorial Ependymoma, ZFTA:rela Fusion-Positive	0.972773556	EPN_ST_ZFTA_RELA_A	0.971631011	Ependymal tumors	0.988	Supratentorial ependymoma, ZFTA fusion-positive	0.982	EPN ST ZFTA RELA	0.982
BS_C48B9VRK	205589740019_R03C01	Low-Grade Glial/Glioneuronal/Neuroepithelial Tumours	0.999997235	Pilocytic Astrocytoma	0.9999879	Infratentorial Pilocytic Astrocytoma	0.999985368	PA_INF	0.999985368	Low-grade glial/glioneuronal tumors	0.99	Pilocytic astrocytoma	0.989	PA PF TYP	0.988
BS_1BDNZYMM	205707900163_R02C01	Other CNS Embryonal Tumours	0.881859615	Atypical Teratoid Rhabdoid Tumour	0.825612485	Atypical Teratoid Rhabdoid Tumour, Tyrosinase Activated	0.515883961	ATRT_TYR	0.515883961	SMARC-altered tumors	0.953	Atypical teratoid/rhabdoid tumor	0.953	ATRT TYR	0.949
BS_FGFXGS44	205624900100_R01C01	Meningioma	0.997903518	Meningioma	0.997903518	Meningioma, Benign	0.922435595	MNG_BEN_3	0.922280827	Meningioma	0.982	Meningioma, benign	0.981	MNG BEN 3	0.979
BS_8RNAR5N3	205657380118_R01C01	Low-Grade Glial/Glioneuronal/Neuroepithelial Tumours	0.974878195	Low-Grade Ganglioglial/Neuroepithelial Tumour	0.931861381	Supratentorial Pilocytic Astrocytoma	0.931677819	PA_CORT	0.931677819	Low-grade glial/glioneuronal tumors	0.989	Pilocytic astrocytoma	0.988	PA ST	0.987
BS_E76N8WF4	205624860132_R01C01	Medulloblastoma	0.997782117	Medulloblastoma Non-WNT/Non-SHH Activated	0.997483075	Medulloblastoma Group 4	0.994769911	MB_G34_VII	0.914504236	Medulloblastoma	0.991	Medulloblastoma, non-WNT/non-SHH, Group 4	0.989	MB G4 VII	0.989
BS_38TKJC25	205707890059_R02C01	Ependymal Tumours	0.845938276	Posterior Fossa Ependymoma Group A	0.811840109	Posterior Fossa Ependymoma Group A2	0.412147612	EPN_PFA_2B	0.271252412	Ependymal tumors	0.989	Posterior fossa group A (PFA) ependymoma	0.987	EPN PFA 2A	0.987
BS_BDRTMHBR	205676390135_R08C01	Choroid Plexus Tumours	0.993545304	Choroid Plexus Tumours	0.993545304	Choroid Plexus Tumours Subtype A	0.992250609	CPT_PED_A	0.847039645	Choroid plexus tumors	0.92	Choroid plexus papilloma	0.91	CPP PED	0.842
BS_KD5H0NQ2	206402350056_R06C01	Low-Grade Glial/Glioneuronal/Neuroepithelial Tumours	0.999982143	Low-Grade Glioneuronal Tumour	0.999978621	Dysembryoplastic Neuroepithelial Tumour	0.996226093	DNET	0.996226093	Low-grade glial/glioneuronal tumors	0.99	Dysembryoplastic neuroepithelial tumor	0.987	DNT	0.987
BS_YNBF10BW	205707890059_R05C01	Ependymal Tumours	0.99999773300000006	Spinal Ependymoma (myxopapillary-enriched)	0.999996294	Spinal Ependymoma (myxopapillary-enriched)	0.999996294	EPN_MPE	0.999996294	Ependymal tumors	0.989	Myxopapillary ependymoma	0.976	EPN MPE B	0.973
BS_S5DT08R4	206402350095_R07C01	Low-Grade Glial/Glioneuronal/Neuroepithelial Tumours	0.982865089	Pilocytic Astrocytoma	0.969950279	Infratentorial Pilocytic Astrocytoma	0.960941274	PA_INF	0.960941274	Low-grade glial/glioneuronal tumors	0.989	Pilocytic astrocytoma	0.988	PA PF TYP	0.987
BS_864W8E4X	206430120162_R08C01	Meningioma	0.304519549	Meningioma	0.304519549	Meningioma, Benign	0.286869739	MNG_BEN_1	0.250863204	Mesenchymal tumors	0.921	Intracranial mesenchymal tumor, FET:CREB fusion-positive	0.517	ICMT A	0.514
BS_Y9E0PBBE	205676390142_R04C01	Ependymal Tumours	0.998486574	Supratentorial Ependymoma, ZFTA Fusion-Positive	0.998328706	Supratentorial Ependymoma, ZFTA:rela Fusion-Positive	0.963712283	EPN_ST_ZFTA_RELA_A	0.963647747	Ependymal tumors	0.989	Supratentorial ependymoma, ZFTA fusion-positive	0.987	EPN ST ZFTA RELA	0.987
BS_Y2RDJZYG	206402350056_R04C01	Tumours Of The Sellar Region	0.999742957	Craniopharyngioma	0.999729289	Adamantinomatous Craniopharyngioma	0.999729124	CPH_ADM	0.999729124	Epithelial tumors	0.987	Adamantinomatous craniopharyngioma	0.986	CPH ADM	0.986
BS_V6ECHDDQ	205624660018_R03C01	Medulloblastoma	0.99626755	Medulloblastoma Non-WNT/Non-SHH Activated	0.995588807	Medulloblastoma Group 4	0.972224217	MB_G34_VII	0.950644469	Medulloblastoma	0.991	Medulloblastoma, non-WNT/non-SHH, Group 4	0.989	MB G4 VII	0.988
BS_GGJ8DA82	206390560077_R05C01	Medulloblastoma	0.999935903	Medulloblastoma Non-WNT/Non-SHH Activated	0.999928745	Medulloblastoma Group 3	0.999837426	MB_G34_III	0.996831869	Medulloblastoma	0.991	Medulloblastoma, non-WNT/non-SHH, Group 3	0.989	MB G3 III	0.988
BS_Z3KGSYDV	206390560034_R08C01	Adult-Type Diffuse Gliomas	0.366358337	Glioblastoma, IDH-Wildtype	0.350880898	Glioblastoma, IDH-Wildtype, Mesenchymal Type	0.334883594	GBM_MES_TYP	0.306246623	Pediatric-type high-grade gliomas	0.927	H3 K27 and MAPK-altered glioma	0.487	H3K27 MAPK	0.487
BS_YM8N4S9W	205676390135_R04C01	Cranial And Paraspinal Nerve Tumours	0.95642991	Schwann-Cell Tumours	0.954478596	Schwannoma	0.94517198	SCHW	0.94517198	Mesenchymal tumors	0.988	Schwannoma	0.984	SCHW	0.984
BS_AEF61NYH	205589740019_R07C01	Low-Grade Glial/Glioneuronal/Neuroepithelial Tumours	0.926369568	Pilocytic Astrocytoma	0.890416494	Infratentorial Pilocytic Astrocytoma	0.876092635	PA_INF	0.876092635	Low-grade glial/glioneuronal tumors	0.989	Pilocytic astrocytoma	0.988	PA PF TYP	0.988
BS_03EY696E	205624900061_R02C01	Low-Grade Glial/Glioneuronal/Neuroepithelial Tumours	0.571517531	Low-Grade Glioneuronal Tumour	0.505200721	Papillary Glioneuronal Tumour	0.268162481	PGNT	0.268162481	Low-grade glial/glioneuronal tumors	0.989	Dysembryoplastic neuroepithelial tumor	0.817	DNT	0.817
BS_RV7KWCWC	205624900100_R03C01	Ependymal Tumours	0.999999925	Supratentorial Ependymoma, ZFTA Fusion-Positive	0.999999605	Supratentorial Ependymoma, ZFTA:rela Fusion-Positive	0.999999344	EPN_ST_ZFTA_RELA_A	0.999999339	Ependymal tumors	0.989	Supratentorial ependymoma, ZFTA fusion-positive	0.987	EPN ST ZFTA RELA	0.987
BS_Y0WJKN1E	205707910014_R06C01	Ependymal Tumours	0.999953902	Spinal Subependymoma	0.999793955	Spinal Ependymoma (Subependymoma-enriched) [Subtype B]	0.922496805	EPN_SPINE_SE_B	0.922496805	Ependymal tumors	0.988	Spinal ependymoma, MYCN-amplified-like	0.499	EPN SPINE MYCN-like	0.499
BS_ZV23QCBQ	205624900100_R06C01	Ependymal Tumours	0.994789255	Posterior Fossa Ependymoma Group A	0.993174116	Posterior Fossa Ependymoma Group A2	0.984758128	EPN_PFA_2A	0.953289838	Ependymal tumors	0.989	Posterior fossa group A (PFA) ependymoma	0.987	EPN PFA 2A	0.987
BS_DGCSNYBV	207356840095_R07C01	Low-Grade Glial/Glioneuronal/Neuroepithelial Tumours	0.948617928	Pilocytic Astrocytoma	0.940259819	Infratentorial Pilocytic Astrocytoma	0.933908818	PA_INF	0.933908818	Low-grade glial/glioneuronal tumors	0.987	Pilocytic astrocytoma	0.934	PA PF TYP	0.856
BS_JF9DSAHF	206430120102_R02C01	Other CNS Embryonal Tumours	0.999920636	Atypical Teratoid Rhabdoid Tumour	0.976176303	Atypical Teratoid Rhabdoid Tumour, Tyrosinase Activated	0.97616582	ATRT_TYR	0.97616582	SMARC-altered tumors	0.986	Atypical teratoid/rhabdoid tumor	0.986	ATRT TYR	0.984
BS_XB98DENV	205707900172_R04C01	Medulloblastoma	0.999992926	Medulloblastoma, SHH-Activated	0.999991253	Medulloblastoma, SHH-Activated, Subtype 1	0.999375806	MB_SHH_1	0.999375806	Medulloblastoma	0.99	Medulloblastoma, SHH-activated	0.988	MB SHH 1	0.988
BS_XKE7N1MD	209890270010_R08C01	Adult-Type Diffuse Gliomas	0.382725381	Glioblastoma, IDH-Wildtype	0.35384845	Glioblastoma, IDH-Wildtype, RTK2 Type	0.227240782	GBM_RTK2	0.227240782	Pediatric-type high-grade gliomas	0.927	Diffuse pediatric-type high-grade glioma, H3-wildtype and IDH-wildtype	0.429	pedHGG MYCN	0.3
BS_CZNXC2S4	206402350011_R06C01	Medulloblastoma	0.993071497	Medulloblastoma, SHH-Activated	0.991786139	Medulloblastoma, SHH-Activated, Subtype 4	0.51836288	MB_SHH_4	0.51836288	Medulloblastoma	0.99	Medulloblastoma, SHH-activated	0.982	MB SHH 4	0.98
BS_7YW8W58B	205657390084_R05C01	Paediatric-Type Diffuse High-Grade Gliomas	0.999102046	Paediatric-Type Diffuse High-Grade Gliomas	0.99907673	Diffuse Hemispheric Glioma, H3 G34-Mutant	0.997846881	DHG_G34	0.997846881	Pediatric-type high-grade gliomas	0.985	Diffuse hemispheric glioma, H3 G34-mutant	0.983	DHG G34	0.983
BS_4F7DH949	206390560100_R08C01	Neuroblastoma	0.289092765	Neuroblastoma	0.289092765	Neuroblastoma	0.289092765	NB_TMM_NEG	0.286291033	Mesenchymal tumors	0.548	Poorly differentiated chordoma	0.162	CHORDM PD	0.162
BS_ZE5SA1H4	205707900146_R06C01	Ependymal Tumours	0.999980436	Posterior Fossa Ependymoma Group A	0.999977555	Posterior Fossa Ependymoma Group A2	0.999974013	EPN_PFA_2B	0.990705874	Ependymal tumors	0.989	Posterior fossa group A (PFA) ependymoma	0.985	EPN PFA 2B	0.983
BS_T1R51WP6	207211180067_R05C01	Paediatric-Type Diffuse High-Grade Gliomas	0.998740368	Diffuse Midline Glioma, H3k27-Altered	0.998495068	Diffuse Midline Glioma, H3 K27-Altered, Subtype EGFR-Altered	0.985953062	DMG_EGFR	0.985953062	Diffuse midline glioma, H3 K27-altered	0.987	Diffuse midline glioma, H3 K27-altered	0.987	DMG K27	0.879
BS_R2Q8D5VD	206430120113_R04C01	Meningioma	0.992552361	Meningioma	0.992552361	Meningioma, Intermediate	0.503384959	MNG_INT_A	0.503318699	Meningioma	0.988	Meningioma, intermediate	0.961	MNG INT A	0.96
BS_ZTVJPZR2	205624860047_R03C01	Control Tissues	0.839188756	Control Brain Tissues	0.837914891	Control Tissue, Hemispheric Cortex	0.833045691	CTRL_HEMI	0.833045691	Low-grade glial/glioneuronal tumors	0.56	Ganglioglioma	0.454	GG	0.454
BS_5QTQV2Q3	206402350009_R06C01	Control Tissues	0.992638638	Control Brain Tissues	0.992606532	Control Tissue, Hemispheric Cortex	0.99248125	CTRL_HEMI	0.99248125	Control tissues	0.851	Control tissue, cerebral hemisphere	0.837	CONTR HEMI	0.837
BS_2YPFPTV3	206402350063_R08C01	Inflammatory Microenvironment	0.998835181	Inflammatory Microenvironment	0.998835181	Inflammatory Microenvironment	0.998835181	INFLAM_ENV	0.998835181	Control tissues	0.982	Control tissue, inflammatory microenvironment	0.909	CONTR INFLAM	0.909
BS_BX39T8MB	206390560188_R05C01	Medulloblastoma	0.998060804	Medulloblastoma Non-WNT/Non-SHH Activated	0.997757699	Medulloblastoma Group 3	0.993546996	MB_G34_IV	0.849189115	Medulloblastoma	0.99	Medulloblastoma, non-WNT/non-SHH, Group 3	0.986	MB G3 IV	0.985
BS_DV8JV7JJ	206430120148_R06C01	Ependymal Tumours	0.999254425	Posterior Fossa Ependymoma Group A	0.999164106	Posterior Fossa Ependymoma Group A1	0.998979683	EPN_PFA_1B	0.839026533	Ependymal tumors	0.989	Posterior fossa group A (PFA) ependymoma	0.988	EPN PFA 1B	0.988
BS_13VG2WC3	205125590007_R05C01	Ependymal Tumours	0.999997424	Spinal Ependymoma (myxopapillary-enriched)	0.999996138	Spinal Ependymoma (myxopapillary-enriched)	0.999996138	EPN_MPE	0.999996138	Ependymal tumors	0.989	Myxopapillary ependymoma	0.968	EPN MPE B	0.953
BS_0AS813KQ	205657380177_R04C01	Meningioma	0.99937431	Meningioma	0.99937431	Meningioma, Benign	0.989800295	MNG_BEN_1	0.985412584	Meningioma	0.988	Meningioma, intermediate	0.905	MNG INT A	0.903
BS_7HDY61AV	205676380113_R06C01	Adult-Type Diffuse Gliomas	0.981999551	Diffuse Glioma, IDH Mutant	0.981079259	Diffuse Glioma, IDH-Mutant And 1p19q Retained [Astroglial Type]	0.967129036	A_IDH_LG	0.964767219	Diffuse glioma, IDH-mutant	0.942	Astrocytoma, IDH-mutant, lower-grade	0.938	A IDH LG	0.938
BS_05YAF3YQ	205676390109_R02C01	Paediatric-Type Diffuse High-Grade Gliomas	0.999950734	Diffuse Midline Glioma, H3k27-Altered	0.999949113	Diffuse Midline Glioma, H3 K27-Mutant / EZHIP Overexpressing	0.999949069	DMG_K27	0.999949069	Diffuse midline glioma, H3 K27-altered	0.986	Diffuse midline glioma, H3 K27-altered	0.986	DMG K27	0.986
BS_TVTTHYXP	206402350029_R05C01	Medulloblastoma	0.999729115	Medulloblastoma, SHH-Activated	0.999668171	Medulloblastoma, SHH-Activated, Subtype 4	0.993344582	MB_SHH_4	0.993344582	Medulloblastoma	0.991	Medulloblastoma, SHH-activated	0.988	MB SHH 4	0.988
BS_S56R95NQ	205567990034_R08C01	Low-Grade Glial/Glioneuronal/Neuroepithelial Tumours	0.923337041	Low-Grade Ganglioglial/Neuroepithelial Tumour	0.907532926	Ganglioglioma	0.854821826	GG	0.854821826	Low-grade glial/glioneuronal tumors	0.989	Ganglioglioma	0.986	GG	0.986
BS_DZ2ZX07K	205624900172_R07C01	Adult-Type Diffuse Gliomas	0.269953443	Glioblastoma, IDH-Wildtype	0.235240959	Diffuse Paediatric-Type High Grade Glioma, RTK1 Subtype	0.180084301	GBM_CBM	0.155813561	Intermediate-grade IDH-wildtype gliomas	0.988	Pleomorphic xanthoastrocytoma	0.986	PXA	0.986
BS_KTW793QB	207356850179_R01C01	Diffuse Glioma, Mapk Altered, Cell-Cycle Activated	0.999998464	Pleomorphic Xanthoastrocytoma(-Like)	0.99999846	Pleomorphic Xanthoastrocytoma(-Like)	0.99999846	PXA	0.99999846	Intermediate-grade IDH-wildtype gliomas	0.988	Pleomorphic xanthoastrocytoma	0.987	PXA	0.987
BS_AGVA3E45	205707900137_R06C01	Paediatric-Type Diffuse High-Grade Gliomas	0.968045267	Paediatric-Type Diffuse High-Grade Gliomas	0.662052751	Diffuse Paediatric-Type High Grade Glioma, H3 Wildtype And IDH Wild Type, Subtype A\&B (Novel)	0.610236258	pedHGG_B	0.468370138	Pediatric-type high-grade gliomas	0.931	Diffuse pediatric-type high-grade glioma, H3-wildtype and IDH-wildtype	0.927	pedHGG MYCN	0.923
BS_T8GDG1XP	206402350087_R01C01	Paediatric-Type Diffuse High-Grade Gliomas	0.911859701	Diffuse Midline Glioma, H3k27-Altered	0.90747964	Diffuse Midline Glioma, H3 K27-Mutant / EZHIP Overexpressing	0.897124041	DMG_K27	0.897124041	Diffuse midline glioma, H3 K27-altered	0.979	Diffuse midline glioma, H3 K27-altered	0.979	DMG K27	0.979
BS_GK5CJFEQ	205676390063_R05C01	Cranial And Paraspinal Nerve Tumours	0.998102526	Schwann-Cell Tumours	0.90677099	Schwannoma	0.906684829	SCHW	0.906684829	Mesenchymal tumors	0.988	Plexiform neurofibroma	0.551	NFIB PLEX	0.551
BS_DD5NP34B	209890270010_R05C01	Paediatric-Type Diffuse High-Grade Gliomas	0.983431769	Diffuse Midline Glioma, H3k27-Altered	0.982683321	Diffuse Midline Glioma, H3 K27-Mutant / EZHIP Overexpressing	0.982554609	DMG_K27	0.982554609	Diffuse midline glioma, H3 K27-altered	0.936	Diffuse midline glioma, H3 K27-altered	0.936	DMG K27	0.936
BS_Y8HPV715	205624900133_R06C01	Medulloblastoma	0.967149258	Medulloblastoma Non-WNT/Non-SHH Activated	0.950385677	Medulloblastoma Group 3	0.668386045	MB_G34_II	0.268008278	Medulloblastoma	0.991	Medulloblastoma, non-WNT/non-SHH, Group 3	0.611	MB G3 II	0.388
BS_65N6QVEF	206430120117_R06C01	Meningioma	0.99948789	Meningioma	0.99948789	Meningioma, Intermediate	0.99024973	MNG_INT_A	0.990237169	Meningioma	0.988	Meningioma, intermediate	0.987	MNG INT A	0.986
BS_H197SKBR	206390560049_R01C01	Medulloblastoma	0.999996401	Medulloblastoma, WNT Activated	0.999987795	Medulloblastoma, WNT Activated	0.999987795	MB_WNT	0.999987795	Medulloblastoma	0.991	Medulloblastoma, WNT-activated	0.989	MB WNT	0.989
BS_P35A0SPN	205624900160_R06C01	Paediatric-Type Diffuse High-Grade Gliomas	0.999966206	Diffuse Midline Glioma, H3k27-Altered	0.999966067	Diffuse Midline Glioma, H3 K27-Mutant / EZHIP Overexpressing	0.999966045	DMG_K27	0.999966045	Diffuse midline glioma, H3 K27-altered	0.98	Diffuse midline glioma, H3 K27-altered	0.98	DMG K27	0.98
BS_XYW5TDGJ	205624860068_R06C01	Medulloblastoma	0.999987517	Medulloblastoma Non-WNT/Non-SHH Activated	0.999984159	Medulloblastoma Group 3	0.999952566	MB_G34_II	0.999472766	Medulloblastoma	0.991	Medulloblastoma, non-WNT/non-SHH, Group 3	0.988	MB G3 II	0.987
BS_ZH0HTV7S	205624900113_R04C01	Other CNS Embryonal Tumours	0.999986415	CNS BCOR-Altered Tumours	0.999985522	Neuroepithelial Tumour With BCOR Internal Tandem Duplication	0.999985476	CNS_BCOR_ITD	0.999985476	BCOR-altered tumors	0.987	CNS tumor with BCOR internal tandem duplication	0.986	CNS BCOR ITD	0.986
BS_Z6GNQNWF	206390560108_R02C01	Other CNS Embryonal Tumours	0.999625768	Atypical Teratoid Rhabdoid Tumour	0.999505063	Atypical Teratoid Rhabdoid Tumour, MYC Activated	0.995481627	ATRT_MYC	0.995481627	SMARC-altered tumors	0.987	Atypical teratoid/rhabdoid tumor	0.987	ATRT MYC	0.985
BS_QE7KZ7Z7	205624860137_R05C01	Paediatric-Type Diffuse High-Grade Gliomas	0.86558271	Paediatric-Type Diffuse High-Grade Gliomas	0.851905663	Diffuse Paediatric-Type High Grade Glioma, H3 Wildtype And IDH Wild Type, Subtype A\&B (Novel)	0.427292391	pedHGG_A	0.425631635	Pediatric-type high-grade gliomas	0.701	Diffuse pediatric-type high-grade glioma, H3-wildtype and IDH-wildtype	0.661	pedHGG MYCN	0.617
BS_T4W6QFPZ	206402350085_R01C01	Diffuse Glioneuronal Tumours	0.633209377	Diffuse Glioneuronal Tumours	0.633209377	Diffuse Glioneuronal Tumour, Non Defined Type	0.62865734	GNT_A	0.62865734	Intermediate-grade IDH-wildtype gliomas	0.987	Glioneuronal tumor, kinase-fused	0.505	GNT KinF A	0.505
BS_Q61KTESW	205589730006_R07C01	Low-Grade Glial/Glioneuronal/Neuroepithelial Tumours	0.967305929	Low-Grade Ganglioglial/Neuroepithelial Tumour	0.815002145	Supratentorial Pilocytic Astrocytoma	0.814867257	PA_CORT	0.814867257	Low-grade glial/glioneuronal tumors	0.989	Pilocytic astrocytoma	0.988	PA ST	0.987
BS_24K0FR7Q	205624860108_R07C01	Circumscribed Astrocytic Tumours	0.886757586	Subependymal Giant Cell Astrocytoma	0.886486122	Subependymal Giant Cell Astrocytoma	0.886486122	SEGA	0.886486122	Low-grade glial/glioneuronal tumors	0.982	Subependymal giant cell astrocytoma	0.947	SEGA	0.947
BS_5ZECW8YX	205657390087_R02C01	Ependymal Tumours	0.97785343	Posterior Fossa Ependymoma Group A	0.960854099	Posterior Fossa Ependymoma Group A1	0.954568405	EPN_PFA_1C	0.784561137	Ependymal tumors	0.989	Posterior fossa group A (PFA) ependymoma	0.984	EPN PFA 1C	0.981
BS_ZSE80RV1	207356840106_R08C01	Paediatric-Type Diffuse High-Grade Gliomas	0.268025879	Paediatric-Type Diffuse High-Grade Gliomas	0.248737139	Diffuse Paediatric-Type High Grade Glioma, RTK2 Subtype	0.166499345	pedHGG_RTK2A	0.162016166	Pediatric-type high-grade gliomas	0.979	Diffuse pediatric-type high-grade glioma, H3-wildtype and IDH-wildtype	0.7	pedHGG RTK2A	0.303
BS_HSYFHCEZ	209760340023_R07C01	Ependymal Tumours	0.98727923	Posterior Fossa Ependymoma Group A	0.983656126	Posterior Fossa Ependymoma Group A2	0.965467824	EPN_PFA_2A	0.625273717	Ependymal tumors	0.989	Posterior fossa group A (PFA) ependymoma	0.984	EPN PFA 2A	0.98
BS_EXTTYXYZ	205122170051_R08C01	Other CNS Embryonal Tumours	0.999971793	Atypical Teratoid Rhabdoid Tumour	0.999963067	Atypical Teratoid Rhabdoid Tumour, MYC Activated	0.999228534	ATRT_MYC	0.999228534	SMARC-altered tumors	0.987	Atypical teratoid/rhabdoid tumor	0.987	ATRT MYC	0.986
BS_8S9303PS	207211180067_R06C01	Paediatric-Type Diffuse High-Grade Gliomas	0.99982888	Diffuse Midline Glioma, H3k27-Altered	0.999828633	Diffuse Midline Glioma, H3 K27-Mutant / EZHIP Overexpressing	0.999828588	DMG_K27	0.999828588	Diffuse midline glioma, H3 K27-altered	0.987	Diffuse midline glioma, H3 K27-altered	0.987	DMG K27	0.987
BS_AD4CSC2Y	206402350041_R04C01	Medulloblastoma	0.997847692	Medulloblastoma Non-WNT/Non-SHH Activated	0.997623248	Medulloblastoma Group 4	0.995049355	MB_G34_VIII	0.780386725	Medulloblastoma	0.991	Medulloblastoma, non-WNT/non-SHH, Group 4	0.959	MB G4 V	0.8
BS_TGYBV2KP	205624860102_R02C01	Medulloblastoma	0.999758359	Medulloblastoma Non-WNT/Non-SHH Activated	0.999732964	Medulloblastoma Group 3	0.997112011	MB_G34_III	0.982827152	Medulloblastoma	0.991	Medulloblastoma, non-WNT/non-SHH, Group 3	0.987	MB G3 III	0.986
BS_0TSD8W2N	207356850144_R06C01	Control Tissues	0.995952339	Control Brain Tissues	0.995890509	Control Tissue, Hemispheric Cortex	0.995819661	CTRL_HEMI	0.995819661	Control tissues	0.981	Control tissue, cerebral hemisphere	0.9	CONTR HEMI	0.9
BS_AFRXFE5X	205707900137_R04C01	Neuroepithelial Tumour, PLAGl1-Fused	0.885514616	Neuroepithelial Tumour, PLAGl1-Fused	0.885514616	Neuroepithelial Tumour, PLAGl1-Fused	0.885514616	NET_PLAGL1_FUS	0.885514616	Ependymal tumors	0.712	Intracranial ependymoma-variant type	0.242	EPN IC C6C	0.202
BS_R9220AQN	205624860155_R08C01	Low-Grade Glial/Glioneuronal/Neuroepithelial Tumours	0.194422122	Low-Grade Ganglioglial/Neuroepithelial Tumour	0.13680308	Ganglioglioma	0.090993501	GG	0.090993501	Low-grade glial/glioneuronal tumors	0.987	Ganglioglioma	0.961	GG	0.961
BS_6WPS513V	206390560034_R05C01	Control Tissues	0.871438073	Control Brain Tissues	0.856145794	Control Tissue, Hemispheric Cortex	0.854327917	CTRL_HEMI	0.854327917	Control tissues	0.933	Control tissue, reactive tumor microenvironment	0.361	CONTR REACT	0.361
BS_7FDN6CJB	205624900008_R03C01	Choroid Plexus Tumours	0.999984726	Choroid Plexus Tumours	0.999984726	Choroid Plexus Tumours Subtype A	0.999984348	CPT_AD_A	0.999971737	Choroid plexus tumors	0.981	Choroid plexus papilloma	0.98	CPP AD	0.979
BS_MN4WEPS2	206402350054_R07C01	Adult-Type Diffuse Gliomas	0.688892506	Glioblastoma, IDH-Wildtype	0.687373877	Glioblastoma, IDH-Wildtype, Mesenchymal Type	0.686468538	GBM_MES_ATYP	0.640978306	Glioblastoma, IDH-wildtype	0.954	Glioblastoma, IDH-wildtype	0.954	GBM MES ATYP	0.95
BS_5NFX4ZRQ	206402350063_R04C01	Medulloblastoma	0.999668223	Medulloblastoma Non-WNT/Non-SHH Activated	0.99962787	Medulloblastoma Group 3	0.999451116	MB_G34_II	0.901198522	Medulloblastoma	0.991	Medulloblastoma, non-WNT/non-SHH, Group 3	0.989	MB G3 II	0.988
BS_41G5ASPE	206390560101_R05C01	Paediatric-Type Diffuse High-Grade Gliomas	0.992741075	Diffuse Midline Glioma, H3k27-Altered	0.992542235	Diffuse Midline Glioma, H3 K27-Mutant / EZHIP Overexpressing	0.992525969	DMG_K27	0.992525969	Diffuse midline glioma, H3 K27-altered	0.935	Diffuse midline glioma, H3 K27-altered	0.935	DMG K27	0.935
BS_TPWNZVQ1	205676380019_R01C01	Medulloblastoma	0.999922373	Medulloblastoma Non-WNT/Non-SHH Activated	0.999913962	Medulloblastoma Group 3	0.999265465	MB_G34_III	0.994186401	Medulloblastoma	0.991	Medulloblastoma, non-WNT/non-SHH, Group 3	0.989	MB G3 III	0.988
BS_EKJTEJAR	205648310089_R01C01	Medulloblastoma	0.999187212	Medulloblastoma Non-WNT/Non-SHH Activated	0.999075373	Medulloblastoma Group 4	0.997971726	MB_G34_VII	0.993767507	Medulloblastoma	0.991	Medulloblastoma, non-WNT/non-SHH, Group 4	0.989	MB G4 VII	0.988
BS_S26W7E5B	206430120102_R01C01	Medulloblastoma	0.981235712	Medulloblastoma, SHH-Activated	0.975424959	Medulloblastoma, SHH-Activated, Subtype 1	0.789114078	MB_SHH_1	0.789114078	Medulloblastoma	0.99	Medulloblastoma, SHH-activated	0.987	MB SHH 1	0.987
BS_4944BW5Y	207211180125_R06C01	Paediatric-Type Diffuse High-Grade Gliomas	0.99931649	Paediatric-Type Diffuse High-Grade Gliomas	0.999304156	Diffuse Hemispheric Glioma, H3 G34-Mutant	0.998899614	DHG_G34	0.998899614	Pediatric-type high-grade gliomas	0.987	Diffuse hemispheric glioma, H3 G34-mutant	0.986	DHG G34	0.986
BS_ZSKZPBHN	205707890151_R06C01	Control Tissues	0.994179838	Control Brain Tissues	0.994179836	Control Tissue, Cerebellar Hemisphere	0.99417983	CTRL_CBM	0.99417983	Low-grade glial/glioneuronal tumors	0.935	Pilocytic astrocytoma	0.935	PA PF VAR	0.934
BS_0E539XNH	205657390084_R07C01	Cranial And Paraspinal Nerve Tumours	0.96188443	Malignant Peripheral Nerve-Sheath Tumour	0.9613043	Malignant Peripheral Nerve Sheath Tumour [Spinal Or Atypical Type]	0.958690783	MPNST_ATYP	0.958690783	Mesenchymal tumors	0.988	Malignant peripheral nerve sheath tumor	0.985	MPNST ATYP	0.984
BS_MWTH7NNH	205657380093_R02C01	Ependymal Tumours	0.999601213	Posterior Fossa Ependymoma Group A	0.999542452	Posterior Fossa Ependymoma Group A1	0.999371277	EPN_PFA_1B	0.957212057	Ependymal tumors	0.989	Posterior fossa group A (PFA) ependymoma	0.817	EPN PFA 1B	0.594
BS_NHHQWHER	205122170033_R05C01	Paediatric-Type Diffuse High-Grade Gliomas	0.720724873	Paediatric-Type Diffuse High-Grade Gliomas	0.718075637	Diffuse Paediatric-Type High Grade Glioma, RTK1 Subtype	0.715813212	pedHGG_RTK1C	0.341848249	Pediatric-type high-grade gliomas	0.971	Diffuse pediatric-type high-grade glioma, H3-wildtype and IDH-wildtype	0.863	pedHGG RTK1A	0.576
BS_N6EPKXEX	206430120136_R01C01	Paediatric-Type Diffuse High-Grade Gliomas	0.977754287	Diffuse Midline Glioma, H3k27-Altered	0.976519781	Diffuse Midline Glioma, H3 K27-Mutant / EZHIP Overexpressing	0.975905726	DMG_K27	0.975905726	Diffuse midline glioma, H3 K27-altered	0.408	Diffuse midline glioma, H3 K27-altered	0.408	DMG K27	0.407
BS_0T1E1YBD	205657380125_R05C01	Low-Grade Glial/Glioneuronal/Neuroepithelial Tumours	0.779737267	Low-Grade Ganglioglial/Neuroepithelial Tumour	0.712817365	Ganglioglioma	0.45206013	GG	0.45206013	Low-grade glial/glioneuronal tumors	0.989	Ganglioglioma	0.984	GG	0.984
BS_BE7W6QKW	206430120113_R07C01	Central Neurocytoma	0.999101736	Central Neurocytoma	0.999101736	Central Neurocytoma	0.999101736	CN	0.999101736	Low-grade glial/glioneuronal tumors	0.988	Central neurocytoma	0.984	CN	0.984
BS_ASQSA9JQ	206402350044_R05C01	Paediatric-Type Diffuse High-Grade Gliomas	0.931263352	Diffuse Midline Glioma, H3k27-Altered	0.929324055	Diffuse Midline Glioma, H3 K27-Mutant / EZHIP Overexpressing	0.928934191	DMG_K27	0.928934191	Diffuse midline glioma, H3 K27-altered	0.455	Diffuse midline glioma, H3 K27-altered	0.455	DMG K27	0.455
BS_2ZBTJ8FB	206390560039_R06C01	Choroid Plexus Tumours	0.98713423	Choroid Plexus Tumours	0.98713423	Choroid Plexus Tumours Subtype B	0.584099559	CPT_PED_B	0.583530308	Choroid plexus tumors	0.988	Choroid plexus carcinoma	0.986	CPC PED	0.986
BS_WNGTPP3E	206390560063_R04C01	Choroid Plexus Tumours	0.9996389	Choroid Plexus Tumours	0.9996389	Choroid Plexus Tumours Subtype A	0.999598177	CPT_PED_A	0.999363279	Choroid plexus tumors	0.985	Choroid plexus papilloma	0.983	CPP PED	0.982
BS_48VF55QR	205567990085_R06C01	Low-Grade Glial/Glioneuronal/Neuroepithelial Tumours	0.999988933	Pilocytic Astrocytoma	0.999985763	Supratentorial Midline Pilocytic Astrocytoma	0.99996969	PA_MID	0.99996969	Low-grade glial/glioneuronal tumors	0.989	Pilocytic astrocytoma	0.988	PA MID	0.987
BS_BZHNA3TX	205707900165_R03C01	Ependymal Tumours	0.999982616	Supratentorial Ependymoma, ZFTA Fusion-Positive	0.999982608	Supratentorial Ependymoma, ZFTA Fusion-Positive	0.999982508	EPN_ST_ZFTA_FUS_E	0.999736169	Ependymal tumors	0.987	Supratentorial ependymoma, ZFTA fusion-positive	0.984	EPN ST ZFTA FUS E	0.984
BS_VHP15D6R	205657380177_R06C01	Medulloblastoma	0.651245107	Medulloblastoma, SHH-Activated	0.578639533	Medulloblastoma, SHH-Activated, Subtype 2	0.555095037	MB_SHH_2	0.555095037	Low-grade glial/glioneuronal tumors	0.989	Pilocytic astrocytoma	0.988	PA PF VAR	0.988
BS_3YAHMPSG	205624870153_R08C01	Adult-Type Diffuse Gliomas	0.654246031	Glioblastoma, IDH-Wildtype	0.65019481	Glioblastoma, IDH-Wildtype, RTK1 Type	0.647006024	GBM_RTK1	0.647006024	Pediatric-type high-grade gliomas	0.721	Diffuse pediatric-type high-grade glioma, H3-wildtype and IDH-wildtype	0.707	pedHGG RTK1A	0.69
BS_QJP4CS1Z	206390560075_R05C01	Control Tissues	0.984947997	Control Brain Tissues	0.984851743	Control Tissue, Hemispheric Cortex	0.984673957	CTRL_HEMI	0.984673957	Control tissues	0.925	Control tissue, cerebral hemisphere	0.911	CONTR HEMI	0.911
BS_YEJ0SYES	207356840032_R03C01	Control Tissues	0.981978808	Control Brain Tissues	0.98186321	Control Tissue, Hemispheric Cortex	0.981660808	CTRL_HEMI	0.981660808	Control tissues	0.804	Control tissue, cerebral hemisphere	0.789	CONTR HEMI	0.789
BS_J81C76DJ	205624900009_R04C01	Meningioma	0.999969434	Meningioma	0.999969434	Meningioma, Intermediate	0.999433153	MNG_INT_A	0.999391794	Meningioma	0.988	Meningioma, intermediate	0.987	MNG INT A	0.986
BS_HJ5C0C0M	205624860068_R02C01	Inflammatory Microenvironment	0.663077794	Inflammatory Microenvironment	0.663077794	Inflammatory Microenvironment	0.663077794	INFLAM_ENV	0.663077794	Control tissues	0.979	Control tissue, reactive tumor microenvironment	0.916	CONTR REACT	0.916
BS_RFJWSR7P	205676390109_R03C01	Paediatric-Type Diffuse High-Grade Gliomas	0.99869916	Diffuse Midline Glioma, H3k27-Altered	0.998672688	Diffuse Midline Glioma, H3 K27-Mutant / EZHIP Overexpressing	0.998669749	DMG_K27	0.998669749	Pediatric-type high-grade gliomas	0.782	H3 K27 and MAPK-altered glioma	0.753	H3K27 MAPK	0.753
BS_VPVFTP0X	205657380173_R02C01	Medulloblastoma	0.999953262	Medulloblastoma Non-WNT/Non-SHH Activated	0.99994861	Medulloblastoma Group 4	0.999934395	MB_G34_VII	0.985173864	Medulloblastoma	0.991	Medulloblastoma, non-WNT/non-SHH, Group 4	0.989	MB G4 VII	0.989
BS_Z3HT5NW8	206390560080_R04C01	Medulloblastoma	0.999798296	Medulloblastoma Non-WNT/Non-SHH Activated	0.999773023	Medulloblastoma Group 4	0.999751722	MB_G34_VIII	0.999603346	Medulloblastoma	0.991	Medulloblastoma, non-WNT/non-SHH, Group 4	0.989	MB G4 VIII	0.989
BS_EVTRECAK	205566000036_R07C01	Low-Grade Glial/Glioneuronal/Neuroepithelial Tumours	0.999999864	Pilocytic Astrocytoma	0.999999839	Supratentorial Midline Pilocytic Astrocytoma	0.9999998	PA_MID	0.9999998	Low-grade glial/glioneuronal tumors	0.989	Pilocytic astrocytoma	0.988	PA MID	0.987
BS_24JTRQVW	209890280173_R04C01	Low-Grade Glial/Glioneuronal/Neuroepithelial Tumours	0.991731742	Pilocytic Astrocytoma	0.988808719	Supratentorial Midline Pilocytic Astrocytoma	0.985680856	PA_MID	0.985680856	Low-grade glial/glioneuronal tumors	0.989	Pilocytic astrocytoma	0.987	PA MID	0.984
BS_YZ736WBP	206402350048_R06C01	Medulloblastoma	0.998109862	Medulloblastoma Non-WNT/Non-SHH Activated	0.99774707	Medulloblastoma Group 4	0.985193006	MB_G34_VII	0.958819024	Medulloblastoma	0.991	Medulloblastoma, non-WNT/non-SHH, Group 4	0.989	MB G4 VII	0.988
BS_8G3PYYR7	206402350061_R05C01	Medulloblastoma	0.99997137	Medulloblastoma Non-WNT/Non-SHH Activated	0.999968236	Medulloblastoma Group 4	0.999965584	MB_G34_VIII	0.999952354	Medulloblastoma	0.991	Medulloblastoma, non-WNT/non-SHH, Group 4	0.989	MB G4 VIII	0.989
BS_EMN3H5Y7	206430120162_R04C01	Choroid Plexus Tumours	0.993878184	Choroid Plexus Tumours	0.993878184	Choroid Plexus Tumours Subtype B	0.993620413	CPT_PED_B	0.993484102	Choroid plexus tumors	0.971	Choroid plexus carcinoma	0.97	CPC PED	0.969
BS_VZWB13M0	205589730005_R03C01	Low-Grade Glial/Glioneuronal/Neuroepithelial Tumours	0.997576893	Low-Grade Ganglioglial/Neuroepithelial Tumour	0.969111873	Supratentorial Pilocytic Astrocytoma	0.969084943	PA_CORT	0.969084943	Low-grade glial/glioneuronal tumors	0.989	Pilocytic astrocytoma	0.985	PA ST	0.981
BS_00WR8BY9	206402350085_R02C01	Low-Grade Glial/Glioneuronal/Neuroepithelial Tumours	0.360604187	Low-Grade Ganglioglial/Neuroepithelial Tumour	0.341244133	Desmoplastic Infantile Ganglioglioma/Astrocytoma	0.336567539	DIG_DIA	0.336567539	Control tissues	0.574	Control tissue, reactive tumor microenvironment	0.379	CONTR REACT	0.379
BS_9DRWBVV9	205707900008_R03C01	Ependymal Tumours	0.999932665	Posterior Fossa Ependymoma Group A	0.999922434	Posterior Fossa Ependymoma Group A2	0.999915303	EPN_PFA_2A	0.901286921	Ependymal tumors	0.989	Posterior fossa group A (PFA) ependymoma	0.987	EPN PFA 2A	0.986
BS_D18GZP8M	206430120130_R06C01	Medulloblastoma	0.999995127	Medulloblastoma Non-WNT/Non-SHH Activated	0.999994324	Medulloblastoma Group 3	0.999992897	MB_G34_II	0.999857046	Medulloblastoma	0.991	Medulloblastoma, non-WNT/non-SHH, Group 3	0.989	MB G3 II	0.989
BS_FBYXT186	205566000152_R04C01	Medulloblastoma	0.999930309	Medulloblastoma Non-WNT/Non-SHH Activated	0.999922708	Medulloblastoma Group 4	0.998826632	MB_G34_V	0.990131111	Medulloblastoma	0.991	Medulloblastoma, non-WNT/non-SHH, Group 4	0.989	MB G4 V	0.988
BS_7TVVA2PY	206430120130_R03C01	Control Tissues	0.999989932	Control Brain Tissues	0.999989932	Control Tissue, Cerebellar Hemisphere	0.999989932	CTRL_CBM	0.999989932	Control tissues	0.98	Control tissue, cerebellum	0.954	CONTR CEBM	0.954
BS_MZ9K49VT	205676390146_R08C01	Low-Grade Glial/Glioneuronal/Neuroepithelial Tumours	0.999999685	Pilocytic Astrocytoma	0.999999551	Supratentorial Midline Pilocytic Astrocytoma	0.999997758	PA_MID	0.999997758	Low-grade glial/glioneuronal tumors	0.99	Pilocytic astrocytoma	0.988	PA MID	0.987
BS_YYFTD7TP	205657380008_R01C01	Medulloblastoma	0.999998941	Medulloblastoma, WNT Activated	0.999995091	Medulloblastoma, WNT Activated	0.999995091	MB_WNT	0.999995091	Medulloblastoma	0.991	Medulloblastoma, WNT-activated	0.989	MB WNT	0.989
BS_3A7KKC1V	205707890087_R06C01	Inflammatory Microenvironment	0.999081264	Inflammatory Microenvironment	0.999081264	Inflammatory Microenvironment	0.999081264	INFLAM_ENV	0.999081264	Control tissues	0.983	Control tissue, inflammatory microenvironment	0.965	CONTR INFLAM	0.965
BS_486R313X	206430120148_R02C01	Ependymal Tumours	0.990907251	Spinal Ependymoma	0.985540303	Spinal Ependymoma, MYCN-Amplified	0.985539877	EPN_SPINE_MYCN	0.985539877	Ependymal tumors	0.988	Spinal ependymoma, MYCN-amplified	0.977	EPN SPINE MYCN	0.977
BS_6SRMM7XB	205648310172_R04C01	Low-Grade Glial/Glioneuronal/Neuroepithelial Tumours	0.998625015	Pilocytic Astrocytoma	0.995540971	Infratentorial Pilocytic Astrocytoma	0.984472511	PA_INF	0.984472511	Low-grade glial/glioneuronal tumors	0.989	Pilocytic astrocytoma	0.988	PA PF TYP	0.988
BS_ZD6HHEB7	205624860047_R02C01	Medulloblastoma	0.999955258	Medulloblastoma Non-WNT/Non-SHH Activated	0.99995033	Medulloblastoma Group 4	0.999946031	MB_G34_VIII	0.99992811	Medulloblastoma	0.991	Medulloblastoma, non-WNT/non-SHH, Group 4	0.989	MB G4 VIII	0.989
BS_3HHCHAMR	205657380092_R03C01	Low-Grade Glial/Glioneuronal/Neuroepithelial Tumours	0.792366111	Low-Grade Ganglioglial/Neuroepithelial Tumour	0.763683116	Ganglioglioma	0.706903343	GG	0.706903343	Low-grade glial/glioneuronal tumors	0.988	Ganglioglioma	0.985	GG	0.985
BS_YKWSNZ5A	205707900107_R08C01	Ependymal Tumours	0.994981493	Posterior Fossa Ependymoma Group A	0.994043142	Posterior Fossa Ependymoma Group A2	0.990663796	EPN_PFA_2B	0.524896051	Ependymal tumors	0.989	Posterior fossa group A (PFA) ependymoma	0.966	EPN PFA 2A	0.766
BS_DCWYQZP6	205676390068_R01C01	Diffuse Glioma, Mapk Altered, Cell-Cycle Activated	0.924620512	Pleomorphic Xanthoastrocytoma(-Like)	0.924475183	Pleomorphic Xanthoastrocytoma(-Like)	0.924475183	PXA	0.924475183	Intermediate-grade IDH-wildtype gliomas	0.987	Pleomorphic xanthoastrocytoma	0.985	PXA	0.985
BS_8F7WDEQT	207356840127_R08C01	Control Tissues	0.734265974	Control Brain Tissues	0.734263112	Control Tissue, Cerebellar Hemisphere	0.734248292	CTRL_CBM	0.734248292	Low-grade glial/glioneuronal tumors	0.914	Pilocytic astrocytoma	0.914	PA PF VAR	0.913
BS_FT0Z4CC0	205624900169_R07C01	Paediatric-Type Diffuse High-Grade Gliomas	0.244851338	Infant-Type Hemispheric Glioma	0.173075104	Infant-Type Hemispheric Glioma	0.173075104	IHG	0.173075104	Low-grade glial/glioneuronal tumors	0.351	Ganglioglioma	0.218	GG	0.218
BS_4EVPB21G	205657380110_R05C01	Germ Cell Tumours	0.912344265	Germ Cell Tumours Of The CNS	0.912344265	Germinoma	0.911803484	GCT_GERM_KIT	0.911491867	Other tumors	0.123	Germinoma	0.078	GCT GERM	0.078
BS_RCZ5BEXW	205624900111_R05C01	Germ Cell Tumours	0.99791022	Germ Cell Tumours Of The CNS	0.99791022	Germinoma	0.997902821	GCT_GERM_KIT	0.997901971	Other tumors	0.983	Germinoma	0.982	GCT GERM	0.982
BS_6MFWTW8V	206390560021_R06C01	Control Tissues	0.34301122	Control Brain Tissues	0.340147797	Control Tissue, Hypothalamus	0.200386666	CTRL_HYPOTHAL	0.200386666	Low-grade glial/glioneuronal tumors	0.568	Pilocytic astrocytoma	0.289	PA PF TYP	0.19
BS_QZG0024B	205657380065_R02C01	Low-Grade Glial/Glioneuronal/Neuroepithelial Tumours	0.999869308	Pilocytic Astrocytoma	0.999484343	Infratentorial Pilocytic Astrocytoma	0.999231726	PA_INF	0.999231726	Low-grade glial/glioneuronal tumors	0.989	Pilocytic astrocytoma	0.988	PA PF TYP	0.988
BS_A6DNEZ3B	206390560075_R04C01	Control Tissues	0.991356234	Control Brain Tissues	0.991301175	Control Tissue, Hemispheric Cortex	0.991199551	CTRL_HEMI	0.991199551	Control tissues	0.939	Control tissue, cerebral hemisphere	0.925	CONTR HEMI	0.925
BS_C7X0GZHB	205624900113_R07C01	Low-Grade Glial/Glioneuronal/Neuroepithelial Tumours	0.904210911	Low-Grade Glioneuronal Tumour	0.873603724	Myxoid Glioneuronal Tumour, PDGFRA-Mutant	0.666019894	MYXGNT	0.666019894	Low-grade glial/glioneuronal tumors	0.987	Dysembryoplastic neuroepithelial tumor	0.624	DNT	0.624
BS_S3MQGNEQ	206390560049_R08C01	Mesenchymal, Non-Meningothelial Tumours Involving The CNS	0.148396286	Malignant Peripheral Nerve-Sheath Tumour	0.112857376	Malignant Peripheral Nerve Sheath Tumour [Spinal Or Atypical Type]	0.106049562	MPNST_ATYP	0.106049562	Mesenchymal tumors	0.977	Chondrosarcoma	0.463	CSA GROUP B	0.155
BS_QYH73D6M	206402350057_R02C01	Control Tissues	0.999261878	Control Brain Tissues	0.999261877	Control Tissue, Cerebellar Hemisphere	0.999261877	CTRL_CBM	0.999261877	Control tissues	0.524	Control tissue, cerebellum	0.5	CONTR CEBM	0.5
BS_Y73NVFF4	205624900074_R05C01	Control Tissues	0.447979709	Control Tissue, Reactive Tumour Microenvironment	0.443596708	Control Tissue, Reactive Tumour Microenvironment	0.443596708	CTRL_REACTIVE	0.443596708	Low-grade glial/glioneuronal tumors	0.764	Pilocytic astrocytoma	0.743	PA PF TYP	0.728
BS_JMGPEWPD	206390560073_R06C01	Control Tissues	0.955725605	Control Tissue, Reactive Tumour Microenvironment	0.9556795	Control Tissue, Reactive Tumour Microenvironment	0.9556795	CTRL_REACTIVE	0.9556795	Low-grade glial/glioneuronal tumors	0.507	Pilocytic astrocytoma	0.472	PA MID	0.421
BS_DD7N93KE	205122170009_R03C01	Medulloblastoma	0.675768092	Medulloblastoma, SHH-Activated	0.629399207	Medulloblastoma, SHH-Activated, Subtype 2	0.483647697	MB_SHH_2	0.483647697	Medulloblastoma	0.295	Medulloblastoma, SHH-activated	0.207	MB SHH 2	0.206
BS_9THYN9W6	205657380125_R06C01	Paediatric-Type Diffuse High-Grade Gliomas	0.999566886	Diffuse Midline Glioma, H3k27-Altered	0.999554392	Diffuse Midline Glioma, H3 K27-Mutant / EZHIP Overexpressing	0.999549229	DMG_K27	0.999549229	Diffuse midline glioma, H3 K27-altered	0.987	Diffuse midline glioma, H3 K27-altered	0.987	DMG K27	0.987
BS_QATZJBWR	206402350086_R04C01	Medulloblastoma	0.999998034	Medulloblastoma, WNT Activated	0.999992424	Medulloblastoma, WNT Activated	0.999992424	MB_WNT	0.999992424	Medulloblastoma	0.991	Medulloblastoma, WNT-activated	0.988	MB WNT	0.988
BS_DJJGF4GB	206402350087_R03C01	Germ Cell Tumours	0.232030213	Germ Cell Tumours Of The CNS	0.232030213	(Immature) Teratoma	0.228003453	GCT_TERA	0.228003453	Mesenchymal tumors	0.97	Plexiform neurofibroma	0.42	NFIB PLEX	0.42
BS_YJZKM7PD	206402350044_R01C01	Ependymal Tumours	0.967364121	Posterior Fossa Ependymoma Group A	0.961252351	Posterior Fossa Ependymoma Group A1	0.953231767	EPN_PFA_1F	0.851175937	Ependymal tumors	0.989	Posterior fossa group A (PFA) ependymoma	0.984	EPN PFA 1F	0.98
BS_JDH4Y21W	206390560131_R06C01	Low-Grade Glial/Glioneuronal/Neuroepithelial Tumours	0.999988744	Low-Grade Glioneuronal Tumour	0.999985118	Dysembryoplastic Neuroepithelial Tumour	0.998321276	DNET	0.998321276	Low-grade glial/glioneuronal tumors	0.99	Dysembryoplastic neuroepithelial tumor	0.987	DNT	0.987
BS_80JJQ4NG	205624860155_R05C01	Low-Grade Glial/Glioneuronal/Neuroepithelial Tumours	0.999999595	Pilocytic Astrocytoma	0.999998871	Infratentorial Pilocytic Astrocytoma	0.999998812	PA_INF	0.999998812	Low-grade glial/glioneuronal tumors	0.99	Pilocytic astrocytoma	0.988	PA PF TYP	0.988
BS_6KRWM6Q5	205707900078_R08C01	Ependymal Tumours	0.99998173	Supratentorial Ependymoma, ZFTA Fusion-Positive	0.999981561	Supratentorial Ependymoma, ZFTA:rela Fusion-Positive	0.999974463	EPN_ST_ZFTA_RELA_B	0.999974302	Ependymal tumors	0.989	Supratentorial ependymoma, ZFTA fusion-positive	0.988	EPN ST ZFTA RELA	0.988
BS_XZR4A4KT	206402350130_R03C01	Ependymal Tumours	0.994052353	Posterior Fossa Ependymoma Group A	0.990072487	Posterior Fossa Ependymoma Group A1	0.984317072	EPN_PFA_1C	0.91556907	Ependymal tumors	0.989	Posterior fossa group A (PFA) ependymoma	0.988	EPN PFA 1C	0.987
BS_S2XWRWNT	205707900087_R07C01	Ependymal Tumours	0.99998431	Supratentorial Ependymoma, ZFTA Fusion-Positive	0.999965999	Supratentorial Ependymoma, ZFTA:rela Fusion-Positive	0.999903612	EPN_ST_ZFTA_RELA_A	0.999902644	Ependymal tumors	0.989	Supratentorial ependymoma, ZFTA fusion-positive	0.987	EPN ST ZFTA RELA	0.987
BS_3NB5W9V8	206390560103_R03C01	Low-Grade Glial/Glioneuronal/Neuroepithelial Tumours	0.998771167	Low-Grade Glioneuronal Tumour	0.998641992	Dysembryoplastic Neuroepithelial Tumour	0.965447137	DNET	0.965447137	Low-grade glial/glioneuronal tumors	0.99	Dysembryoplastic neuroepithelial tumor	0.987	DNT	0.987
BS_JBD3YX7T	206390560183_R07C01	Inflammatory Microenvironment	0.555008563	Inflammatory Microenvironment	0.555008563	Inflammatory Microenvironment	0.555008563	INFLAM_ENV	0.555008563	Mesenchymal tumors	0.401	Poorly differentiated chordoma	0.373	CHORDM PD	0.373
BS_CJ9FZSK4	206390560103_R05C01	Control Tissues	0.843202617	Control Brain Tissues	0.838502006	Control Tissue, Hemispheric Cortex	0.836709993	CTRL_HEMI	0.836709993	Low-grade glial/glioneuronal tumors	0.506	Ganglioglioma	0.487	GG	0.487
BS_3ST1V7JB	205624900107_R01C01	Ependymal Tumours	0.999751941	Posterior Fossa Ependymoma Group A	0.999707996	Posterior Fossa Ependymoma Group A1	0.999582633	EPN_PFA_1D	0.807122734	Ependymal tumors	0.989	Posterior fossa group A (PFA) ependymoma	0.985	EPN PFA 1D	0.981
BS_BWY9FK7V	205567990085_R07C01	Medulloblastoma	0.999753989	Medulloblastoma Non-WNT/Non-SHH Activated	0.99971838	Medulloblastoma Group 4	0.988319095	MB_G34_V	0.986788422	Medulloblastoma	0.991	Medulloblastoma, non-WNT/non-SHH, Group 4	0.986	MB G4 V	0.984
BS_3Y6PF79N	206430120148_R07C01	Medulloblastoma	0.495907532	Medulloblastoma, SHH-Activated	0.389352196	Medulloblastoma, SHH-Activated, Subtype 2	0.321226547	MB_SHH_2	0.321226547	Low-grade glial/glioneuronal tumors	0.657	Pilocytic astrocytoma	0.655	PA PF VAR	0.653
BS_V9R0SQ4W	205707900165_R06C01	Low-Grade Glial/Glioneuronal/Neuroepithelial Tumours	0.964383058	Pilocytic Astrocytoma	0.904194299	Supratentorial Midline Pilocytic Astrocytoma	0.79153631	PA_MID	0.79153631	Low-grade glial/glioneuronal tumors	0.99	Pilocytic astrocytoma	0.981	PA MID	0.973
BS_W4PY86FE	206402350106_R04C01	Circumscribed Astrocytic Tumours	0.16626811	Subependymal Giant Cell Astrocytoma	0.164898925	Subependymal Giant Cell Astrocytoma	0.164898925	SEGA	0.164898925	Mesenchymal tumors	0.966	Intracranial mesenchymal tumor, FET:CREB fusion-positive	0.317	ICMT A	0.314
BS_NPKXNBTD	205624860047_R08C01	Medulloblastoma	0.999703982	Medulloblastoma Non-WNT/Non-SHH Activated	0.999664345	Medulloblastoma Group 4	0.999626134	MB_G34_VIII	0.998920843	Medulloblastoma	0.991	Medulloblastoma, non-WNT/non-SHH, Group 4	0.989	MB G4 VIII	0.989
BS_4K78K3MB	207356840047_R05C01	Paediatric-Type Diffuse High-Grade Gliomas	0.990876201	Diffuse Midline Glioma, H3k27-Altered	0.990518596	Diffuse Midline Glioma, H3 K27-Mutant / EZHIP Overexpressing	0.990261387	DMG_K27	0.990261387	Diffuse midline glioma, H3 K27-altered	0.495	Diffuse midline glioma, H3 K27-altered	0.495	DMG K27	0.495
BS_05QV0A71	206390560168_R04C01	Paediatric-Type Diffuse High-Grade Gliomas	0.856528677	Diffuse Midline Glioma, H3k27-Altered	0.820569774	Diffuse Midline Glioma, H3 K27-Mutant / EZHIP Overexpressing	0.820405415	DMG_K27	0.820405415	Diffuse midline glioma, H3 K27-altered	0.404	Diffuse midline glioma, H3 K27-altered	0.404	DMG K27	0.404
BS_W6T4RR41	205657380110_R04C01	Cranial And Paraspinal Nerve Tumours	0.97865707	Cranial And Paraspinal Nerve Tumours	0.756532552	Plexiform Neurofibroma	0.755035051	NFIB_PLEX	0.755035051	Mesenchymal tumors	0.987	Plexiform neurofibroma	0.89	NFIB PLEX	0.89
BS_DDYSX4FD	205982900155_R07C01	Medulloblastoma	0.999280824	Medulloblastoma Non-WNT/Non-SHH Activated	0.999191385	Medulloblastoma Group 3	0.997540013	MB_G34_III	0.890504103	Medulloblastoma	0.991	Medulloblastoma, non-WNT/non-SHH, Group 3	0.988	MB G3 III	0.988
BS_YRQG3GVC	206390560080_R06C01	Paediatric-Type Diffuse High-Grade Gliomas	0.484478758	Paediatric-Type Diffuse High-Grade Gliomas	0.437551166	Diffuse Paediatric-Type High Grade Glioma, RTK1 Subtype	0.265847288	pedHGG_RTK1A	0.229205417	Pediatric-type high-grade gliomas	0.985	Diffuse pediatric-type high-grade glioma, H3-wildtype and IDH-wildtype	0.866	pedHGG RTK1A	0.764
BS_FCZFRA6G	205624900061_R08C01	Other CNS Embryonal Tumours	0.999884825	CNS Neuroblastoma, FOXR2-Altered	0.999879571	CNS Neuroblastoma, FOXR2-Altered	0.999879571	CNS_NB_FOXR2	0.999879571	CNS neuroblastoma, FOXR2-altered and DGONC	0.987	CNS neuroblastoma, FOXR2-activated	0.987	CNS NB FOXR2	0.987
BS_FKX650EV	205589730146_R08C01	Medulloblastoma	0.638719897	Medulloblastoma, SHH-Activated	0.489759586	Medulloblastoma, SHH-Activated, Subtype 2	0.448964135	MB_SHH_2	0.448964135	Low-grade glial/glioneuronal tumors	0.989	Pilocytic astrocytoma	0.988	PA PF VAR	0.987
BS_Z0KPQPN2	205624900160_R07C01	Low-Grade Glial/Glioneuronal/Neuroepithelial Tumours	0.307838413	Low-Grade Ganglioglial/Neuroepithelial Tumour	0.224283355	Ganglioglioma	0.201224691	GG	0.201224691	Low-grade glial/glioneuronal tumors	0.442	Ganglioglioma	0.3	GG	0.3
BS_KK4AMP03	205676390163_R03C01	Low-Grade Glial/Glioneuronal/Neuroepithelial Tumours	0.999999072	Low-Grade Glioneuronal Tumour	0.999998999	Rosette-Forming Glioneuronal Tumour	0.999995247	RGNT	0.999995247	Low-grade glial/glioneuronal tumors	0.989	Rosette-forming glioneuronal tumor	0.9	RGNT	0.9
BS_VQGR0D61	206390560100_R06C01	Other CNS Embryonal Tumours	0.990823427	Atypical Teratoid Rhabdoid Tumour	0.990318202	Atypical Teratoid Rhabdoid Tumour, MYC Activated	0.989112912	ATRT_MYC	0.989112912	SMARC-altered tumors	0.984	Atypical teratoid/rhabdoid tumor	0.984	ATRT MYC	0.982
BS_XERG58K3	205566000166_R08C01	Control Tissues	0.309611831	Control Tissue, Reactive Tumour Microenvironment	0.305530892	Control Tissue, Reactive Tumour Microenvironment	0.305530892	CTRL_REACTIVE	0.305530892	Low-grade glial/glioneuronal tumors	0.414	Pilocytic astrocytoma	0.213	PA ST	0.123
BS_ZS0NAJHV	205624900023_R01C01	Paediatric-Type Diffuse High-Grade Gliomas	0.998401066	Infant-Type Hemispheric Glioma	0.99809491	Infant-Type Hemispheric Glioma	0.99809491	IHG	0.99809491	Pediatric-type high-grade gliomas	0.987	Infant-type hemispheric glioma	0.985	IHG TYP	0.984
BS_H02YPQTK	205657380065_R03C01	Cranial And Paraspinal Nerve Tumours	0.999757526	Schwann-Cell Tumours	0.999745168	Schwannoma	0.999331062	SCHW	0.999331062	Mesenchymal tumors	0.989	Schwannoma	0.987	SCHW	0.987
BS_H66ZV62C	206430120138_R03C01	Adult-Type Diffuse Gliomas	0.995183352	Diffuse Glioma, IDH Mutant	0.994685549	Diffuse Glioma, IDH-Mutant And 1p19q Retained [Astroglial Type]	0.993681673	A_IDH_HG	0.992860032	Diffuse midline glioma, H3 K27-altered	0.56	Diffuse midline glioma, H3 K27-altered	0.56	DMG K27	0.56
BS_85NJ8086	205707890153_R05C01	Ependymal Tumours	0.999774259	Posterior Fossa Ependymoma Group A	0.999623813	Posterior Fossa Ependymoma Group A1	0.999253303	EPN_PFA_1C	0.996721437	Ependymal tumors	0.989	Posterior fossa group A (PFA) ependymoma	0.988	EPN PFA 1C	0.988
BS_ABMPSB4H	206390560080_R05C01	Medulloblastoma	0.999982475	Medulloblastoma, SHH-Activated	0.999978144	Medulloblastoma, SHH-Activated, Subtype 1	0.998566662	MB_SHH_1	0.998566662	Medulloblastoma	0.99	Medulloblastoma, SHH-activated	0.988	MB SHH 1	0.988
BS_6D06KM64	207356840047_R01C01	Paediatric-Type Diffuse High-Grade Gliomas	0.999169353	Diffuse Midline Glioma, H3k27-Altered	0.999151921	Diffuse Midline Glioma, H3 K27-Mutant / EZHIP Overexpressing	0.999141495	DMG_K27	0.999141495	Diffuse midline glioma, H3 K27-altered	0.985	Diffuse midline glioma, H3 K27-altered	0.985	DMG K27	0.985
BS_HR4P2SYZ	206402350054_R01C01	Paediatric-Type Diffuse High-Grade Gliomas	0.999787079	Diffuse Midline Glioma, H3k27-Altered	0.999786533	Diffuse Midline Glioma, H3 K27-Mutant / EZHIP Overexpressing	0.999786422	DMG_K27	0.999786422	Diffuse midline glioma, H3 K27-altered	0.986	Diffuse midline glioma, H3 K27-altered	0.986	DMG K27	0.986
BS_S0CRDFF4	205624870061_R03C01	Circumscribed Astrocytic Tumours	0.994903784	Subependymal Giant Cell Astrocytoma	0.994872984	Subependymal Giant Cell Astrocytoma	0.994872984	SEGA	0.994872984	Low-grade glial/glioneuronal tumors	0.987	Subependymal giant cell astrocytoma	0.985	SEGA	0.985
BS_8K4E6C7A	205624860120_R04C01	Control Tissues	0.999465687	Control Brain Tissues	0.999463846	Control Tissue, White Matter (Corpus Callosum)	0.999419224	CTRL_CORPCAL	0.999419224	Control tissues	0.984	Control tissue, corpus callosum	0.966	CONTR CORPCAL	0.966
BS_K1FS94Y6	206402350117_R01C01	Medulloblastoma	0.999116253	Medulloblastoma Non-WNT/Non-SHH Activated	0.999026504	Medulloblastoma Group 3	0.998438197	MB_G34_III	0.666061512	Medulloblastoma	0.991	Medulloblastoma, non-WNT/non-SHH, Group 3	0.947	MB G3 II	0.682
BS_RREMNJJB	206402350045_R03C01	Paediatric-Type Diffuse High-Grade Gliomas	0.994397638	Paediatric-Type Diffuse High-Grade Gliomas	0.994306558	Diffuse Paediatric-Type High Grade Glioma, H3 Wildtype And IDH Wild Type, Subtype A\&B (Novel)	0.993962576	pedHGG_A	0.993824036	Pediatric-type high-grade gliomas	0.627	Diffuse pediatric-type high-grade glioma, H3-wildtype and IDH-wildtype	0.251	pedHGG A	0.096
BS_RQ6FB1AF	207356840106_R03C01	Adult-Type Diffuse Gliomas	0.814499915	Diffuse Glioma, IDH Mutant	0.806297366	Diffuse Glioma, IDH-Mutant And 1p19q Retained [Astroglial Type]	0.763754911	A_IDH_LG	0.718982339	Diffuse glioma, IDH-mutant	0.948	Astrocytoma, IDH-mutant, lower-grade	0.944	A IDH LG	0.944
BS_YXXWVEYJ	205624900023_R08C01	Paediatric-Type Diffuse High-Grade Gliomas	0.999275233	Diffuse Midline Glioma, H3k27-Altered	0.999248538	Diffuse Midline Glioma, H3 K27-Mutant / EZHIP Overexpressing	0.99924562	DMG_K27	0.99924562	Diffuse midline glioma, H3 K27-altered	0.986	Diffuse midline glioma, H3 K27-altered	0.986	DMG K27	0.985
BS_11DEB1E0	205657390087_R03C01	Low-Grade Glial/Glioneuronal/Neuroepithelial Tumours	0.994214365	Pilocytic Astrocytoma	0.990343305	Infratentorial Pilocytic Astrocytoma	0.978368254	PA_INF	0.978368254	Low-grade glial/glioneuronal tumors	0.989	Pilocytic astrocytoma	0.988	PA PF TYP	0.988
BS_8N9533VT	206402350044_R07C01	Paediatric-Type Diffuse High-Grade Gliomas	0.884730836	Diffuse Midline Glioma, H3k27-Altered	0.864291753	Diffuse Midline Glioma, H3 K27-Altered, Subtype EGFR-Altered	0.500329166	DMG_EGFR	0.500329166	Diffuse midline glioma, H3 K27-altered	0.711	Diffuse midline glioma, H3 K27-altered	0.711	DMG K27	0.689
BS_XX681CXV	206430120018_R05C01	Low-Grade Glial/Glioneuronal/Neuroepithelial Tumours	0.995805907	Pilocytic Astrocytoma	0.979772188	Supratentorial Midline Pilocytic Astrocytoma	0.975677213	PA_MID	0.975677213	Low-grade glial/glioneuronal tumors	0.989	Pilocytic astrocytoma	0.986	PA MID	0.983
BS_5F49NFW9	206390560100_R04C01	Meningioma	0.385358394	Meningioma	0.385358394	Meningioma, Benign	0.366749444	MNG_BEN_1	0.323249782	Mesenchymal tumors	0.833	Intracranial mesenchymal tumor, FET:CREB fusion-positive	0.231	ICMT A	0.228
BS_3Y60588F	206430120135_R06C01	Paediatric-Type Diffuse High-Grade Gliomas	0.999730763	Infant-Type Hemispheric Glioma	0.999718031	Infant-Type Hemispheric Glioma	0.999718031	IHG	0.999718031	Pediatric-type high-grade gliomas	0.985	Infant-type hemispheric glioma	0.983	IHG TYP	0.983
BS_DW18MWN8	206402350019_R06C01	Ependymal Tumours	0.999971435	Spinal Ependymoma (myxopapillary-enriched)	0.999954554	Spinal Ependymoma (myxopapillary-enriched)	0.999954554	EPN_MPE	0.999954554	Ependymal tumors	0.989	Myxopapillary ependymoma	0.983	EPN MPE B	0.983
BS_NX9DC0TN	205589730005_R05C01	Low-Grade Glial/Glioneuronal/Neuroepithelial Tumours	0.999992633	Pilocytic Astrocytoma	0.99998454	Infratentorial Pilocytic Astrocytoma	0.999901429	PA_INF	0.999901429	Low-grade glial/glioneuronal tumors	0.99	Pilocytic astrocytoma	0.988	PA PF TYP	0.988
BS_P4YHVCZW	205624900133_R02C01	Control Tissues	0.572695186	Control Tissue, Reactive Tumour Microenvironment	0.568458701	Control Tissue, Reactive Tumour Microenvironment	0.568458701	CTRL_REACTIVE	0.568458701	Low-grade glial/glioneuronal tumors	0.985	Pilocytic astrocytoma	0.975	PA PF TYP	0.968
BS_2HBXV5K6	205624660018_R04C01	Control Tissues	0.999821522	Control Brain Tissues	0.999821022	Control Tissue, Hemispheric Cortex	0.999814346	CTRL_HEMI	0.999814346	Control tissues	0.955	Control tissue, cerebral hemisphere	0.903	CONTR HEMI	0.903
BS_BV9N9E63	205624880007_R06C01	Diffuse Glioma, Mapk Altered, Cell-Cycle Activated	0.997275417	Pleomorphic Xanthoastrocytoma(-Like)	0.997272514	Pleomorphic Xanthoastrocytoma(-Like)	0.997272514	PXA	0.997272514	Intermediate-grade IDH-wildtype gliomas	0.985	Pleomorphic xanthoastrocytoma	0.983	PXA	0.983
BS_WZY641ZC	205648310151_R08C01	Low-Grade Glial/Glioneuronal/Neuroepithelial Tumours	0.999907331	Pilocytic Astrocytoma	0.999751706	Infratentorial Pilocytic Astrocytoma	0.999735589	PA_INF	0.999735589	Low-grade glial/glioneuronal tumors	0.989	Pilocytic astrocytoma	0.989	PA PF TYP	0.988
BS_F72KQ8DM	207356840032_R04C01	Paediatric-Type Diffuse High-Grade Gliomas	0.297262766	Infant-Type Hemispheric Glioma	0.151816442	Infant-Type Hemispheric Glioma	0.151816442	IHG	0.151816442	Pediatric-type high-grade gliomas	0.482	Infant-type hemispheric glioma	0.442	IHG TYP	0.441
BS_S0MW751E	205707900087_R03C01	Low-Grade Glial/Glioneuronal/Neuroepithelial Tumours	0.973080133	Low-Grade Ganglioglial/Neuroepithelial Tumour	0.560002264	Supratentorial Pilocytic Astrocytoma	0.559558678	PA_CORT	0.559558678	Low-grade glial/glioneuronal tumors	0.99	Pilocytic astrocytoma	0.973	PA ST	0.956
BS_EY0NRDDP	206402350029_R04C01	Paediatric-Type Diffuse High-Grade Gliomas	0.271383622	Paediatric-Type Diffuse High-Grade Gliomas	0.193643189	Diffuse Paediatric-Type High Grade Glioma, H3 Wildtype And IDH Wild Type, Subtype A\&B (Novel)	0.104439864	pedHGG_A	0.101864185	Pediatric-type high-grade gliomas	0.845	H3 K27 and MAPK-altered glioma	0.377	H3K27 MAPK	0.201
BS_76MPTPTA	205648310172_R02C01	Choroid Plexus Tumours	0.999998519	Choroid Plexus Tumours	0.999998519	Choroid Plexus Tumours Subtype A	0.99999848	CPT_AD_A	0.999996691	Choroid plexus tumors	0.979	Choroid plexus papilloma	0.978	CPP AD	0.977
BS_VTA6ZNX3	206430120132_R03C01	Medulloblastoma	0.992931954	Medulloblastoma Non-WNT/Non-SHH Activated	0.991712706	Medulloblastoma Group 4	0.955693569	MB_G34_V	0.648677649	Medulloblastoma	0.991	Medulloblastoma, non-WNT/non-SHH, Group 4	0.989	MB G4 V	0.988
BS_0JV00K8V	205122170033_R06C01	Ependymal Tumours	0.997600635	Supratentorial Ependymoma, ZFTA Fusion-Positive	0.996735971	Supratentorial Ependymoma, ZFTA:rela Fusion-Positive	0.995381284	EPN_ST_ZFTA_RELA_A	0.995322436	Ependymal tumors	0.988	Supratentorial ependymoma, ZFTA fusion-positive	0.984	EPN ST ZFTA RELA	0.984
BS_FJKZ7952	205648310114_R05C01	Ependymal Tumours	0.9997233	Posterior Fossa Ependymoma Group A	0.999681126	Posterior Fossa Ependymoma Group A1	0.999555477	EPN_PFA_1A	0.992149149	Ependymal tumors	0.989	Posterior fossa group A (PFA) ependymoma	0.988	EPN PFA 1A	0.987
BS_X08QR472	205707900164_R01C01	Inflammatory Microenvironment	0.891725654	Inflammatory Microenvironment	0.891725654	Inflammatory Microenvironment	0.891725654	INFLAM_ENV	0.891725654	Control tissues	0.888	Control tissue, inflammatory microenvironment	0.662	CONTR INFLAM	0.662
BS_RVY6BQ0A	205648310089_R05C01	Low-Grade Glial/Glioneuronal/Neuroepithelial Tumours	0.999983611	Diffuse Glioma, MYB- Or MYBl1-Altered	0.99998298	Diffuse Glioma, MYB(L1)-Altered, Subtype A [Angiocentric Glioma-Type]	0.999981532	AG_MYB	0.999981532	Low-grade glial/glioneuronal tumors	0.989	Angiocentric glioma, MYB- or MYBL1-altered	0.987	AG MYB	0.987
BS_8JXYP5CV	205624860143_R08C01	Cranial And Paraspinal Nerve Tumours	0.997244253	Schwann-Cell Tumours	0.997125499	Schwannoma	0.996554543	SCHW	0.996554543	Mesenchymal tumors	0.989	Schwannoma	0.987	SCHW	0.987
BS_XWAT4JQM	205624880007_R02C01	Paediatric-Type Diffuse High-Grade Gliomas	0.999929597	Diffuse Midline Glioma, H3k27-Altered	0.999929537	Diffuse Midline Glioma, H3 K27-Mutant / EZHIP Overexpressing	0.999929536	DMG_K27	0.999929536	Diffuse midline glioma, H3 K27-altered	0.987	Diffuse midline glioma, H3 K27-altered	0.987	DMG K27	0.987
BS_QDSXSXWG	206430120112_R01C01	Paediatric-Type Diffuse High-Grade Gliomas	0.965261783	Paediatric-Type Diffuse High-Grade Gliomas	0.962730943	Diffuse Paediatric-Type High Grade Glioma, MYCN Subtype	0.959855046	pedHGG_MYCN	0.959855046	Intermediate-grade IDH-wildtype gliomas	0.857	Pleomorphic xanthoastrocytoma	0.855	PXA	0.855
BS_2B34TR4C	206390560188_R02C01	Medulloblastoma	0.990340446	Medulloblastoma Non-WNT/Non-SHH Activated	0.98883250600000006	Medulloblastoma Group 4	0.868900916	MB_G34_VII	0.313921915	Medulloblastoma	0.991	Medulloblastoma, non-WNT/non-SHH, Group 4	0.665	MB G4 VII	0.428
BS_4S5HJM6P	205589740019_R06C01	Low-Grade Glial/Glioneuronal/Neuroepithelial Tumours	0.999717189	Low-Grade Ganglioglial/Neuroepithelial Tumour	0.999162601	Supratentorial Pilocytic Astrocytoma	0.999115078	PA_CORT	0.999115078	Low-grade glial/glioneuronal tumors	0.99	Pilocytic astrocytoma	0.628	PA ST	0.578
BS_DKTVT34S	205676390173_R04C01	Ependymal Tumours	0.999469873	Supratentorial Ependymoma, ZFTA Fusion-Positive	0.999248359	Supratentorial Ependymoma, ZFTA:rela Fusion-Positive	0.998705792	EPN_ST_ZFTA_RELA_A	0.998682537	Ependymal tumors	0.988	Supratentorial ependymoma, ZFTA fusion-positive	0.985	EPN ST ZFTA RELA	0.985
BS_W57KS1XE	205624900117_R03C01	Paediatric-Type Diffuse High-Grade Gliomas	0.668159581	Paediatric-Type Diffuse High-Grade Gliomas	0.621988054	Diffuse Paediatric-Type High Grade Glioma, MYCN Subtype	0.588376032	pedHGG_MYCN	0.588376032	Pediatric-type high-grade gliomas	0.982	Diffuse pediatric-type high-grade glioma, H3-wildtype and IDH-wildtype	0.97	pedHGG MYCN	0.961
BS_98S645ES	205624900117_R06C01	Neuroepithelial Tumour With PATZ1 Fusion	0.999771671	Neuroepithelial Tumour With PATZ1 Fusion	0.999771671	Neuroepithelial Tumour With PATZ1 Fusion	0.999771671	NET_PATZ1	0.999771671	Neuroblastic embryonal tumors	0.953	CNS tumor with PATZ1 fusion	0.949	CNS PATZ1 FUS	0.949
BS_1KCV4WMQ	205624900100_R04C01	Ependymal Tumours	0.999596232	Posterior Fossa Ependymoma Group A	0.999544777	Posterior Fossa Ependymoma Group A1	0.999397475	EPN_PFA_1A	0.981275986	Ependymal tumors	0.989	Posterior fossa group A (PFA) ependymoma	0.987	EPN PFA 1A	0.986
BS_TW395V33	206402350041_R05C01	Medulloblastoma	0.999999123	Medulloblastoma, WNT Activated	0.99999635	Medulloblastoma, WNT Activated	0.99999635	MB_WNT	0.99999635	Medulloblastoma	0.991	Medulloblastoma, WNT-activated	0.989	MB WNT	0.989
BS_AYVAZ31P	205657380177_R08C01	Low-Grade Glial/Glioneuronal/Neuroepithelial Tumours	0.999896968	Pilocytic Astrocytoma	0.999610542	Infratentorial Pilocytic Astrocytoma	0.999487997	PA_INF	0.999487997	Low-grade glial/glioneuronal tumors	0.99	Pilocytic astrocytoma	0.989	PA PF TYP	0.988
BS_AHHP55VR	205707900165_R04C01	Choroid Plexus Tumours	0.904803251	Choroid Plexus Tumours	0.904803251	Choroid Plexus Tumours Subtype B	0.853419388	CPT_PED_B	0.849733111	Choroid plexus tumors	0.982	Choroid plexus carcinoma	0.981	CPC PED	0.98
BS_J48Y28VV	206390560038_R04C01	Adult-Type Diffuse Gliomas	0.997961915	Diffuse Glioma, IDH Mutant	0.997836652	Diffuse Glioma, IDH-Mutant And 1p19q Retained [Astroglial Type]	0.993159665	A_IDH_HG	0.72005925	Diffuse glioma, IDH-mutant	0.988	Astrocytoma, IDH-mutant, high-grade	0.919	A IDH HG	0.919
BS_VFF1Y8S7	205657380024_R06C01	Paediatric-Type Diffuse High-Grade Gliomas	0.999918837	Paediatric-Type Diffuse High-Grade Gliomas	0.999918778	Diffuse Paediatric-Type High Grade Glioma, RTK1 Subtype	0.999917625	pedHGG_RTK1B	0.99797533	Pediatric-type high-grade gliomas	0.987	Diffuse pediatric-type high-grade glioma, H3-wildtype and IDH-wildtype	0.986	pedHGG RTK1B	0.985
BS_3D0XD278	206430120138_R06C01	Choroid Plexus Tumours	0.997615423	Choroid Plexus Tumours	0.997615423	Choroid Plexus Tumours Subtype A	0.994696121	CPT_PED_A	0.991316882	Choroid plexus tumors	0.986	Choroid plexus papilloma	0.984	CPP PED	0.984
BS_4E8TKKHY	205676390063_R06C01	Medulloblastoma	0.999992708	Medulloblastoma Non-WNT/Non-SHH Activated	0.999991215	Medulloblastoma Group 3	0.999947619	MB_G34_II	0.999616774	Medulloblastoma	0.991	Medulloblastoma, non-WNT/non-SHH, Group 3	0.989	MB G3 II	0.988
BS_Y4ZE6K3J	207211180067_R02C01	Paediatric-Type Diffuse High-Grade Gliomas	0.999785026	Paediatric-Type Diffuse High-Grade Gliomas	0.999773629	Diffuse Paediatric-Type High Grade Glioma, RTK2 Subtype	0.998899754	pedHGG_RTK2A	0.998899709	Pediatric-type high-grade gliomas	0.987	Diffuse pediatric-type high-grade glioma, H3-wildtype and IDH-wildtype	0.986	pedHGG RTK2A	0.985
BS_W4SCDX8T	206390560134_R03C01	High-Grade Neuroepithelial Tumour With MN1:BEND2 Fusion	0.999951206	High-Grade Neuroepithelial Tumour With MN1:BEND2 Fusion	0.999951206	High-Grade Neuroepithelial Tumour With MN1:BEND2 Fusion	0.999951206	ABM_MN1	0.999951206	Intermediate-grade IDH-wildtype gliomas	0.966	Astroblastoma, MN1-altered	0.962	AB MN1 BEND2	0.962
BS_PK0JVE9N	207211180095_R03C01	Paediatric-Type Diffuse High-Grade Gliomas	0.999999956	Paediatric-Type Diffuse High-Grade Gliomas	0.999999954	Diffuse Paediatric-Type High Grade Glioma, RTK1 Subtype	0.999999951	pedHGG_RTK1A	0.999998733	Pediatric-type high-grade gliomas	0.987	Diffuse pediatric-type high-grade glioma, H3-wildtype and IDH-wildtype	0.986	pedHGG RTK1A	0.985
BS_RQFPWVN3	206402350045_R01C01	Paediatric-Type Diffuse High-Grade Gliomas	0.99952199	Paediatric-Type Diffuse High-Grade Gliomas	0.999520156	Diffuse Paediatric-Type High Grade Glioma, RTK1 Subtype	0.999190921	pedHGG_RTK1A	0.998879159	Pediatric-type high-grade gliomas	0.987	Diffuse pediatric-type high-grade glioma, H3-wildtype and IDH-wildtype	0.986	pedHGG RTK1A	0.985
BS_2P2JFKJ7	205624900161_R07C01	Adult-Type Diffuse Gliomas	0.99970982	Diffuse Glioma, IDH Mutant	0.99969305	Diffuse Glioma, IDH-Mutant And 1p19q Retained [Astroglial Type]	0.999343671	A_IDH_HG	0.995999472	Diffuse glioma, IDH-mutant	0.988	Astrocytoma, IDH-mutant, high-grade	0.986	A IDH HG	0.986
BS_46BKSCKR	205567980094_R01C01	Mesenchymal, Non-Meningothelial Tumours Involving The CNS	0.933853024	Notochordal Tumours	0.928373079	Chordoma	0.928373079	CHORDM	0.928373079	Mesenchymal tumors	0.986	Poorly differentiated chordoma	0.976	CHORDM PD	0.976
BS_EATRXC4S	205707900155_R06C01	Ependymal Tumours	0.999603759	Posterior Fossa Ependymoma Group A	0.999546981	Posterior Fossa Ependymoma Group A1	0.998761812	EPN_PFA_1B	0.774798749	Ependymal tumors	0.989	Posterior fossa group A (PFA) ependymoma	0.875	EPN PFA 1B	0.646
BS_1F0EJ0CG	205707900078_R07C01	Ependymal Tumours	0.999998002	Supratentorial Ependymoma, ZFTA Fusion-Positive	0.999995155	Supratentorial Ependymoma, ZFTA:rela Fusion-Positive	0.99993059	EPN_ST_ZFTA_RELA_A	0.999929919	Ependymal tumors	0.989	Supratentorial ependymoma, ZFTA fusion-positive	0.988	EPN ST ZFTA RELA	0.988
BS_W7KHEVBY	205676390152_R05C01	Ependymal Tumours	0.999999372	Supratentorial Ependymoma, ZFTA Fusion-Positive	0.999998052	Supratentorial Ependymoma, ZFTA:rela Fusion-Positive	0.999993641	EPN_ST_ZFTA_RELA_A	0.999993507	Ependymal tumors	0.989	Supratentorial ependymoma, ZFTA fusion-positive	0.988	EPN ST ZFTA RELA	0.988
BS_3QQB1VAM	205567980094_R04C01	Low-Grade Glial/Glioneuronal/Neuroepithelial Tumours	0.991456656	Pilocytic Astrocytoma	0.967776128	Infratentorial Pilocytic Astrocytoma	0.955668787	PA_INF	0.955668787	Low-grade glial/glioneuronal tumors	0.989	Pilocytic astrocytoma	0.988	PA PF TYP	0.988
BS_1JF0AGKG	206390560038_R05C01	Meningioma	0.995388506	Meningioma	0.995388506	Meningioma, Benign	0.991700707	MNG_BEN_1	0.975330696	Meningioma	0.988	Meningioma, benign	0.987	MNG BEN 1	0.986
BS_3SN6JCCB	205624860161_R01C01	Paediatric-Type Diffuse High-Grade Gliomas	0.813701037	Infant-Type Hemispheric Glioma	0.774532366	Infant-Type Hemispheric Glioma	0.774532366	IHG	0.774532366	Pediatric-type high-grade gliomas	0.986	Infant-type hemispheric glioma	0.984	IHG TYP	0.983
BS_908AZ1XQ	206402350057_R01C01	Paediatric-Type Diffuse High-Grade Gliomas	0.978578816	Paediatric-Type Diffuse High-Grade Gliomas	0.977321145	Diffuse Paediatric-Type High Grade Glioma, RTK1 Subtype	0.975471838	pedHGG_RTK1C	0.546085595	Pediatric-type high-grade gliomas	0.98	Diffuse pediatric-type high-grade glioma, H3-wildtype and IDH-wildtype	0.922	pedHGG RTK1C	0.75
BS_A3AHDTEP	205657380050_R04C01	Ependymal Tumours	0.855999826	Spinal Subependymoma	0.721940462	Spinal Ependymoma (Subependymoma-enriched) [Subtype A]	0.583920786	EPN_SPINE_SE_A	0.583920786	Neuroblastic embryonal tumors	0.485	CNS tumor, PLAGL1 fusion-positive	0.187	CNS PLAGL1 FUS	0.187
BS_JB9TKWYN	206402350095_R05C01	Germ Cell Tumours	0.998728251	Germ Cell Tumours Of The CNS	0.998728251	Yolk Sac Tumour	0.998713947	GCT_YOLKSAC	0.998713947	Other tumors	0.987	Yolk sac tumor	0.978	GCT YOLKSAC	0.978
BS_1Q2TAKTX	205566000058_R01C01	Low-Grade Glial/Glioneuronal/Neuroepithelial Tumours	0.95748699	Pilocytic Astrocytoma	0.895866855	Infratentorial Pilocytic Astrocytoma	0.876947925	PA_INF	0.876947925	Low-grade glial/glioneuronal tumors	0.989	Pilocytic astrocytoma	0.984	PA PF TYP	0.982
BS_JHWQ09XW	205676390068_R04C01	Neuroblastoma	0.484617235	Neuroblastoma	0.484617235	Neuroblastoma	0.484617235	NB_TMM_NEG	0.483093944	Hematopoietic tumors	0.597	Langerhans cell histiocytosis	0.595	LCH	0.595
BS_GJ4GG1Q9	205657380065_R01C01	Medulloblastoma	0.233763956	Medulloblastoma, SHH-Activated	0.126256778	Medulloblastoma, SHH-Activated, Subtype 3	0.1128053	MB_SHH_3	0.1128053	Mesenchymal tumors	0.988	Mesenchymal chondrosarcoma	0.984	CSA MES	0.984
BS_5T8CJB36	206402350056_R07C01	Low-Grade Glial/Glioneuronal/Neuroepithelial Tumours	0.990514464	Low-Grade Ganglioglial/Neuroepithelial Tumour	0.988345733	Ganglioglioma	0.938379623	GG	0.938379623	Low-grade glial/glioneuronal tumors	0.989	Ganglioglioma	0.987	GG	0.987
BS_J39Y0TCB	206390560086_R04C01	Tumours Of The Sellar Region	0.999863317	Craniopharyngioma	0.999856277	Adamantinomatous Craniopharyngioma	0.999856248	CPH_ADM	0.999856248	Epithelial tumors	0.987	Adamantinomatous craniopharyngioma	0.986	CPH ADM	0.986
BS_3NJKMKGA	205676390133_R03C01	Mesenchymal, Non-Meningothelial Tumours Involving The CNS	0.999999148	Tumours Of Uncertain Differentiation	0.99999913	CIC-Rearranged Sarcoma	0.999999083	CNS_SARC_CIC	0.999999083	Mesenchymal tumors	0.988	CIC-rearranged sarcoma	0.982	CNS SARC CIC	0.982
BS_N6KM1Y2K	205707900155_R05C01	Ependymal Tumours	0.994309598	Posterior Fossa Ependymoma Group A	0.992029184	Posterior Fossa Ependymoma Group A1	0.988490357	EPN_PFA_1C	0.751254571	Ependymal tumors	0.989	Posterior fossa group A (PFA) ependymoma	0.982	EPN PFA 1C	0.954
BS_N07YNNW7	205676390015_R01C01	Paediatric-Type Diffuse High-Grade Gliomas	0.997043119	Diffuse Midline Glioma, H3k27-Altered	0.99700537	Diffuse Midline Glioma, H3 K27-Mutant / EZHIP Overexpressing	0.99699868	DMG_K27	0.99699868	Diffuse midline glioma, H3 K27-altered	0.887	Diffuse midline glioma, H3 K27-altered	0.887	DMG K27	0.886
BS_AAZ866CK	206402350061_R01C01	Adult-Type Diffuse Gliomas	0.864122517	Diffuse High-Grade Neuroepithelial Tumour [Adult-Type]	0.838124525	Gliomatosis Cerebri-like Glioma, IDH-wildtype	0.831743773	GCG	0.831743773	Pediatric-type high-grade gliomas	0.598	Diffuse pediatric-type high-grade glioma, H3-wildtype and IDH-wildtype	0.464	pedHGG MYCN	0.367
BS_5K9S2PZE	205624860003_R03C01	Low-Grade Glial/Glioneuronal/Neuroepithelial Tumours	0.987066209	Low-Grade Ganglioglial/Neuroepithelial Tumour	0.868690851	Supratentorial Pilocytic Astrocytoma	0.868458898	PA_CORT	0.868458898	Low-grade glial/glioneuronal tumors	0.99	Pilocytic astrocytoma	0.988	PA ST	0.986
BS_WEQGYFZ8	205657380112_R02C01	Choroid Plexus Tumours	0.999972217	Choroid Plexus Tumours	0.999972217	Choroid Plexus Tumours Subtype A	0.999971489	CPT_AD_A	0.999927855	Choroid plexus tumors	0.984	Choroid plexus papilloma	0.983	CPP AD	0.982
BS_8WG0HR0E	206402350085_R07C01	Paediatric-Type Diffuse High-Grade Gliomas	0.999980289	Infant-Type Hemispheric Glioma	0.999972627	Infant-Type Hemispheric Glioma	0.999972627	IHG	0.999972627	Pediatric-type high-grade gliomas	0.987	Infant-type hemispheric glioma	0.985	IHG TYP	0.985
BS_5KKQFB5Z	206390560075_R01C01	Paediatric-Type Diffuse High-Grade Gliomas	0.990249056	Paediatric-Type Diffuse High-Grade Gliomas	0.989915652	Diffuse Paediatric-Type High Grade Glioma, MYCN Subtype	0.985366647	pedHGG_MYCN	0.985366647	Pediatric-type high-grade gliomas	0.933	Diffuse pediatric-type high-grade glioma, H3-wildtype and IDH-wildtype	0.909	pedHGG MYCN	0.891
BS_EGHNMZ9V	205128000053_R01C01	Low-Grade Glial/Glioneuronal/Neuroepithelial Tumours	0.900432213	Low-Grade Ganglioglial/Neuroepithelial Tumour	0.877873476	Ganglioglioma	0.842055319	GG	0.842055319	Low-grade glial/glioneuronal tumors	0.988	Ganglioglioma	0.983	GG	0.983
BS_E9PJZ7VC	206402350048_R02C01	Paediatric-Type Diffuse High-Grade Gliomas	0.999954572	Diffuse Midline Glioma, H3k27-Altered	0.999954452	Diffuse Midline Glioma, H3 K27-Mutant / EZHIP Overexpressing	0.999954439	DMG_K27	0.999954439	Diffuse midline glioma, H3 K27-altered	0.985	Diffuse midline glioma, H3 K27-altered	0.985	DMG K27	0.985
BS_SNABQ61V	206430120155_R02C01	Ependymal Tumours	0.999995256	Posterior Fossa Ependymoma Group A	0.999994548	Posterior Fossa Ependymoma Group A2	0.999994203	EPN_PFA_2A	0.999282668	Ependymal tumors	0.989	Posterior fossa group A (PFA) ependymoma	0.988	EPN PFA 2A	0.987
BS_39499N16	205624900169_R04C01	Haematolymphoid Tumours Involving The CNS	0.319532237	B Cell Neoplasm	0.31920332	Plasma Cell Tumours Of The CNS	0.31777452	PLASMACT	0.31777452	Hematopoietic tumors	0.985	Langerhans cell histiocytosis	0.685	LCH	0.685
BS_33B0BZWS	205624900133_R03C01	Control Tissues	0.548110339	Control Tissue, Reactive Tumour Microenvironment	0.547030031	Control Tissue, Reactive Tumour Microenvironment	0.547030031	CTRL_REACTIVE	0.547030031	Control tissues	0.337	Control tissue, reactive tumor microenvironment	0.326	CONTR REACT	0.326
BS_GC5NJVRH	206390560077_R04C01	Medulloblastoma	0.999918922	Medulloblastoma Non-WNT/Non-SHH Activated	0.999909453	Medulloblastoma Group 4	0.99989997	MB_G34_VIII	0.99987257	Medulloblastoma	0.991	Medulloblastoma, non-WNT/non-SHH, Group 4	0.989	MB G4 VIII	0.989
BS_28SW7RBN	206430120132_R04C01	Medulloblastoma	0.99729263	Medulloblastoma Non-WNT/Non-SHH Activated	0.996833402	Medulloblastoma Group 4	0.993864403	MB_G34_VII	0.987395895	Medulloblastoma	0.99	Medulloblastoma, non-WNT/non-SHH, Group 4	0.988	MB G4 VII	0.988
BS_F85WCBFF	206390560067_R04C01	Low-Grade Glial/Glioneuronal/Neuroepithelial Tumours	0.993724289	Low-Grade Ganglioglial/Neuroepithelial Tumour	0.922102864	Supratentorial Pilocytic Astrocytoma	0.922028505	PA_CORT	0.922028505	Low-grade glial/glioneuronal tumors	0.989	Pilocytic astrocytoma	0.942	PA ST	0.924
BS_YCF6WR3P	205624860029_R03C01	Medulloblastoma	0.99995706	Medulloblastoma Non-WNT/Non-SHH Activated	0.999950702	Medulloblastoma Group 4	0.9997973	MB_G34_VII	0.999601591	Medulloblastoma	0.991	Medulloblastoma, non-WNT/non-SHH, Group 4	0.989	MB G4 VII	0.989
BS_M00T28BR	205624860003_R08C01	Cranial And Paraspinal Nerve Tumours	0.987928681	Cranial And Paraspinal Nerve Tumours	0.815311905	Plexiform Neurofibroma	0.815244809	NFIB_PLEX	0.815244809	Mesenchymal tumors	0.988	Plexiform neurofibroma	0.987	NFIB PLEX	0.987
BS_4TFNECS4	205624900113_R03C01	Low-Grade Glial/Glioneuronal/Neuroepithelial Tumours	0.963048394	Low-Grade Ganglioglial/Neuroepithelial Tumour	0.92925091	Supratentorial Pilocytic Astrocytoma	0.928938137	PA_CORT	0.928938137	Low-grade glial/glioneuronal tumors	0.989	Pilocytic astrocytoma	0.987	PA ST	0.986
BS_42V8EPRQ	205676380032_R07C01	Low-Grade Glial/Glioneuronal/Neuroepithelial Tumours	0.867602411	Pilocytic Astrocytoma	0.860177103	Supratentorial Midline Pilocytic Astrocytoma	0.852533019	PA_MID	0.852533019	Low-grade glial/glioneuronal tumors	0.727	Pilocytic astrocytoma	0.724	PA MID	0.722
BS_7S2N5ZM8	206390560106_R03C01	Ependymal Tumours	0.999998336	Posterior Fossa Ependymoma Group A	0.999997949	Posterior Fossa Ependymoma Group A1	0.99998879	EPN_PFA_1E	0.998213672	Ependymal tumors	0.989	Posterior fossa group A (PFA) ependymoma	0.987	EPN PFA 1E	0.986
BS_56W96Q43	206390560183_R04C01	Medulloblastoma	0.999998691	Medulloblastoma Non-WNT/Non-SHH Activated	0.999998478	Medulloblastoma Group 3	0.999991071	MB_G34_II	0.999903062	Medulloblastoma	0.991	Medulloblastoma, non-WNT/non-SHH, Group 3	0.989	MB G3 II	0.988
BS_B0GKQAWP	205707890156_R03C01	Control Tissues	0.514510265	Control Brain Tissues	0.501662958	Control Tissue, Hemispheric Cortex	0.499452146	CTRL_HEMI	0.499452146	Low-grade glial/glioneuronal tumors	0.878	Pilocytic astrocytoma	0.862	PA ST	0.853
BS_4BQDTH10	206430120137_R01C01	Choroid Plexus Tumours	0.999993739	Choroid Plexus Tumours	0.999993739	Choroid Plexus Tumours Subtype A	0.999991292	CPT_PED_A	0.999990154	Choroid plexus tumors	0.988	Choroid plexus papilloma	0.987	CPP PED	0.986
BS_RZPSHESX	205676390174_R01C01	Germ Cell Tumours	0.738217762	Germ Cell Tumours Of The CNS	0.738217762	(Immature) Teratoma	0.735513332	GCT_TERA	0.735513332	Other tumors	0.983	Teratoma	0.981	GCT TERA	0.981
BS_SKJ6HZAK	205707890153_R08C01	Ependymal Tumours	0.999999019	Supratentorial Ependymoma, ZFTA Fusion-Positive	0.999997795	Supratentorial Ependymoma, ZFTA:rela Fusion-Positive	0.999993902	EPN_ST_ZFTA_RELA_A	0.999993831	Ependymal tumors	0.989	Supratentorial ependymoma, ZFTA fusion-positive	0.986	EPN ST ZFTA RELA	0.986
BS_1CYD2ESS	205676390015_R04C01	Paediatric-Type Diffuse High-Grade Gliomas	0.999823423	Diffuse Midline Glioma, H3k27-Altered	0.999823076	Diffuse Midline Glioma, H3 K27-Mutant / EZHIP Overexpressing	0.999823057	DMG_K27	0.999823057	Diffuse midline glioma, H3 K27-altered	0.987	Diffuse midline glioma, H3 K27-altered	0.987	DMG K27	0.986
BS_0E16EN6E	205567990005_R06C01	Medulloblastoma	0.999707154	Medulloblastoma Non-WNT/Non-SHH Activated	0.99967702	Medulloblastoma Group 4	0.999651362	MB_G34_VIII	0.99150544	Medulloblastoma	0.991	Medulloblastoma, non-WNT/non-SHH, Group 4	0.989	MB G4 VIII	0.989
BS_7535PGPW	205624900111_R01C01	Germ Cell Tumours	0.999997692	Germ Cell Tumours Of The CNS	0.999997692	Yolk Sac Tumour	0.999997691	GCT_YOLKSAC	0.999997691	Other tumors	0.982	Yolk sac tumor	0.98	GCT YOLKSAC	0.98
BS_53M86Z45	209890280173_R03C01	Paediatric-Type Diffuse High-Grade Gliomas	0.999826178	Paediatric-Type Diffuse High-Grade Gliomas	0.999823556	Diffuse Hemispheric Glioma, H3 G34-Mutant	0.999807792	DHG_G34	0.999807792	Pediatric-type high-grade gliomas	0.987	Diffuse hemispheric glioma, H3 G34-mutant	0.985	DHG G34	0.985
BS_CQM7QGQB	206430120113_R08C01	Paediatric-Type Diffuse High-Grade Gliomas	0.998961591	Diffuse Midline Glioma, H3k27-Altered	0.998921358	Diffuse Midline Glioma, H3 K27-Mutant / EZHIP Overexpressing	0.998918139	DMG_K27	0.998918139	Diffuse midline glioma, H3 K27-altered	0.984	Diffuse midline glioma, H3 K27-altered	0.984	DMG K27	0.984
BS_28GWNXKN	206430120112_R08C01	Ependymal Tumours	0.999999994	Supratentorial Ependymoma, YAP1-Fused	0.999999918	Supratentorial Ependymoma, YAP1-Fused	0.999999918	EPN_YAP	0.999999918	Ependymal tumors	0.989	Supratentorial ependymoma, YAP1 fusion-positive	0.987	EPN ST YAP	0.987
BS_ZXQB1KZN	206390560063_R01C01	Tumours Of The Sellar Region	0.999441434	Craniopharyngioma	0.99941292	Adamantinomatous Craniopharyngioma	0.999412769	CPH_ADM	0.999412769	Epithelial tumors	0.988	Adamantinomatous craniopharyngioma	0.986	CPH ADM	0.986
BS_9Z5PWXZB	205624860137_R08C01	Medulloblastoma	0.999886378	Medulloblastoma, SHH-Activated	0.999859522	Medulloblastoma, SHH-Activated, Subtype 4	0.965957007	MB_SHH_4	0.965957007	Medulloblastoma	0.991	Medulloblastoma, SHH-activated	0.988	MB SHH 4	0.988
BS_V52GY4BE	205657380135_R01C01	Medulloblastoma	0.989875146	Medulloblastoma, SHH-Activated	0.987094879	Medulloblastoma, SHH-Activated, Subtype 2	0.659257212	MB_SHH_2	0.659257212	Medulloblastoma	0.991	Medulloblastoma, SHH-activated	0.929	MB SHH 2	0.775
BS_QM4VTDP1	205624900111_R03C01	Ependymal Tumours	0.999845893	Supratentorial Ependymoma, ZFTA Fusion-Positive	0.999687871	Supratentorial Ependymoma, ZFTA:rela Fusion-Positive	0.999310681	EPN_ST_ZFTA_RELA_A	0.999308448	Ependymal tumors	0.989	Supratentorial ependymoma, ZFTA fusion-positive	0.987	EPN ST ZFTA RELA	0.987
BS_MESNJRN8	206390560183_R01C01	Neuroblastoma	0.412723598	Neuroblastoma	0.412723598	Neuroblastoma	0.412723598	NB_TMM_NEG	0.410557659	Mesenchymal tumors	0.495	Poorly differentiated chordoma	0.161	CHORDM PD	0.161
BS_CPBKXP86	206402350063_R07C01	Paediatric-Type Diffuse High-Grade Gliomas	0.891828645	Paediatric-Type Diffuse High-Grade Gliomas	0.879921003	Diffuse Paediatric-Type High Grade Glioma, MYCN Subtype	0.87644948	pedHGG_MYCN	0.87644948	Intermediate-grade IDH-wildtype gliomas	0.964	Pleomorphic xanthoastrocytoma	0.962	PXA	0.962
BS_0QRBS2J0	205657380013_R08C01	Low-Grade Glial/Glioneuronal/Neuroepithelial Tumours	0.999995137	Pilocytic Astrocytoma	0.99998763	Infratentorial Pilocytic Astrocytoma	0.999984614	PA_INF	0.999984614	Low-grade glial/glioneuronal tumors	0.99	Pilocytic astrocytoma	0.989	PA PF TYP	0.988
BS_S902QEAA	205707900011_R08C01	Ependymal Tumours	0.999999121	Posterior Fossa Ependymoma Group A	0.999998875	Posterior Fossa Ependymoma Group A1	0.999995623	EPN_PFA_1E	0.999768669	Ependymal tumors	0.989	Posterior fossa group A (PFA) ependymoma	0.987	EPN PFA 1E	0.985
BS_M31DEPFZ	206430120127_R05C01	Other CNS Embryonal Tumours	0.999999127	Atypical Teratoid Rhabdoid Tumour	0.99999887	Atypical Teratoid Rhabdoid Tumour, MYC Activated	0.999995629	ATRT_MYC	0.999995629	SMARC-altered tumors	0.987	Atypical teratoid/rhabdoid tumor	0.987	ATRT MYC	0.985
BS_KCF6KWY6	205676390057_R08C01	Adult-Type Diffuse Gliomas	0.999762201	Diffuse Glioma, IDH Mutant	0.999753027	Diffuse Glioma, IDH-Mutant And 1p19q Retained [Astroglial Type]	0.999530147	A_IDH_LG	0.999517186	Diffuse glioma, IDH-mutant	0.982	Astrocytoma, IDH-mutant, lower-grade	0.981	A IDH LG	0.981
BS_9SF86CS6	206390560101_R08C01	Medulloblastoma	0.999999547	Medulloblastoma, WNT Activated	0.999998221	Medulloblastoma, WNT Activated	0.999998221	MB_WNT	0.999998221	Medulloblastoma	0.991	Medulloblastoma, WNT-activated	0.989	MB WNT	0.989
BS_5BM9MXP9	205624860121_R02C01	Choroid Plexus Tumours	0.999381676	Choroid Plexus Tumours	0.999381676	Choroid Plexus Tumours Subtype A	0.999071729	CPT_PED_A	0.99895565	Choroid plexus tumors	0.987	Choroid plexus papilloma	0.986	CPP PED	0.985
BS_B17XB384	206430120135_R08C01	Paediatric-Type Diffuse High-Grade Gliomas	0.99403017	Diffuse Midline Glioma, H3k27-Altered	0.993789308	Diffuse Midline Glioma, H3 K27-Mutant / EZHIP Overexpressing	0.993785182	DMG_K27	0.993785182	Diffuse midline glioma, H3 K27-altered	0.723	Diffuse midline glioma, H3 K27-altered	0.723	DMG K27	0.723
BS_BG1W2F7V	205624900024_R06C01	Meningioma	0.999964269	Meningioma	0.999964269	Meningioma, Benign	0.999794753	MNG_BEN_2	0.995888574	Meningioma	0.988	Meningioma, benign	0.988	MNG BEN 2	0.987
BS_9EBA6RK3	206390560164_R04C01	Paediatric-Type Diffuse High-Grade Gliomas	0.97812069	Diffuse Midline Glioma, H3k27-Altered	0.942330548	Diffuse Midline Glioma, H3 K27-Mutant / EZHIP Overexpressing	0.941422145	DMG_K27	0.941422145	Diffuse midline glioma, H3 K27-altered	0.986	Diffuse midline glioma, H3 K27-altered	0.986	DMG K27	0.986
BS_5QKNT1EC	205589730005_R04C01	Low-Grade Glial/Glioneuronal/Neuroepithelial Tumours	0.976818437	Pilocytic Astrocytoma	0.969745654	Infratentorial Pilocytic Astrocytoma	0.927973716	PA_INF	0.927973716	Low-grade glial/glioneuronal tumors	0.989	Pilocytic astrocytoma	0.988	PA PF TYP	0.988
BS_WP2YKR14	205982900127_R06C01	Ependymal Tumours	0.222700477	Low-Grade Ganglioglial/Neuroepithelial Tumour	0.112174358	Ganglioglioma	0.074919336	GG	0.074919336	Low-grade glial/glioneuronal tumors	0.755	Ganglioglioma	0.736	GG	0.736
BS_TDKWCJ43	205657380174_R04C01	Ependymal Tumours	0.999979614	Spinal Ependymoma (myxopapillary-enriched)	0.999964786	Spinal Ependymoma (myxopapillary-enriched)	0.999964786	EPN_MPE	0.999964786	Ependymal tumors	0.989	Myxopapillary ependymoma	0.977	EPN MPE B	0.975
BS_DPT7QVAR	207211180067_R07C01	Paediatric-Type Diffuse High-Grade Gliomas	0.686665335	Paediatric-Type Diffuse High-Grade Gliomas	0.459127345	Diffuse Paediatric-Type High Grade Glioma, RTK1 Subtype	0.446788528	pedHGG_RTK1A	0.363047366	Pediatric-type high-grade gliomas	0.987	Infant-type hemispheric glioma	0.984	IHG TYP	0.984
BS_3K04VX4H	205676380036_R02C01	Ependymal Tumours	0.717117221	Supratentorial Ependymoma, ZFTA Fusion-Positive	0.694758134	Supratentorial Ependymoma, ZFTA:rela Fusion-Positive	0.667522035	EPN_ST_ZFTA_RELA_A	0.653051417	Ependymal tumors	0.987	Supratentorial ependymoma, ZFTA fusion-positive	0.966	EPN ST ZFTA RELA	0.965
BS_YP1MXWY9	205624900061_R05C01	Low-Grade Glial/Glioneuronal/Neuroepithelial Tumours	0.999972922	Pilocytic Astrocytoma	0.999961773	Supratentorial Midline Pilocytic Astrocytoma	0.999800129	PA_MID	0.999800129	Low-grade glial/glioneuronal tumors	0.99	Pilocytic astrocytoma	0.988	PA MID	0.987
BS_4NCAD0W3	209890280148_R08C01	Other CNS Embryonal Tumours	0.999955299	Embryonal Tumour With Multilayered Rosettes	0.999952981	Embryonal Tumour With Multilayered Rosettes-Like	0.984326486	ETMR_Atyp	0.984326486	Neuroblastic embryonal tumors	0.985	Embryonal tumor with multilayered rosettes	0.983	ETMR non-C19MC	0.981
BS_JXA1FR74	205624860121_R06C01	Medulloblastoma	0.999977343	Medulloblastoma Non-WNT/Non-SHH Activated	0.999975291	Medulloblastoma Group 3	0.999497909	MB_G34_III	0.996874172	Medulloblastoma	0.991	Medulloblastoma, non-WNT/non-SHH, Group 3	0.989	MB G3 III	0.988
BS_AX0CJPVH	205676390063_R03C01	Ependymal Tumours	0.999312629	Posterior Fossa Ependymoma Group A	0.998602119	Posterior Fossa Ependymoma Group A1	0.99786638	EPN_PFA_1C	0.977510051	Ependymal tumors	0.989	Posterior fossa group A (PFA) ependymoma	0.93	EPN PFA 1C	0.892
BS_YREMKDJA	205707900155_R07C01	Ependymal Tumours	0.821973736	Posterior Fossa Ependymoma Group A	0.785457495	Posterior Fossa Ependymoma Group A1	0.449838639	EPN_PFA_1F	0.237733302	Ependymal tumors	0.989	Posterior fossa group A (PFA) ependymoma	0.988	EPN PFA 2A	0.987
BS_Q3YR7RM9	205707900126_R08C01	Neuroblastoma	0.601220493	Neuroblastoma	0.601220493	Neuroblastoma	0.601220493	NB_TMM_NEG	0.600477745	Mesenchymal tumors	0.436	Malignant melanotic nerve sheath tumor	0.123	MMNST	0.123
BS_9VPAZAZH	205624900139_R07C01	Paediatric-Type Diffuse High-Grade Gliomas	0.999206712	Paediatric-Type Diffuse High-Grade Gliomas	0.999195443	Diffuse Hemispheric Glioma, H3 G34-Mutant	0.999077493	DHG_G34	0.999077493	Pediatric-type high-grade gliomas	0.987	Diffuse hemispheric glioma, H3 G34-mutant	0.984	DHG G34	0.984
BS_ENH6KT2R	205982900127_R04C01	Paediatric-Type Diffuse High-Grade Gliomas	0.998390411	Diffuse Midline Glioma, H3k27-Altered	0.998360618	Diffuse Midline Glioma, H3 K27-Mutant / EZHIP Overexpressing	0.998360286	DMG_K27	0.998360286	Diffuse midline glioma, H3 K27-altered	0.986	Diffuse midline glioma, H3 K27-altered	0.986	DMG K27	0.986
BS_X09QGCHP	205707910014_R01C01	Ependymal Tumours	0.999999908	Supratentorial Ependymoma, ZFTA Fusion-Positive	0.999999559	Supratentorial Ependymoma, ZFTA:rela Fusion-Positive	0.999999143	EPN_ST_ZFTA_RELA_A	0.999999134	Ependymal tumors	0.989	Supratentorial ependymoma, ZFTA fusion-positive	0.988	EPN ST ZFTA RELA	0.988
BS_BGS2YE1H	206402350011_R05C01	Meningioma	0.986423343	Meningioma	0.986423343	Meningioma, Benign	0.980178771	MNG_BEN_1	0.903864009	Meningioma	0.985	Meningioma, benign	0.982	MNG BEN 1	0.974
BS_E8ZB483Q	206390560133_R03C01	Ependymal Tumours	0.994846596	Posterior Fossa Ependymoma Group A	0.993843229	Posterior Fossa Ependymoma Group A2	0.990086432	EPN_PFA_2A	0.975430896	Ependymal tumors	0.989	Posterior fossa group A (PFA) ependymoma	0.988	EPN PFA 2A	0.987
BS_6HGVVJKE	206402350044_R04C01	Paediatric-Type Diffuse High-Grade Gliomas	0.999922266	Diffuse Midline Glioma, H3k27-Altered	0.999921387	Diffuse Midline Glioma, H3 K27-Mutant / EZHIP Overexpressing	0.999921022	DMG_K27	0.999921022	Diffuse midline glioma, H3 K27-altered	0.986	Diffuse midline glioma, H3 K27-altered	0.986	DMG K27	0.986
BS_VKSTCHRC	205707900009_R02C01	Ependymal Tumours	0.999925217	Spinal Ependymoma (myxopapillary-enriched)	0.999896138	Spinal Ependymoma (myxopapillary-enriched)	0.999896138	EPN_MPE	0.999896138	Ependymal tumors	0.989	Myxopapillary ependymoma	0.954	EPN MPE A	0.597
BS_VTW38RH1	206390560038_R01C01	Other CNS Embryonal Tumours	0.959734451	Atypical Teratoid Rhabdoid Tumour	0.854555672	Atypical Teratoid Rhabdoid Tumour, Tyrosinase Activated	0.805395966	ATRT_TYR	0.805395966	SMARC-altered tumors	0.924	Atypical teratoid/rhabdoid tumor	0.923	ATRT TYR	0.921
BS_DQX4P2C1	207356840021_R08C01	Paediatric-Type Diffuse High-Grade Gliomas	0.99889562	Paediatric-Type Diffuse High-Grade Gliomas	0.998871642	Diffuse Hemispheric Glioma, H3 G34-Mutant	0.998592987	DHG_G34	0.998592987	Pediatric-type high-grade gliomas	0.987	Diffuse hemispheric glioma, H3 G34-mutant	0.985	DHG G34	0.985
BS_7E5TY7H4	206390560021_R07C01	Other CNS Embryonal Tumours	0.999989699	Atypical Teratoid Rhabdoid Tumour	0.999982	Atypical Teratoid Rhabdoid Tumour, SHH Activated	0.997645801	ATRT_SHH	0.997645801	SMARC-altered tumors	0.987	Atypical teratoid/rhabdoid tumor	0.987	ATRT SHH	0.986
BS_N56DAP7P	205676390004_R08C01	Low-Grade Glial/Glioneuronal/Neuroepithelial Tumours	0.999598275	Pilocytic Astrocytoma	0.9992124	Infratentorial Pilocytic Astrocytoma	0.991027178	PA_INF	0.991027178	Low-grade glial/glioneuronal tumors	0.99	Pilocytic astrocytoma	0.989	PA PF TYP	0.988
BS_XE23PBB3	206430120107_R08C01	Adult-Type Diffuse Gliomas	0.892178709	Diffuse Glioma, IDH Mutant	0.874309988	Diffuse Glioma, IDH-Mutant And 1p19q Retained [Astroglial Type]	0.856296269	A_IDH_HG	0.559251578	Diffuse glioma, IDH-mutant	0.987	Astrocytoma, IDH-mutant, high-grade	0.984	A IDH HG	0.984
BS_R316HV8Z	207343240057_R03C01	Paediatric-Type Diffuse High-Grade Gliomas	0.999999189	Paediatric-Type Diffuse High-Grade Gliomas	0.999999189	Diffuse Paediatric-Type High Grade Glioma, RTK1 Subtype	0.999999188	pedHGG_RTK1B	0.999999145	Pediatric-type high-grade gliomas	0.987	Diffuse pediatric-type high-grade glioma, H3-wildtype and IDH-wildtype	0.986	pedHGG RTK1B	0.986
BS_HCH609PX	206390560021_R04C01	Other CNS Embryonal Tumours	0.999937764	Atypical Teratoid Rhabdoid Tumour	0.999931772	Atypical Teratoid Rhabdoid Tumour, SHH Activated	0.999900385	ATRT_SHH	0.999900385	SMARC-altered tumors	0.987	Atypical teratoid/rhabdoid tumor	0.987	ATRT SHH	0.986
BS_J5VED499	205707890145_R06C01	Ependymal Tumours	0.999608756	Spinal Ependymoma (myxopapillary-enriched)	0.999345687	Spinal Ependymoma (myxopapillary-enriched)	0.999345687	EPN_MPE	0.999345687	Ependymal tumors	0.988	Myxopapillary ependymoma	0.967	EPN MPE B	0.85
BS_4GKADZA8	205589730113_R01C01	Adult-Type Diffuse Gliomas	0.702285313	Glioblastoma, IDH-Wildtype	0.696890555	Glioblastoma, IDH-Wildtype, Mesenchymal Type	0.690593462	GBM_MES_TYP	0.538938413	Glioblastoma, IDH-wildtype	0.957	Glioblastoma, IDH-wildtype	0.957	GBM MES TYP	0.95
BS_Y6H23H83	205567990005_R01C01	Low-Grade Glial/Glioneuronal/Neuroepithelial Tumours	0.463292505	Pleomorphic Xanthoastrocytoma(-Like)	0.3645268	Pleomorphic Xanthoastrocytoma(-Like)	0.3645268	PXA	0.3645268	Intermediate-grade IDH-wildtype gliomas	0.986	Pleomorphic xanthoastrocytoma	0.961	PXA	0.961
BS_WPJKS5T6	205676390090_R08C01	Paediatric-Type Diffuse High-Grade Gliomas	0.999208201	Diffuse Midline Glioma, H3k27-Altered	0.999176735	Diffuse Midline Glioma, H3 K27-Mutant / EZHIP Overexpressing	0.999176661	DMG_K27	0.999176661	Diffuse midline glioma, H3 K27-altered	0.987	Diffuse midline glioma, H3 K27-altered	0.987	DMG K27	0.987
BS_0NHZ9HY6	205657390084_R06C01	Control Tissues	0.999965516	Control Brain Tissues	0.999965516	Control Tissue, Cerebellar Hemisphere	0.999965516	CTRL_CBM	0.999965516	Control tissues	0.889	Control tissue, cerebellum	0.865	CONTR CEBM	0.865
BS_4THVWHBK	205707890108_R06C01	Control Tissues	0.998531984	Control Brain Tissues	0.998526733	Control Tissue, White Matter (Corpus Callosum)	0.998306552	CTRL_CORPCAL	0.998306552	Control tissues	0.985	Control tissue, corpus callosum	0.959	CONTR CORPCAL	0.959
BS_1JXKQ1VD	205589730113_R04C01	Paediatric-Type Diffuse High-Grade Gliomas	0.999987609	Paediatric-Type Diffuse High-Grade Gliomas	0.999987025	Diffuse Paediatric-Type High Grade Glioma, RTK2 Subtype	0.999965953	pedHGG_RTK2A	0.99996594	Pediatric-type high-grade gliomas	0.987	Diffuse pediatric-type high-grade glioma, H3-wildtype and IDH-wildtype	0.986	pedHGG RTK2A	0.985
BS_M0YWF7TK	205707900164_R02C01	Cranial And Paraspinal Nerve Tumours	0.982418191	Cranial And Paraspinal Nerve Tumours	0.919880854	Plexiform Neurofibroma	0.919651851	NFIB_PLEX	0.919651851	Mesenchymal tumors	0.987	Plexiform neurofibroma	0.98	NFIB PLEX	0.98
BS_BETQ48X0	205707900146_R05C01	Inflammatory Microenvironment	0.867848029	Inflammatory Microenvironment	0.867848029	Inflammatory Microenvironment	0.867848029	INFLAM_ENV	0.867848029	Control tissues	0.274	Control tissue, inflammatory microenvironment	0.224	CONTR INFLAM	0.224
BS_G4B3VHZK	205589730145_R01C01	Medulloblastoma	0.999969989	Medulloblastoma, WNT Activated	0.999913703	Medulloblastoma, WNT Activated	0.999913703	MB_WNT	0.999913703	Medulloblastoma	0.991	Medulloblastoma, WNT-activated	0.988	MB WNT	0.988
BS_THQ3HXFG	205589730030_R08C01	Low-Grade Glial/Glioneuronal/Neuroepithelial Tumours	0.416897483	Low-Grade Glioneuronal Tumour	0.228603143	Gliomatosis Cerebri-like Glioma, IDH-wildtype	0.167424926	GCG	0.167424926	Low-grade glial/glioneuronal tumors	0.905	Pilocytic astrocytoma	0.455	PA ST	0.358
BS_Q8ZVK2KX	206390560131_R01C01	Low-Grade Glial/Glioneuronal/Neuroepithelial Tumours	0.999870795	Low-Grade Glioneuronal Tumour	0.999838797	Dysembryoplastic Neuroepithelial Tumour	0.957879236	DNET	0.957879236	Low-grade glial/glioneuronal tumors	0.99	Dysembryoplastic neuroepithelial tumor	0.914	DNT	0.914
BS_N86NB8J0	206430120135_R01C01	Pineal Parenchymal And Retinal Tumours	0.999945712	Pineoblastoma	0.999945036	Pineoblastoma, miRNA Pathway Altered, Group 2	0.99837504	PB_GRP2	0.99837504	Pineal region tumors and retinoblastoma	0.983	Pineoblastoma	0.981	PB GROUP 2	0.979
BS_50V3AXSK	205657380093_R07C01	Neuroepithelial Tumour, PLAGl1-Fused	0.999999583	Neuroepithelial Tumour, PLAGl1-Fused	0.999999583	Neuroepithelial Tumour, PLAGl1-Fused	0.999999583	NET_PLAGL1_FUS	0.999999583	Neuroblastic embryonal tumors	0.984	CNS tumor, PLAGL1 fusion-positive	0.98	CNS PLAGL1 FUS	0.98
BS_YFCBQYB4	207356840127_R01C01	Paediatric-Type Diffuse High-Grade Gliomas	0.974807913	Paediatric-Type Diffuse High-Grade Gliomas	0.974490918	Diffuse Hemispheric Glioma, H3 G34-Mutant	0.97054447	DHG_G34	0.97054447	Pediatric-type high-grade gliomas	0.986	Diffuse hemispheric glioma, H3 G34-mutant	0.985	DHG G34	0.985
BS_GQRBK39P	205624900009_R01C01	Control Tissues	0.99457771	Control Brain Tissues	0.994530896	Control Tissue, Hemispheric Cortex	0.994269403	CTRL_HEMI	0.994269403	Control tissues	0.98	Control tissue, cerebral hemisphere	0.647	CONTR HEMI	0.647
BS_ZMPXP57K	205122170033_R07C01	Ependymal Tumours	0.999908008	Posterior Fossa Ependymoma Group A	0.999872854	Posterior Fossa Ependymoma Group A2	0.999833778	EPN_PFA_2A	0.707604383	Ependymal tumors	0.989	Posterior fossa group A (PFA) ependymoma	0.817	EPN PFA 2A	0.429
BS_1Q4DFV3T	205624860003_R05C01	Cranial And Paraspinal Nerve Tumours	0.99645667	Schwann-Cell Tumours	0.72453319	Schwannoma	0.724340609	SCHW	0.724340609	Mesenchymal tumors	0.988	Plexiform neurofibroma	0.985	NFIB PLEX	0.985
BS_ZQQPDGX4	206430120162_R02C01	Pineal Parenchymal And Retinal Tumours	0.999921592	Pineoblastoma	0.999904993	Pineoblastoma, miRNA Pathway Altered, Group 1	0.999903841	PB_GRP1A	0.999053245	Pineal region tumors and retinoblastoma	0.986	Pineoblastoma	0.983	PB GROUP 1A	0.981
BS_57MSWRQZ	205624870137_R08C01	Low-Grade Glial/Glioneuronal/Neuroepithelial Tumours	0.587223485	Low-Grade Ganglioglial/Neuroepithelial Tumour	0.4604776	Supratentorial Pilocytic Astrocytoma	0.335917389	PA_CORT	0.335917389	Low-grade glial/glioneuronal tumors	0.914	Ganglioglioma	0.811	GG	0.811
BS_8FGT5MK8	205567980059_R01C01	Diffuse Glioma, Mapk Altered, Cell-Cycle Activated	0.999813529	Pleomorphic Xanthoastrocytoma(-Like)	0.999813172	Pleomorphic Xanthoastrocytoma(-Like)	0.999813172	PXA	0.999813172	Intermediate-grade IDH-wildtype gliomas	0.988	Pleomorphic xanthoastrocytoma	0.987	PXA	0.987
BS_CT0QDRYM	206430120107_R05C01	Medulloblastoma	0.997916729	Medulloblastoma, SHH-Activated	0.997370348	Medulloblastoma, SHH-Activated, Subtype 2	0.624158894	MB_SHH_2	0.624158894	Medulloblastoma	0.99	Medulloblastoma, SHH-activated	0.895	MB SHH 3	0.653
BS_RKYPWPRV	206390560188_R08C01	Medulloblastoma	0.999950775	Medulloblastoma Non-WNT/Non-SHH Activated	0.999943411	Medulloblastoma Group 4	0.999898877	MB_G34_VII	0.997975269	Medulloblastoma	0.991	Medulloblastoma, non-WNT/non-SHH, Group 4	0.989	MB G4 VII	0.989
BS_XA6NWYGK	205624900008_R02C01	Ependymal Tumours	0.999975909	Posterior Fossa Ependymoma Group A	0.999961584	Posterior Fossa Ependymoma Group A1	0.999891171	EPN_PFA_1C	0.998624381	Ependymal tumors	0.989	Posterior fossa group A (PFA) ependymoma	0.987	EPN PFA 1C	0.986
BS_VG51Q0NH	205624860143_R06C01	Choroid Plexus Tumours	0.999998761	Choroid Plexus Tumours	0.999998761	Choroid Plexus Tumours Subtype A	0.99999867	CPT_AD_A	0.999952209	Choroid plexus tumors	0.987	Choroid plexus papilloma	0.986	CPP AD	0.985
BS_MT8TPB0G	205624860106_R05C01	Cranial And Paraspinal Nerve Tumours	0.999983767	Schwann-Cell Tumours	0.999980758	Schwannoma	0.999977514	SCHW	0.999977514	Mesenchymal tumors	0.988	Schwannoma	0.987	SCHW	0.987
BS_9XNVJKVG	206402350019_R07C01	Choroid Plexus Tumours	0.999865114	Choroid Plexus Tumours	0.999865114	Choroid Plexus Tumours Subtype A	0.999855871	CPT_AD_A	0.999009672	Choroid plexus tumors	0.986	Choroid plexus papilloma	0.984	CPP AD	0.982
BS_B5V1MQ2M	205122170009_R08C01	Control Tissues	0.98794085	Control Brain Tissues	0.987940843	Control Tissue, Cerebellar Hemisphere	0.987940824	CTRL_CBM	0.987940824	Low-grade glial/glioneuronal tumors	0.988	Pilocytic astrocytoma	0.987	PA PF VAR	0.987
BS_S7BCFSJS	206402350019_R05C01	Medulloblastoma	0.998574933	Medulloblastoma Non-WNT/Non-SHH Activated	0.998338726	Medulloblastoma Group 3	0.99679387	MB_G34_III	0.91231179	Medulloblastoma	0.99	Medulloblastoma, non-WNT/non-SHH, Group 3	0.902	MB G3 III	0.528
BS_X11BE7CV	205648310114_R06C01	Paediatric-Type Diffuse High-Grade Gliomas	0.194211642	Paediatric-Type Diffuse High-Grade Gliomas	0.181044266	Diffuse Paediatric-Type High Grade Glioma, RTK1 Subtype	0.149892983	pedHGG_RTK1A	0.141097225	Pediatric-type high-grade gliomas	0.785	Diffuse pediatric-type high-grade glioma, H3-wildtype and IDH-wildtype	0.544	pedHGG RTK1A	0.46
BS_JE09WG8W	205657380125_R08C01	Paediatric-Type Diffuse High-Grade Gliomas	0.999997409	Infant-Type Hemispheric Glioma	0.999997301	Infant-Type Hemispheric Glioma	0.999997301	IHG	0.999997301	Pediatric-type high-grade gliomas	0.987	Infant-type hemispheric glioma	0.986	IHG TYP	0.986
BS_Z5QBHB6Z	206402350063_R05C01	Medulloblastoma	0.998206329	Medulloblastoma, SHH-Activated	0.997705855	Medulloblastoma, SHH-Activated, Subtype 3	0.824930208	MB_SHH_3	0.824930208	Medulloblastoma	0.991	Medulloblastoma, SHH-activated	0.985	MB SHH 3	0.982
BS_KQER6QAE	205657380050_R01C01	Medulloblastoma	0.932010938	Medulloblastoma, WNT Activated	0.665690601	Medulloblastoma, WNT Activated	0.665690601	MB_WNT	0.665690601	Medulloblastoma	0.989	Medulloblastoma, WNT-activated	0.895	MB WNT	0.895
BS_2Q8Q7P8V	205676390152_R07C01	Ependymal Tumours	0.76428735	Supratentorial Ependymoma, ZFTA Fusion-Positive	0.722068257	Supratentorial Ependymoma, ZFTA Fusion-Positive	0.601693207	EPN_ST_ZFTA_FUS_C	0.497188167	Ependymal tumors	0.559	Supratentorial ependymoma, ZFTA fusion-positive	0.211	EPN ST ZFTA RELA	0.148
BS_GSA8PYNF	205707910024_R01C01	Ependymal Tumours	0.99883216	Posterior Fossa Ependymoma Group A	0.997996499	Posterior Fossa Ependymoma Group A1	0.997217544	EPN_PFA_1C	0.985802994	Ependymal tumors	0.989	Posterior fossa group A (PFA) ependymoma	0.988	EPN PFA 1C	0.987
BS_C375937J	206430120162_R05C01	Tumours Of The Sellar Region	0.981752354	Craniopharyngioma	0.981101948	Papillary Craniopharyngioma	0.96437919	CPH_PAP	0.96437919	Epithelial tumors	0.981	Papillary craniopharyngioma	0.978	CPH PAP	0.978
BS_7BRX0YCQ	205657380125_R01C01	Ependymal Tumours	0.444251511	Paediatric-Type Diffuse High-Grade Gliomas	0.235968417	Diffuse Paediatric-Type High Grade Glioma, MYCN Subtype	0.220975896	pedHGG_MYCN	0.220975896	Diffuse glioma, IDH-mutant	0.447	Astrocytoma, IDH-mutant, high-grade	0.251	A IDH HG	0.251
BS_A1FZQGM1	205624860068_R03C01	Control Tissues	0.289530129	Control Tissue, Reactive Tumour Microenvironment	0.264236945	Control Tissue, Reactive Tumour Microenvironment	0.264236945	CTRL_REACTIVE	0.264236945	Low-grade glial/glioneuronal tumors	0.888	Pilocytic astrocytoma	0.773	PA ST	0.684
BS_G14RVCCY	206390560189_R03C01	Cranial And Paraspinal Nerve Tumours	0.992340583	Schwann-Cell Tumours	0.912215428	Schwannoma	0.911742369	SCHW	0.911742369	Mesenchymal tumors	0.989	Plexiform neurofibroma	0.978	NFIB PLEX	0.978
BS_WQ0R3VJ6	206430120054_R05C01	Paediatric-Type Diffuse High-Grade Gliomas	0.999922859	Diffuse Midline Glioma, H3k27-Altered	0.999922755	Diffuse Midline Glioma, H3 K27-Mutant / EZHIP Overexpressing	0.99992269	DMG_K27	0.99992269	Diffuse midline glioma, H3 K27-altered	0.987	Diffuse midline glioma, H3 K27-altered	0.987	DMG K27	0.987
BS_PV4N35MA	205657390049_R04C01	Pineal Parenchymal And Retinal Tumours	0.996540388	Pineal/Retinal RB1-related Tumour	0.995344545	Pineoblastoma, RB1-altered (pineal retinoblastoma)	0.92850881	PIN_RB	0.92850881	Pineal region tumors and retinoblastoma	0.959	Retinoblastoma	0.79	RB TYP	0.788
BS_X5M93E0R	206402350001_R01C01	Ependymal Tumours	0.877201972	Posterior Fossa Ependymoma Group B \& Posterior Fossa Subependymoma	0.632361236	Posterior Fossa Ependymoma Group B	0.603180879	EPN_PFB_3	0.528025055	Ependymal tumors	0.989	Posterior fossa group A (PFA) ependymoma	0.629	EPN PFA 1C	0.491
BS_X3B9QQRY	207356840106_R07C01	Paediatric-Type Diffuse High-Grade Gliomas	0.428406732	Paediatric-Type Diffuse High-Grade Gliomas	0.364434468	Glioblastoma, IDH-Wildtype, RTK2 Type	0.326017659	GBM_RTK2	0.326017659	Pediatric-type high-grade gliomas	0.986	Diffuse pediatric-type high-grade glioma, H3-wildtype and IDH-wildtype	0.981	pedHGG MYCN	0.977
BS_5E0DHGMD	206430120155_R04C01	Medulloblastoma	0.999986314	Medulloblastoma Non-WNT/Non-SHH Activated	0.99998492	Medulloblastoma Group 4	0.999651407	MB_G34_V	0.997848925	Medulloblastoma	0.991	Medulloblastoma, non-WNT/non-SHH, Group 4	0.989	MB G4 V	0.988
BS_D3QJ9496	207356840032_R08C01	Other CNS Embryonal Tumours	0.999858555	Atypical Teratoid Rhabdoid Tumour	0.983458699	Atypical Teratoid Rhabdoid Tumour, Tyrosinase Activated	0.983321833	ATRT_TYR	0.983321833	SMARC-altered tumors	0.987	Atypical teratoid/rhabdoid tumor	0.985	ATRT TYR	0.979
BS_BRPND7SC	205624860068_R07C01	Medulloblastoma	0.999323622	Medulloblastoma Non-WNT/Non-SHH Activated	0.999236434	Medulloblastoma Group 3	0.996196192	MB_G34_III	0.957370292	Medulloblastoma	0.991	Medulloblastoma, non-WNT/non-SHH, Group 3	0.989	MB G3 III	0.988
BS_3ND4Q1HV	205125590007_R03C01	Low-Grade Glial/Glioneuronal/Neuroepithelial Tumours	0.999994164	Pilocytic Astrocytoma	0.99998798	Infratentorial Pilocytic Astrocytoma	0.999971149	PA_INF	0.999971149	Low-grade glial/glioneuronal tumors	0.99	Pilocytic astrocytoma	0.989	PA PF TYP	0.988
BS_F7FDXTCB	207356850179_R07C01	Paediatric-Type Diffuse High-Grade Gliomas	0.999806416	Diffuse Midline Glioma, H3k27-Altered	0.999805346	Diffuse Midline Glioma, H3 K27-Mutant / EZHIP Overexpressing	0.999805343	DMG_K27	0.999805343	Diffuse midline glioma, H3 K27-altered	0.987	Diffuse midline glioma, H3 K27-altered	0.987	DMG K27	0.987
BS_80Z351WQ	205707890103_R08C01	Medulloblastoma	0.970730687	Medulloblastoma Non-WNT/Non-SHH Activated	0.966313381	Medulloblastoma Group 3	0.690840373	MB_G34_III	0.504927617	Medulloblastoma	0.991	Medulloblastoma, non-WNT/non-SHH, Group 3	0.619	MB G3 III	0.432
BS_TVZQJP7B	206430120136_R06C01	Control Tissues	0.240712378	Control Brain Tissues	0.237319502	Control Tissue, Hemispheric Cortex	0.180845279	CTRL_HEMI	0.180845279	Low-grade glial/glioneuronal tumors	0.452	Ganglioglioma	0.298	GG	0.298
BS_Z2QKNA0W	206390560054_R02C01	Cranial And Paraspinal Nerve Tumours	0.702429364	Cranial And Paraspinal Nerve Tumours	0.406158372	Plexiform Neurofibroma	0.295449534	NFIB_PLEX	0.295449534	Mesenchymal tumors	0.95	Plexiform neurofibroma	0.5	NFIB PLEX	0.5
BS_5RY21RR0	206402350085_R05C01	Paediatric-Type Diffuse High-Grade Gliomas	0.575200884	Paediatric-Type Diffuse High-Grade Gliomas	0.572298646	Diffuse Paediatric-Type High Grade Glioma, RTK1 Subtype	0.570942099	pedHGG_RTK1C	0.567922923	Pediatric-type high-grade gliomas	0.7	Diffuse pediatric-type high-grade glioma, H3-wildtype and IDH-wildtype	0.603	pedHGG RTK1C	0.245
BS_RCJ0W175	206390560119_R01C01	Medulloblastoma	0.540389396	Medulloblastoma, SHH-Activated	0.539280885	Medulloblastoma, SHH-Activated, Subtype 2	0.535437264	MB_SHH_2	0.535437264	Medulloblastoma	0.927	Medulloblastoma, SHH-activated	0.705	MB SHH 2	0.66
BS_QM04ATPB	205624900125_R06C01	Inflammatory Microenvironment	0.470609414	Inflammatory Microenvironment	0.470609414	Inflammatory Microenvironment	0.470609414	INFLAM_ENV	0.470609414	Control tissues	0.364	Control tissue, reactive tumor microenvironment	0.314	CONTR REACT	0.314
BS_T7FGWZC1	205624870063_R03C01	Low-Grade Glial/Glioneuronal/Neuroepithelial Tumours	0.9999969	Pilocytic Astrocytoma	0.999996049	Supratentorial Midline Pilocytic Astrocytoma	0.99997767	PA_MID	0.99997767	Low-grade glial/glioneuronal tumors	0.99	Pilocytic astrocytoma	0.988	PA MID	0.987
BS_PZ6ZDNV1	205624660018_R06C01	Tumours Of The Sellar Region	0.999258419	PitNET	0.99924864	PitNET, STH-Subtype	0.928756999	PITNET_STH_DENSE1	0.925041822	Neuroendocrine tumors	0.984	Pituitary adenoma / pituitary neuroendocrine tumor	0.983	PITAD STH DENSE A	0.979
BS_ZR660J77	205624900139_R04C01	Diffuse Glioma, Mapk Altered, Cell-Cycle Activated	0.999612556	Pleomorphic Xanthoastrocytoma(-Like)	0.999611601	Pleomorphic Xanthoastrocytoma(-Like)	0.999611601	PXA	0.999611601	Intermediate-grade IDH-wildtype gliomas	0.988	Pleomorphic xanthoastrocytoma	0.986	PXA	0.986
BS_S4R86VPX	206402350072_R08C01	Paediatric-Type Diffuse High-Grade Gliomas	0.992440201	Diffuse Midline Glioma, H3k27-Altered	0.992044916	Diffuse Midline Glioma, H3 K27-Mutant / EZHIP Overexpressing	0.992043302	DMG_K27	0.992043302	Diffuse midline glioma, H3 K27-altered	0.987	Diffuse midline glioma, H3 K27-altered	0.987	DMG K27	0.987
BS_HR5ZGJ2N	205624860068_R04C01	Medulloblastoma	0.999527049	Medulloblastoma, SHH-Activated	0.999416204	Medulloblastoma, SHH-Activated, Subtype 1	0.990590146	MB_SHH_1	0.990590146	Medulloblastoma	0.99	Medulloblastoma, SHH-activated	0.988	MB SHH 1	0.987
BS_KA97MNBE	207356840021_R03C01	Adult-Type Diffuse Gliomas	0.999654164	Diffuse Glioma, IDH Mutant	0.999633344	Diffuse Glioma, IDH-Mutant And 1p19q Retained [Astroglial Type]	0.999141334	A_IDH_LG	0.998027964	Diffuse glioma, IDH-mutant	0.987	Astrocytoma, IDH-mutant, lower-grade	0.985	A IDH LG	0.985
BS_2ETZRJQ6	205676380019_R05C01	Paediatric-Type Diffuse High-Grade Gliomas	0.999742172	Paediatric-Type Diffuse High-Grade Gliomas	0.999736855	Diffuse Hemispheric Glioma, H3 G34-Mutant	0.999637809	DHG_G34	0.999637809	Pediatric-type high-grade gliomas	0.987	Diffuse hemispheric glioma, H3 G34-mutant	0.984	DHG G34	0.984
BS_DXKYMFRY	205624900009_R02C01	Meningioma	0.999158783	Meningioma	0.999158783	Meningioma, Benign	0.988254407	MNG_BEN_3	0.983898177	Meningioma	0.988	Meningioma, benign	0.983	MNG BEN 3	0.964
BS_RVAH1AZV	205624880007_R04C01	Low-Grade Glial/Glioneuronal/Neuroepithelial Tumours	0.999996052	Pilocytic Astrocytoma	0.999986186	Infratentorial Pilocytic Astrocytoma	0.99998381	PA_INF	0.99998381	Low-grade glial/glioneuronal tumors	0.989	Pilocytic astrocytoma	0.988	PA PF TYP	0.988
BS_64PSB5ZD	205657390087_R05C01	Ependymal Tumours	0.996970654	Posterior Fossa Ependymoma Group A	0.996379048	Posterior Fossa Ependymoma Group A1	0.992633238	EPN_PFA_1A	0.64517593	Ependymal tumors	0.989	Posterior fossa group A (PFA) ependymoma	0.945	EPN PFA 1A	0.901
BS_H07WTQEH	205624860106_R01C01	Paediatric-Type Diffuse High-Grade Gliomas	0.95016214	Paediatric-Type Diffuse High-Grade Gliomas	0.94969743	Diffuse Hemispheric Glioma, H3 G34-Mutant	0.944127018	DHG_G34	0.944127018	Pediatric-type high-grade gliomas	0.986	Diffuse hemispheric glioma, H3 G34-mutant	0.985	DHG G34	0.985
BS_T3M9V6Q6	205657380092_R02C01	Germ Cell Tumours	0.999770468	Germ Cell Tumours Of The CNS	0.999770468	(Immature) Teratoma	0.999770385	GCT_TERA	0.999770385	Other tumors	0.981	Teratoma	0.979	GCT TERA	0.979
BS_XPMXG9GX	207356840106_R06C01	Paediatric-Type Diffuse High-Grade Gliomas	0.999479789	Paediatric-Type Diffuse High-Grade Gliomas	0.999467847	Diffuse Hemispheric Glioma, H3 G34-Mutant	0.999260694	DHG_G34	0.999260694	Pediatric-type high-grade gliomas	0.987	Diffuse hemispheric glioma, H3 G34-mutant	0.985	DHG G34	0.985
BS_1YMQ0TXS	206430120127_R02C01	Medulloblastoma	0.996358366	Medulloblastoma Non-WNT/Non-SHH Activated	0.994528388	Medulloblastoma Group 3	0.981399831	MB_G34_II	0.612226877	Medulloblastoma	0.991	Medulloblastoma, non-WNT/non-SHH, Group 3	0.975	MB G3 I	0.955
BS_Q7XDVSH5	205128000053_R03C01	Tumours Of The Sellar Region	0.747492111	Craniopharyngioma	0.736902431	Adamantinomatous Craniopharyngioma	0.681314929	CPH_ADM	0.681314929	Epithelial tumors	0.983	Adamantinomatous craniopharyngioma	0.979	CPH ADM	0.979
BS_PR0RW5FK	205624900161_R04C01	Control Tissues	0.999135989	Control Brain Tissues	0.99913308	Control Tissue, Hemispheric Cortex	0.999065215	CTRL_HEMI	0.999065215	Control tissues	0.98	Control tissue, cerebral hemisphere	0.906	CONTR HEMI	0.906
BS_AVD6SX1D	207343240057_R06C01	Inflammatory Microenvironment	0.994448095	Inflammatory Microenvironment	0.994448095	Inflammatory Microenvironment	0.994448095	INFLAM_ENV	0.994448095	Control tissues	0.975	Control tissue, inflammatory microenvironment	0.947	CONTR INFLAM	0.947
BS_9JBGVQ0M	205624870137_R01C01	Low-Grade Glial/Glioneuronal/Neuroepithelial Tumours	0.843136228	Low-Grade Ganglioglial/Neuroepithelial Tumour	0.816907242	Supratentorial Pilocytic Astrocytoma	0.816795544	PA_CORT	0.816795544	Low-grade glial/glioneuronal tumors	0.979	Pilocytic astrocytoma	0.977	PA ST	0.976
BS_WVXBBMBE	205707900146_R04C01	Ependymal Tumours	0.999989709	Spinal Ependymoma	0.999979504	Spinal Ependymoma	0.999979296	EPN_SPINE	0.999979296	Ependymal tumors	0.989	Spinal ependymoma	0.987	EPN SPINE	0.987
BS_X4W7RWVN	206390560121_R06C01	Choroid Plexus Tumours	0.999588267	Choroid Plexus Tumours	0.999588267	Choroid Plexus Tumours Subtype A	0.999548817	CPT_PED_A	0.999351323	Choroid plexus tumors	0.985	Choroid plexus papilloma	0.983	CPP PED	0.982
BS_9WFPXJKV	205676390004_R02C01	Low-Grade Glial/Glioneuronal/Neuroepithelial Tumours	0.979492024	Pilocytic Astrocytoma	0.978416592	Infratentorial Pilocytic Astrocytoma	0.978299267	PA_INF	0.978299267	Low-grade glial/glioneuronal tumors	0.989	Pilocytic astrocytoma	0.988	PA PF VAR	0.987
BS_N61N7H1D	209890270010_R07C01	Paediatric-Type Diffuse High-Grade Gliomas	0.836488696	Diffuse Midline Glioma, H3k27-Altered	0.825404867	Diffuse Midline Glioma, H3 K27-Mutant / EZHIP Overexpressing	0.824725696	DMG_K27	0.824725696	Pediatric-type high-grade gliomas	0.707	H3 K27 and MAPK-altered glioma	0.339	H3K27 MAPK	0.282
BS_X6GNJ28N	205657380110_R06C01	Low-Grade Glial/Glioneuronal/Neuroepithelial Tumours	0.993390563	Pilocytic Astrocytoma	0.989316836	Supratentorial Midline Pilocytic Astrocytoma	0.914931135	PA_MID	0.914931135	Low-grade glial/glioneuronal tumors	0.989	Pilocytic astrocytoma	0.988	PA MID	0.986
BS_NW4MHHTV	205657380024_R05C01	Paediatric-Type Diffuse High-Grade Gliomas	0.996738545	Diffuse Midline Glioma, H3k27-Altered	0.99668467	Diffuse Midline Glioma, H3 K27-Mutant / EZHIP Overexpressing	0.99668279	DMG_K27	0.99668279	Diffuse midline glioma, H3 K27-altered	0.98	Diffuse midline glioma, H3 K27-altered	0.98	DMG K27	0.98
BS_H7C86CTR	205567990034_R07C01	Low-Grade Glial/Glioneuronal/Neuroepithelial Tumours	0.974033344	Low-Grade Ganglioglial/Neuroepithelial Tumour	0.969724541	Polymorphous Low-Grade Neuroepithelial Tumour Of The Young	0.752834586	PLNTY	0.752834586	Low-grade glial/glioneuronal tumors	0.988	Ganglioglioma	0.973	GG	0.973
BS_WHEVP8BJ	206430120132_R01C01	Paediatric-Type Diffuse High-Grade Gliomas	0.686551411	Paediatric-Type Diffuse High-Grade Gliomas	0.678620329	Diffuse Paediatric-Type High Grade Glioma, RTK2 Subtype	0.463749561	pedHGG_RTK2B	0.453147956	Pediatric-type high-grade gliomas	0.978	Diffuse pediatric-type high-grade glioma, H3-wildtype and IDH-wildtype	0.942	pedHGG MYCN	0.893
BS_EWWYSVEB	205676390146_R05C01	Low-Grade Glial/Glioneuronal/Neuroepithelial Tumours	0.907439663	Pilocytic Astrocytoma	0.904458318	Infratentorial Pilocytic Astrocytoma	0.904023716	PA_INF	0.904023716	Low-grade glial/glioneuronal tumors	0.989	Pilocytic astrocytoma	0.989	PA PF VAR	0.988
BS_63ZF995R	206390560112_R06C01	Tumours Of The Sellar Region	0.999889458	Craniopharyngioma	0.999884074	Adamantinomatous Craniopharyngioma	0.999884058	CPH_ADM	0.999884058	Epithelial tumors	0.988	Adamantinomatous craniopharyngioma	0.986	CPH ADM	0.986
BS_STM8KGG0	205657380118_R02C01	Circumscribed Astrocytic Tumours	0.194607415	Subependymal Giant Cell Astrocytoma	0.193131345	Subependymal Giant Cell Astrocytoma	0.193131345	SEGA	0.193131345	Mesenchymal tumors	0.909	Intracranial mesenchymal tumor, FET:CREB fusion-positive	0.29	ICMT A	0.287
BS_4K6Y2TEH	205707890108_R04C01	Choroid Plexus Tumours	0.999109547	Choroid Plexus Tumours	0.999109547	Choroid Plexus Tumours Subtype A	0.99872444	CPT_PED_A	0.977978934	Choroid plexus tumors	0.987	Choroid plexus papilloma	0.983	CPP PED	0.948
BS_5AEBR8CK	205676380130_R01C01	Other CNS Embryonal Tumours	0.999998546	Embryonal Tumour With Multilayered Rosettes	0.999998478	Embryonal Tumour With Multilayered Rosettes, C19MC Altered	0.99999847100000006	ETMR_C19MC	0.99999847100000006	Neuroblastic embryonal tumors	0.985	Embryonal tumor with multilayered rosettes	0.984	ETMR C19MC	0.984
BS_DZXR2RVP	206390560112_R05C01	Tumours Of The Sellar Region	0.242043144	Craniopharyngioma	0.215474693	Papillary Craniopharyngioma	0.125369575	CPH_PAP	0.125369575	Epithelial tumors	0.69	Adamantinomatous craniopharyngioma	0.465	CPH ADM	0.465
BS_JVSMR4M7	205707900165_R02C01	Ependymal Tumours	0.999999992	Supratentorial Ependymoma, ZFTA Fusion-Positive	0.999999953	Supratentorial Ependymoma, ZFTA:rela Fusion-Positive	0.999999918	EPN_ST_ZFTA_RELA_A	0.999999915	Ependymal tumors	0.989	Supratentorial ependymoma, ZFTA fusion-positive	0.987	EPN ST ZFTA RELA	0.987
BS_TKJPEPA9	206390560106_R08C01	Ependymal Tumours	0.999443693	Posterior Fossa Ependymoma Group A	0.999255932	Posterior Fossa Ependymoma Group A1	0.998983234	EPN_PFA_1E	0.89725338	Ependymal tumors	0.989	Posterior fossa group A (PFA) ependymoma	0.9	EPN PFA 1E	0.616
BS_XMHRZM1M	205657380050_R02C01	Low-Grade Glial/Glioneuronal/Neuroepithelial Tumours	0.999052824	Pilocytic Astrocytoma	0.998466423	Supratentorial Midline Pilocytic Astrocytoma	0.994239594	PA_MID	0.994239594	Low-grade glial/glioneuronal tumors	0.99	Pilocytic astrocytoma	0.988	PA MID	0.986
BS_32NR982Z	206390560049_R04C01	Medulloblastoma	0.991159742	Medulloblastoma Non-WNT/Non-SHH Activated	0.989885528	Medulloblastoma Group 3	0.522642105	MB_G34_V	0.409093673	Medulloblastoma	0.991	Medulloblastoma, non-WNT/non-SHH, Group 4	0.947	MB G4 V	0.925
BS_58QXGDP3	207211180125_R02C01	Other CNS Embryonal Tumours	0.999828271	Atypical Teratoid Rhabdoid Tumour	0.999813542	Atypical Teratoid Rhabdoid Tumour, SHH Activated	0.999766645	ATRT_SHH	0.999766645	SMARC-altered tumors	0.987	Atypical teratoid/rhabdoid tumor	0.987	ATRT SHH	0.986
BS_BQJ7WV6J	205707890059_R07C01	Ependymal Tumours	0.999906962	Posterior Fossa Ependymoma Group A	0.999894455	Posterior Fossa Ependymoma Group A1	0.999871703	EPN_PFA_1B	0.965533724	Ependymal tumors	0.989	Posterior fossa group A (PFA) ependymoma	0.986	EPN PFA 1B	0.985
BS_XYZR2GXG	206430120161_R04C01	Meningioma	0.271428746	Meningioma	0.271428746	Meningioma, Benign	0.253561185	MNG_BEN_1	0.235316104	Mesenchymal tumors	0.884	Intracranial mesenchymal tumor, FET:CREB fusion-positive	0.558	ICMT A	0.556
BS_T00BV19M	206402350009_R03C01	Control Tissues	0.684107827	Control Brain Tissues	0.682472945	Control Tissue, Hemispheric Cortex	0.678495799	CTRL_HEMI	0.678495799	Control tissues	0.65	Control tissue, cerebral hemisphere	0.638	CONTR HEMI	0.638
BS_FQBXD8N3	205657380110_R07C01	Control Tissues	0.746347089	Control Brain Tissues	0.746321485	Control Tissue, Cerebellar Hemisphere	0.746230756	CTRL_CBM	0.746230756	Low-grade glial/glioneuronal tumors	0.787	Pilocytic astrocytoma	0.786	PA PF VAR	0.786
BS_FXWKR0XJ	205624860029_R02C01	Low-Grade Glial/Glioneuronal/Neuroepithelial Tumours	0.999943213	Pilocytic Astrocytoma	0.999874148	Infratentorial Pilocytic Astrocytoma	0.999698729	PA_INF	0.999698729	Low-grade glial/glioneuronal tumors	0.99	Pilocytic astrocytoma	0.989	PA PF TYP	0.988
BS_MD7H76N7	205707900155_R03C01	Ependymal Tumours	0.999730597	Posterior Fossa Ependymoma Group A	0.999697007	Posterior Fossa Ependymoma Group A1	0.999617499	EPN_PFA_1F	0.998333829	Ependymal tumors	0.989	Posterior fossa group A (PFA) ependymoma	0.988	EPN PFA 1F	0.987
BS_47GABKYC	205707900172_R02C01	Medulloblastoma	0.999496307	Medulloblastoma Non-WNT/Non-SHH Activated	0.999437145	Medulloblastoma Group 3	0.999097898	MB_G34_III	0.972338431	Medulloblastoma	0.991	Medulloblastoma, non-WNT/non-SHH, Group 3	0.989	MB G3 III	0.988
BS_MRKKFB7E	205624860012_R04C01	Mesenchymal, Non-Meningothelial Tumours Involving The CNS	0.551112215	Notochordal Tumours	0.523953058	Chordoma	0.523953058	CHORDM	0.523953058	Mesenchymal tumors	0.985	Poorly differentiated chordoma	0.979	CHORDM PD	0.979
BS_0BBRFX5Z	207356850155_R01C01	Other CNS Embryonal Tumours	0.999303519	Atypical Teratoid Rhabdoid Tumour	0.999251906	Atypical Teratoid Rhabdoid Tumour, SHH Activated	0.998709204	ATRT_SHH	0.998709204	SMARC-altered tumors	0.984	Atypical teratoid/rhabdoid tumor	0.984	ATRT SHH	0.983
BS_J619JC0A	205624900125_R03C01	Paediatric-Type Diffuse High-Grade Gliomas	0.556644826	Paediatric-Type Diffuse High-Grade Gliomas	0.555013551	Diffuse Paediatric-Type High Grade Glioma, RTK1 Subtype	0.554525327	pedHGG_RTK1C	0.553926063	Pediatric-type high-grade gliomas	0.65	Diffuse pediatric-type high-grade glioma, H3-wildtype and IDH-wildtype	0.579	pedHGG RTK1C	0.478
BS_554AS76R	205707900126_R06C01	Ependymal Tumours	0.742365393	Supratentorial Ependymoma, ZFTA Fusion-Positive	0.72933507	Supratentorial Ependymoma, ZFTA Fusion-Positive	0.539119343	EPN_ST_ZFTA_FUS_D	0.465888154	Ependymal tumors	0.874	Supratentorial ependymoma, ZFTA fusion-positive	0.647	EPN ST ZFTA RELA	0.632
BS_P26GF314	205657390069_R07C01	Low-Grade Glial/Glioneuronal/Neuroepithelial Tumours	0.999999054	Low-Grade Glioneuronal Tumour	0.999999046	Extraventricular Neurocytoma	0.999999019	EVNCYT	0.999999019	Low-grade glial/glioneuronal tumors	0.989	Extraventricular neurocytoma	0.986	EVNCYT	0.986
BS_10N6X5N8	206390560063_R03C01	Low-Grade Glial/Glioneuronal/Neuroepithelial Tumours	0.660046974	Pilocytic Astrocytoma	0.527797617	Supratentorial Midline Pilocytic Astrocytoma	0.46497941	PA_MID	0.46497941	Low-grade glial/glioneuronal tumors	0.989	Pilocytic astrocytoma	0.961	PA MID	0.937
BS_G2Y7FCXS	206430120161_R05C01	Tumours Of The Sellar Region	0.901390773	Pituicytoma, Granular Cell Tumour Of The Sellar Region, And Spindle-Cell Oncocytoma	0.898374611	Pituicytoma, Granular Cell Tumour Of The Sellar Region, And Spindle-Cell Oncocytoma	0.898374611	PITUI	0.898374611	Other tumors	0.379	Pituicytoma, granular cell tumor of the sellar region, and spindle cell oncocytoma	0.283	PITUI	0.283
BS_ZBHB9GQ9	205624900022_R07C01	Paediatric-Type Diffuse High-Grade Gliomas	0.998915682	Infant-Type Hemispheric Glioma	0.998809652	Infant-Type Hemispheric Glioma	0.998809652	IHG	0.998809652	Pediatric-type high-grade gliomas	0.987	Infant-type hemispheric glioma	0.986	IHG TYP	0.985
BS_MJ6K7TE6	205624860068_R05C01	Ependymal Tumours	0.334244821	Posterior Fossa Ependymoma Group A	0.153092428	Papillary Tumour Of The Pineal Region	0.140324158	PTPR_B	0.0824171	Pineal region tumors and retinoblastoma	0.31	Papillary tumor of the pineal region	0.291	PTPR B	0.287
BS_98P54544	206402350055_R03C01	Paediatric-Type Diffuse High-Grade Gliomas	0.999496191	Paediatric-Type Diffuse High-Grade Gliomas	0.999490801	Diffuse Paediatric-Type High Grade Glioma, H3 Wildtype And IDH Wild Type, Subtype A\&B (Novel)	0.996860228	pedHGG_A	0.996852812	Pediatric-type high-grade gliomas	0.987	Diffuse pediatric-type high-grade glioma, H3-wildtype and IDH-wildtype	0.968	pedHGG A	0.935
BS_Z7RSRCX9	205657390049_R05C01	Ependymal Tumours	0.998119826	Supratentorial Ependymoma, ZFTA Fusion-Positive	0.997246264	Supratentorial Ependymoma, ZFTA:rela Fusion-Positive	0.995242842	EPN_ST_ZFTA_RELA_A	0.995227783	Ependymal tumors	0.989	Supratentorial ependymoma, ZFTA fusion-positive	0.983	EPN ST ZFTA RELA	0.983
BS_SBG1T91R	206402350001_R02C01	Mesenchymal, Non-Meningothelial Tumours Involving The CNS	0.999995721	Tumours Of Uncertain Differentiation	0.999995605	Ewing Sarcoma	0.999995386	EWS	0.999995386	Neuroblastic embryonal tumors	0.985	Ewing sarcoma	0.983	EWS	0.983
BS_0TD5GMZ8	205624860108_R02C01	Control Tissues	0.58496984	Control Tissue, Reactive Tumour Microenvironment	0.516867536	Control Tissue, Reactive Tumour Microenvironment	0.516867536	CTRL_REACTIVE	0.516867536	Control tissues	0.884	Control tissue, reactive tumor microenvironment	0.748	CONTR REACT	0.748
BS_T89RQNXB	205567990005_R07C01	Inflammatory Microenvironment	0.962885662	Inflammatory Microenvironment	0.962885662	Inflammatory Microenvironment	0.962885662	INFLAM_ENV	0.962885662	Control tissues	0.776	Control tissue, inflammatory microenvironment	0.743	CONTR INFLAM	0.743
BS_PW5VPQKX	206402350085_R04C01	Medulloblastoma	0.847436631	Medulloblastoma, SHH-Activated	0.810578523	Medulloblastoma, SHH-Activated, Subtype 2	0.793467548	MB_SHH_2	0.793467548	Low-grade glial/glioneuronal tumors	0.935	Pilocytic astrocytoma	0.934	PA PF VAR	0.933
BS_AN87J6X2	205707900087_R02C01	Meningioma	0.999128888	Meningioma	0.999128888	Meningioma, Benign	0.988948379	MNG_BEN_1	0.988812325	Meningioma	0.988	Meningioma, benign	0.98	MNG BEN 1	0.977
BS_NZH84ANE	209202540021_R08C01	Low-Grade Glial/Glioneuronal/Neuroepithelial Tumours	0.999673709	Pilocytic Astrocytoma	0.999128883	Infratentorial Pilocytic Astrocytoma	0.998797968	PA_INF	0.998797968	Low-grade glial/glioneuronal tumors	0.99	Pilocytic astrocytoma	0.988	PA PF TYP	0.988
BS_RBPSDM98	205566000058_R03C01	Low-Grade Glial/Glioneuronal/Neuroepithelial Tumours	0.828724918	Pilocytic Astrocytoma	0.796655014	Infratentorial Pilocytic Astrocytoma	0.7927782	PA_INF	0.7927782	Low-grade glial/glioneuronal tumors	0.989	Pilocytic astrocytoma	0.961	PA PF TYP	0.808
BS_42X5PNA0	205624870062_R07C01	Circumscribed Astrocytic Tumours	0.999637245	Subependymal Giant Cell Astrocytoma	0.999635064	Subependymal Giant Cell Astrocytoma	0.999635064	SEGA	0.999635064	Low-grade glial/glioneuronal tumors	0.989	Subependymal giant cell astrocytoma	0.983	SEGA	0.983
BS_FS31ZQDG	205624900023_R04C01	Paediatric-Type Diffuse High-Grade Gliomas	0.999892748	Paediatric-Type Diffuse High-Grade Gliomas	0.999891297	Diffuse Hemispheric Glioma, H3 G34-Mutant	0.999883812	DHG_G34	0.999883812	Pediatric-type high-grade gliomas	0.987	Diffuse hemispheric glioma, H3 G34-mutant	0.986	DHG G34	0.986
BS_YM9EJZYF	205707890059_R04C01	Ependymal Tumours	0.999617017	Posterior Fossa Ependymoma Group A	0.999571795	Posterior Fossa Ependymoma Group A1	0.999480744	EPN_PFA_1A	0.959819482	Ependymal tumors	0.989	Posterior fossa group A (PFA) ependymoma	0.987	EPN PFA 1A	0.986
BS_PX2GS0TD	206390560168_R07C01	Other CNS Embryonal Tumours	0.999963096	CNS Embryonal Tumour With PLAG-Family Amplification	0.999963034	CNS Embryonal Tumour With PLAG-Family Amplification	0.999963034	ET_PLAG	0.999963034	Neuroblastic embryonal tumors	0.984	CNS embryonal tumor with PLAG-family amplification	0.978	CNS PLAG AMP	0.978
BS_5TN2QNQK	205589730113_R08C01	Paediatric-Type Diffuse High-Grade Gliomas	0.999567244	Infant-Type Hemispheric Glioma	0.999512105	Infant-Type Hemispheric Glioma	0.999512105	IHG	0.999512105	Pediatric-type high-grade gliomas	0.987	Infant-type hemispheric glioma	0.985	IHG TYP	0.985
BS_2DPWXV8H	205707900163_R06C01	Other CNS Embryonal Tumours	0.99715266	Atypical Teratoid Rhabdoid Tumour	0.996967927	Atypical Teratoid Rhabdoid Tumour, MYC Activated	0.996584552	ATRT_MYC	0.996584552	SMARC-altered tumors	0.986	Atypical teratoid/rhabdoid tumor	0.985	ATRT MYC	0.984
BS_SDV5CN6V	206430120137_R03C01	Medulloblastoma	0.999451522	Medulloblastoma, SHH-Activated	0.999329847	Medulloblastoma, SHH-Activated, Subtype 1	0.934419626	MB_SHH_1	0.934419626	Medulloblastoma	0.99	Medulloblastoma, SHH-activated	0.988	MB SHH 1	0.987
BS_458X47PJ	205676390142_R05C01	Cranial And Paraspinal Nerve Tumours	0.99793492	Cranial And Paraspinal Nerve Tumours	0.686670408	Plexiform Neurofibroma	0.686555475	NFIB_PLEX	0.686555475	Mesenchymal tumors	0.988	Plexiform neurofibroma	0.962	NFIB PLEX	0.962
BS_ETHBPZBE	205707900009_R03C01	Inflammatory Microenvironment	0.624190795	Inflammatory Microenvironment	0.624190795	Inflammatory Microenvironment	0.624190795	INFLAM_ENV	0.624190795	Hematopoietic tumors	0.968	Langerhans cell histiocytosis	0.967	LCH	0.967
BS_5PBWNSW1	205567990085_R08C01	Medulloblastoma	0.999646774	Medulloblastoma Non-WNT/Non-SHH Activated	0.999601683	Medulloblastoma Group 4	0.999554623	MB_G34_VIII	0.999105136	Medulloblastoma	0.991	Medulloblastoma, non-WNT/non-SHH, Group 4	0.989	MB G4 VIII	0.989
BS_K6ZFB2CJ	206390560108_R04C01	Adult-Type Diffuse Gliomas	0.660729047	Diffuse High-Grade Neuroepithelial Tumour [Adult-Type]	0.629096029	Gliomatosis Cerebri-like Glioma, IDH-wildtype	0.623694687	GCG	0.623694687	Pediatric-type high-grade gliomas	0.946	Diffuse pediatric-type high-grade glioma, H3-wildtype and IDH-wildtype	0.938	pedHGG MYCN	0.93
BS_P9JVPHRF	205676390090_R07C01	Paediatric-Type Diffuse High-Grade Gliomas	0.996105074	Diffuse Midline Glioma, H3k27-Altered	0.995903564	Diffuse Midline Glioma, H3 K27-Mutant / EZHIP Overexpressing	0.995851372	DMG_K27	0.995851372	Diffuse midline glioma, H3 K27-altered	0.986	Diffuse midline glioma, H3 K27-altered	0.986	DMG K27	0.985
BS_2PJ73SPC	205566000058_R05C01	Low-Grade Glial/Glioneuronal/Neuroepithelial Tumours	0.999836832	Pilocytic Astrocytoma	0.999125292	Infratentorial Pilocytic Astrocytoma	0.999035315	PA_INF	0.999035315	Low-grade glial/glioneuronal tumors	0.99	Pilocytic astrocytoma	0.988	PA PF TYP	0.988
BS_XPBRB9S7	205566000176_R05C01	Mesenchymal, Non-Meningothelial Tumours Involving The CNS	0.996685948	Tumours Of Uncertain Differentiation	0.996682388	Primary Intracranial Sarcoma, DICER1-Mutant	0.99665202	CNS_SARC_DICER	0.99665202	Mesenchymal tumors	0.989	Primary intracranial sarcoma, DICER1-mutant	0.988	CNS SARC DICER	0.988
BS_AM8F20NC	206390560054_R04C01	Mesenchymal, Non-Meningothelial Tumours Involving The CNS	0.433468764	Notochordal Tumours	0.299287056	Chordoma	0.299287056	CHORDM	0.299287056	Mesenchymal tumors	0.988	Chondrosarcoma	0.778	CSA CC	0.581
BS_YQR6Q53H	205624860161_R06C01	Mesenchymal, Non-Meningothelial Tumours Involving The CNS	0.999999435	Tumours Of Uncertain Differentiation	0.999999421	Ewing Sarcoma	0.999999396	EWS	0.999999396	Neuroblastic embryonal tumors	0.985	Ewing sarcoma	0.984	EWS	0.984
BS_ZTX41A49	205676390133_R08C01	Ependymal Tumours	0.999992599	Posterior Fossa Ependymoma Group A	0.999991586	Posterior Fossa Ependymoma Group A1	0.999988762	EPN_PFA_1B	0.999783913	Ependymal tumors	0.989	Posterior fossa group A (PFA) ependymoma	0.988	EPN PFA 1B	0.987
BS_3WYGSH4H	205624860155_R02C01	Cranial And Paraspinal Nerve Tumours	0.999119577	Schwann-Cell Tumours	0.86833316	Schwannoma	0.868275642	SCHW	0.868275642	Mesenchymal tumors	0.988	Plexiform neurofibroma	0.968	NFIB PLEX	0.968
BS_TAE9W043	207356840032_R02C01	Rhabdomyosarcoma	0.735040284	Embryonal And MYOD1-Mutant Rhabdomyosarcoma	0.608048025	Rhabdomyosarcoma, Embryonal Subtype	0.587162383	ERMS	0.587162383	Mesenchymal tumors	0.988	Plexiform neurofibroma	0.34	NFIB PLEX	0.34
BS_MDK6JNTS	207356840106_R02C01	Ependymal Tumours	0.205038483	Paediatric-Type Diffuse High-Grade Gliomas	0.082607227	Diffuse Paediatric-Type High Grade Glioma, MYCN Subtype	0.052466043	pedHGG_MYCN	0.052466043	Mesenchymal tumors	0.363	Intracranial mesenchymal tumor, FET:CREB fusion-positive	0.204	ICMT B	0.193
BS_RD0CVYKF	206402350061_R02C01	Meningioma	0.998240439	Meningioma	0.998240439	Meningioma, Intermediate	0.947461451	MNG_INT_A	0.94703673	Meningioma	0.988	Meningioma, intermediate	0.986	MNG INT A	0.986
BS_K9ZKFWAS	205707900165_R01C01	Germ Cell Tumours	0.995318798	Germ Cell Tumours Of The CNS	0.995318798	(Immature) Teratoma	0.995312278	GCT_TERA	0.995312278	Other tumors	0.978	Teratoma	0.976	GCT TERA	0.976
BS_FJCG5W3E	206430120148_R03C01	Other CNS Embryonal Tumours	0.999972636	Atypical Teratoid Rhabdoid Tumour	0.999968729	Atypical Teratoid Rhabdoid Tumour, MYC Activated	0.999762547	ATRT_MYC	0.999762547	SMARC-altered tumors	0.986	Atypical teratoid/rhabdoid tumor	0.986	ATRT MYC	0.982
BS_72TN2CTK	206402350001_R04C01	Medulloblastoma	0.999985279	Medulloblastoma, WNT Activated	0.999953019	Medulloblastoma, WNT Activated	0.999953019	MB_WNT	0.999953019	Medulloblastoma	0.99	Medulloblastoma, WNT-activated	0.987	MB WNT	0.987
BS_CH0YF9B8	206390560039_R03C01	Medulloblastoma	0.999950459	Medulloblastoma Non-WNT/Non-SHH Activated	0.999945011	Medulloblastoma Group 4	0.999939643	MB_G34_VIII	0.99991847	Medulloblastoma	0.991	Medulloblastoma, non-WNT/non-SHH, Group 4	0.989	MB G4 VIII	0.989
BS_Q3X5M833	207356840008_R08C01	Adult-Type Diffuse Gliomas	0.955047787	Diffuse High-Grade Neuroepithelial Tumour [Adult-Type]	0.949528867	Gliomatosis Cerebri-like Glioma, IDH-wildtype	0.944344792	GCG	0.944344792	Low-grade glial/glioneuronal tumors	0.872	Diffuse astrocytoma, MYB- or MYBL1-altered	0.329	LGG MYB D	0.245
BS_6T1N6Z4Y	205676390163_R08C01	Low-Grade Glial/Glioneuronal/Neuroepithelial Tumours	0.996011472	Pilocytic Astrocytoma	0.994683134	Supratentorial Midline Pilocytic Astrocytoma	0.993886066	PA_MID	0.993886066	Low-grade glial/glioneuronal tumors	0.989	Pilocytic astrocytoma	0.987	PA MID	0.986
BS_GHBRD18A	205707890151_R05C01	Germ Cell Tumours	0.488901106	Germ Cell Tumours Of The CNS	0.488901106	(Immature) Teratoma	0.487054096	GCT_TERA	0.487054096	Mesenchymal tumors	0.956	Plexiform neurofibroma	0.789	NFIB PLEX	0.789
BS_N214HN9M	205624860102_R08C01	Paediatric-Type Diffuse High-Grade Gliomas	0.977349376	Diffuse Midline Glioma, H3k27-Altered	0.975776712	Diffuse Midline Glioma, H3 K27-Mutant / EZHIP Overexpressing	0.973056514	DMG_K27	0.973056514	Diffuse midline glioma, H3 K27-altered	0.983	Diffuse midline glioma, H3 K27-altered	0.983	DMG K27	0.983
BS_307ZEZE0	205624900107_R08C01	Ependymal Tumours	0.990161797	Posterior Fossa Ependymoma Group A	0.98793836	Posterior Fossa Ependymoma Group A2	0.982340637	EPN_PFA_2A	0.742031908	Ependymal tumors	0.988	Posterior fossa group A (PFA) ependymoma	0.982	EPN PFA 2A	0.978
BS_S0NFY0XQ	205624860029_R07C01	Melanocytic Tumours	0.963181783	Circumscribed Meningeal Melanocytic Neoplasms	0.963181783	Melanocytoma	0.963181783	MELN	0.963181783	Melanocytic tumors	0.987	Metastatic melanoma	0.898	MELAN	0.898
BS_81313KMD	209760340019_R02C01	Paediatric-Type Diffuse High-Grade Gliomas	0.999974384	Diffuse Midline Glioma, H3k27-Altered	0.999974279	Diffuse Midline Glioma, H3 K27-Mutant / EZHIP Overexpressing	0.99997426	DMG_K27	0.99997426	Diffuse midline glioma, H3 K27-altered	0.945	Diffuse midline glioma, H3 K27-altered	0.945	DMG K27	0.945
BS_7JTWSDK1	205566000176_R02C01	Diffuse Glioma, Mapk Altered, Cell-Cycle Activated	0.971032332	Pleomorphic Xanthoastrocytoma(-Like)	0.970676853	Pleomorphic Xanthoastrocytoma(-Like)	0.970676853	PXA	0.970676853	Intermediate-grade IDH-wildtype gliomas	0.988	Pleomorphic xanthoastrocytoma	0.986	PXA	0.986
BS_Z12A6M41	205624660018_R08C01	Low-Grade Glial/Glioneuronal/Neuroepithelial Tumours	0.999750223	Pilocytic Astrocytoma	0.999600969	Infratentorial Pilocytic Astrocytoma	0.999041481	PA_INF	0.999041481	Low-grade glial/glioneuronal tumors	0.99	Pilocytic astrocytoma	0.988	PA PF TYP	0.988
BS_YE50GZ8R	205624900125_R08C01	Paediatric-Type Diffuse High-Grade Gliomas	0.663821499	Diffuse Midline Glioma, H3k27-Altered	0.647923246	Diffuse Midline Glioma, H3 K27-Altered, Subtype EGFR-Altered	0.643090634	DMG_EGFR	0.643090634	Diffuse midline glioma, H3 K27-altered	0.715	Diffuse midline glioma, H3 K27-altered	0.715	DMG EGFR	0.713
BS_03G6PJKJ	206390560100_R01C01	Other CNS Embryonal Tumours	0.999981424	Atypical Teratoid Rhabdoid Tumour	0.999979245	Atypical Teratoid Rhabdoid Tumour, MYC Activated	0.999965863	ATRT_MYC	0.999965863	SMARC-altered tumors	0.987	Atypical teratoid/rhabdoid tumor	0.987	ATRT MYC	0.986
BS_WKNHM9QK	205707890087_R02C01	Medulloblastoma	0.995688637	Medulloblastoma Non-WNT/Non-SHH Activated	0.994986398	Medulloblastoma Group 4	0.992466192	MB_G34_VII	0.940914635	Medulloblastoma	0.99	Medulloblastoma, non-WNT/non-SHH, Group 4	0.989	MB G4 VII	0.988
BS_H2TEAJ35	207356840008_R01C01	Other CNS Embryonal Tumours	0.99999999	Atypical Teratoid Rhabdoid Tumour	0.999999989	Atypical Teratoid Rhabdoid Tumour, SHH Activated	0.999999969	ATRT_SHH	0.999999969	SMARC-altered tumors	0.987	Atypical teratoid/rhabdoid tumor	0.987	ATRT SHH	0.986
BS_8B8DKWD6	205624860155_R07C01	Medulloblastoma	0.999997878	Medulloblastoma, WNT Activated	0.999993275	Medulloblastoma, WNT Activated	0.999993275	MB_WNT	0.999993275	Medulloblastoma	0.991	Medulloblastoma, WNT-activated	0.988	MB WNT	0.988
BS_5YNY8WRA	205566000010_R07C01	Ependymal Tumours	0.999904032	Posterior Fossa Ependymoma Group A	0.999884789	Posterior Fossa Ependymoma Group A2	0.999814087	EPN_PFA_2B	0.993546942	Ependymal tumors	0.989	Posterior fossa group A (PFA) ependymoma	0.987	EPN PFA 2B	0.986
BS_TKS3KBF7	205624880180_R08C01	Meningioma	0.998958385	Meningioma	0.998958385	Meningioma, Benign	0.998574626	MNG_BEN_1	0.99737171	Meningioma	0.987	Meningioma, benign	0.986	MNG BEN 1	0.985
BS_CH5WKQAP	206390560101_R02C01	Diffuse Glioneuronal Tumours	0.901201234	Diffuse Glioneuronal Tumours	0.901201234	Diffuse Leptomeningeal Glioneuronal Tumour	0.900810964	DLGNT_2	0.900752012	Intermediate-grade IDH-wildtype gliomas	0.455	Diffuse leptomeningeal glioneuronal tumor	0.387	DLGNT 2	0.298
BS_1BCK5MAR	205707890087_R03C01	Ependymal Tumours	0.999999619	Supratentorial Ependymoma, ZFTA Fusion-Positive	0.999998802	Supratentorial Ependymoma, ZFTA:rela Fusion-Positive	0.999992408	EPN_ST_ZFTA_RELA_A	0.999992366	Ependymal tumors	0.989	Supratentorial ependymoma, ZFTA fusion-positive	0.987	EPN ST ZFTA RELA	0.987
BS_93DGTKHY	206430120112_R05C01	Medulloblastoma	0.99978255	Medulloblastoma Non-WNT/Non-SHH Activated	0.999753379	Medulloblastoma Group 4	0.999718458	MB_G34_VIII	0.999554225	Medulloblastoma	0.991	Medulloblastoma, non-WNT/non-SHH, Group 4	0.989	MB G4 VIII	0.989
BS_KRJA08HJ	206390560083_R07C01	Low-Grade Glial/Glioneuronal/Neuroepithelial Tumours	0.99998455	Low-Grade Glioneuronal Tumour	0.99998247	Dysembryoplastic Neuroepithelial Tumour	0.996969296	DNET	0.996969296	Low-grade glial/glioneuronal tumors	0.99	Dysembryoplastic neuroepithelial tumor	0.987	DNT	0.987
BS_VW3NBEV9	205122170055_R03C01	Ependymal Tumours	0.999999995	Spinal Ependymoma	0.999872358	Spinal Ependymoma, MYCN-Amplified	0.999872358	EPN_SPINE_MYCN	0.999872358	Ependymal tumors	0.989	Spinal ependymoma, MYCN-amplified	0.987	EPN SPINE MYCN	0.987
BS_GX9FSY4V	205624860047_R06C01	Medulloblastoma	0.999706886	Medulloblastoma Non-WNT/Non-SHH Activated	0.999679145	Medulloblastoma Group 4	0.999523757	MB_G34_VII	0.669065226	Medulloblastoma	0.991	Medulloblastoma, non-WNT/non-SHH, Group 4	0.957	MB G4 VII	0.905
BS_35P3BCAN	209204310161_R02C01	Mesenchymal, Non-Meningothelial Tumours Involving The CNS	0.999995378	Tumours Of Uncertain Differentiation	0.999995258	Ewing Sarcoma	0.999995043	EWS	0.999995043	Neuroblastic embryonal tumors	0.985	Ewing sarcoma	0.983	EWS	0.983
BS_1DW2M2Y3	205567980088_R08C01	Low-Grade Glial/Glioneuronal/Neuroepithelial Tumours	0.921826738	Low-Grade Ganglioglial/Neuroepithelial Tumour	0.820526586	Supratentorial Pilocytic Astrocytoma	0.802098144	PA_CORT	0.802098144	Low-grade glial/glioneuronal tumors	0.965	Pilocytic astrocytoma	0.544	PA ST	0.46
BS_3TWC4ACP	205982900155_R06C01	Other CNS Embryonal Tumours	0.355747449	Atypical Teratoid Rhabdoid Tumour	0.325651523	Atypical Teratoid Rhabdoid Tumour, MYC Activated	0.194621564	ATRT_MYC	0.194621564	SMARC-altered tumors	0.525	Atypical teratoid/rhabdoid tumor	0.518	ATRT MYC	0.19
BS_01M9V4MD	205657380135_R06C01	Low-Grade Glial/Glioneuronal/Neuroepithelial Tumours	0.999999513	Pilocytic Astrocytoma	0.999998046	Infratentorial Pilocytic Astrocytoma	0.999997638	PA_INF	0.999997638	Low-grade glial/glioneuronal tumors	0.99	Pilocytic astrocytoma	0.989	PA PF TYP	0.988
BS_4VD4ZEQQ	206430120161_R07C01	Medulloblastoma	0.999588427	Medulloblastoma, SHH-Activated	0.999510115	Medulloblastoma, SHH-Activated, Subtype 4	0.905649008	MB_SHH_4	0.905649008	Medulloblastoma	0.991	Medulloblastoma, SHH-activated	0.989	MB SHH 4	0.988
BS_02FA9F3A	209890270010_R02C01	Paediatric-Type Diffuse High-Grade Gliomas	0.999465668	Diffuse Midline Glioma, H3k27-Altered	0.99945603	Diffuse Midline Glioma, H3 K27-Mutant / EZHIP Overexpressing	0.999455472	DMG_K27	0.999455472	Diffuse midline glioma, H3 K27-altered	0.876	Diffuse midline glioma, H3 K27-altered	0.876	DMG K27	0.876
BS_580ZPA5T	205624900133_R05C01	Low-Grade Glial/Glioneuronal/Neuroepithelial Tumours	0.999959454	Low-Grade Glioneuronal Tumour	0.999916305	Dysembryoplastic Neuroepithelial Tumour	0.997949348	DNET	0.997949348	Low-grade glial/glioneuronal tumors	0.99	Dysembryoplastic neuroepithelial tumor	0.987	DNT	0.987
BS_YV7KQVDG	205676380130_R08C01	Paediatric-Type Diffuse High-Grade Gliomas	0.999993993	Paediatric-Type Diffuse High-Grade Gliomas	0.999993336	Diffuse Paediatric-Type High Grade Glioma, RTK1 Subtype	0.999993301	pedHGG_RTK1C	0.999992601	Pediatric-type high-grade gliomas	0.986	Diffuse pediatric-type high-grade glioma, H3-wildtype and IDH-wildtype	0.985	pedHGG RTK1C	0.984
BS_ADB1BXB6	205128000053_R08C01	Ependymal Tumours	0.165562957	Glioblastoma, IDH-Wildtype	0.085166673	Glioblastoma, IDH-Wildtype, Mesenchymal Type	0.07537401	CTRL_REACTIVE	0.070002275	Low-grade glial/glioneuronal tumors	0.589	Pilocytic astrocytoma	0.508	PA PF TYP	0.201
BS_96QPQX80	205624900160_R04C01	Low-Grade Glial/Glioneuronal/Neuroepithelial Tumours	0.994988228	Low-Grade Ganglioglial/Neuroepithelial Tumour	0.983756576	Supratentorial Pilocytic Astrocytoma	0.983637403	PA_CORT	0.983637403	Low-grade glial/glioneuronal tumors	0.989	Pilocytic astrocytoma	0.988	PA ST	0.986
BS_KB9BB42J	206390560101_R06C01	Paediatric-Type Diffuse High-Grade Gliomas	0.999946091	Diffuse Midline Glioma, H3k27-Altered	0.999943664	Diffuse Midline Glioma, H3 K27-Mutant / EZHIP Overexpressing	0.999943623	DMG_K27	0.999943623	Diffuse midline glioma, H3 K27-altered	0.987	Diffuse midline glioma, H3 K27-altered	0.987	DMG K27	0.986
BS_9DNMHYH6	205624860029_R05C01	Low-Grade Glial/Glioneuronal/Neuroepithelial Tumours	0.993470161	Low-Grade Ganglioglial/Neuroepithelial Tumour	0.991338562	Polymorphous Low-Grade Neuroepithelial Tumour Of The Young	0.984910122	PLNTY	0.984910122	Low-grade glial/glioneuronal tumors	0.988	Polymorphous low-grade neuroepithelial tumor of the young	0.984	PLNTY	0.984
BS_80KFQCBJ	205657390084_R01C01	Cranial And Paraspinal Nerve Tumours	0.999424456	Schwann-Cell Tumours	0.999297329	Schwannoma	0.999074846	SCHW	0.999074846	Mesenchymal tumors	0.988	Schwannoma	0.986	SCHW	0.986
BS_E5346WB5	206530740001_R07C01	Paediatric-Type Diffuse High-Grade Gliomas	0.999845293	Diffuse Midline Glioma, H3k27-Altered	0.999844615	Diffuse Midline Glioma, H3 K27-Mutant / EZHIP Overexpressing	0.999844574	DMG_K27	0.999844574	Diffuse midline glioma, H3 K27-altered	0.982	Diffuse midline glioma, H3 K27-altered	0.982	DMG K27	0.982
BS_JB2T24Y4	207356850155_R04C01	Paediatric-Type Diffuse High-Grade Gliomas	0.981826075	Paediatric-Type Diffuse High-Grade Gliomas	0.981722495	Diffuse Paediatric-Type High Grade Glioma, RTK1 Subtype	0.978376241	pedHGG_RTK1B	0.859517423	Pediatric-type high-grade gliomas	0.95	Diffuse pediatric-type high-grade glioma, H3-wildtype and IDH-wildtype	0.92	pedHGG RTK1B	0.852
BS_08TS9717	205707900172_R08C01	Control Tissues	0.999874969	Control Brain Tissues	0.999874969	Control Tissue, Cerebellar Hemisphere	0.999874969	CTRL_CBM	0.999874969	Control tissues	0.611	Control tissue, cerebellum	0.584	CONTR CEBM	0.584
BS_2N7G3R27	205567980059_R07C01	Adult-Type Diffuse Gliomas	0.957639157	Glioblastoma, IDH-Wildtype	0.95567412	Glioblastoma, IDH-Wildtype, Mesenchymal Type	0.737274053	GBM_MES_TYP	0.735824916	Glioblastoma, IDH-wildtype	0.989	Glioblastoma, IDH-wildtype	0.988	GBM MES TYP	0.987
BS_8F50CHFP	205624880180_R07C01	Cranial And Paraspinal Nerve Tumours	0.999860742	Schwann-Cell Tumours	0.999743222	Schwannoma	0.999730762	SCHW	0.999730762	Mesenchymal tumors	0.988	Schwannoma	0.984	SCHW	0.984
BS_F7HDH4GB	207356850144_R07C01	Control Tissues	0.96887707	Control Brain Tissues	0.96858305200000006	Control Tissue, Hemispheric Cortex	0.968216069	CTRL_HEMI	0.968216069	Control tissues	0.884	Control tissue, cerebral hemisphere	0.855	CONTR HEMI	0.855
BS_S1JQYAAW	205624900074_R02C01	Control Tissues	0.95827442	Control Tissue, Reactive Tumour Microenvironment	0.95824136	Control Tissue, Reactive Tumour Microenvironment	0.95824136	CTRL_REACTIVE	0.95824136	Control tissues	0.974	Control tissue, reactive tumor microenvironment	0.946	CONTR REACT	0.946
BS_C51P611V	205707890151_R08C01	Ependymal Tumours	0.995377395	Posterior Fossa Ependymoma Group A	0.994163036	Posterior Fossa Ependymoma Group A2	0.987817707	EPN_PFA_2A	0.983607973	Ependymal tumors	0.989	Posterior fossa group A (PFA) ependymoma	0.84	EPN PFA 2A	0.73
BS_52AYVHZ7	205657380110_R02C01	Paediatric-Type Diffuse High-Grade Gliomas	0.954688782	Paediatric-Type Diffuse High-Grade Gliomas	0.952851065	Diffuse Paediatric-Type High Grade Glioma, RTK2 Subtype	0.562310701	pedHGG_RTK2B	0.561227481	Pediatric-type high-grade gliomas	0.987	Diffuse pediatric-type high-grade glioma, H3-wildtype and IDH-wildtype	0.951	pedHGG MYCN	0.889
BS_X153Y7JS	209648840135_R06C01	Paediatric-Type Diffuse High-Grade Gliomas	0.99988824	Diffuse Midline Glioma, H3k27-Altered	0.999885255	Diffuse Midline Glioma, H3 K27-Mutant / EZHIP Overexpressing	0.99988509	DMG_K27	0.99988509	Diffuse midline glioma, H3 K27-altered	0.972	Diffuse midline glioma, H3 K27-altered	0.972	DMG K27	0.972
BS_BQYXKCD0	206430120162_R01C01	Paediatric-Type Diffuse High-Grade Gliomas	0.976884727	Paediatric-Type Diffuse High-Grade Gliomas	0.976319875	Diffuse Hemispheric Glioma, H3 G34-Mutant	0.933603199	DHG_G34	0.933603199	Pediatric-type high-grade gliomas	0.987	Diffuse hemispheric glioma, H3 G34-mutant	0.968	DHG G34	0.968
BS_JP186GB0	206390560133_R08C01	Medulloblastoma	0.999949947	Medulloblastoma Non-WNT/Non-SHH Activated	0.999944219	Medulloblastoma Group 4	0.999940046	MB_G34_VIII	0.999914857	Medulloblastoma	0.991	Medulloblastoma, non-WNT/non-SHH, Group 4	0.989	MB G4 VIII	0.989
BS_NSKZ3H09	205707900030_R06C01	Ependymal Tumours	0.999997938	Posterior Fossa Ependymoma Group A	0.999997622	Posterior Fossa Ependymoma Group A2	0.999997472	EPN_PFA_2A	0.999902503	Ependymal tumors	0.989	Posterior fossa group A (PFA) ependymoma	0.988	EPN PFA 2A	0.987
BS_0MV6XKWC	205707900078_R03C01	Ependymal Tumours	0.999995588	Supratentorial Ependymoma, ZFTA Fusion-Positive	0.999987403	Supratentorial Ependymoma, ZFTA:rela Fusion-Positive	0.999979206	EPN_ST_ZFTA_RELA_A	0.999978985	Ependymal tumors	0.989	Supratentorial ependymoma, ZFTA fusion-positive	0.986	EPN ST ZFTA RELA	0.986
BS_YYQBP148	206402350086_R06C01	Ependymal Tumours	0.999832139	Posterior Fossa Ependymoma Group A	0.999773884	Posterior Fossa Ependymoma Group A1	0.999492565	EPN_PFA_1E	0.991810821	Ependymal tumors	0.989	Posterior fossa group A (PFA) ependymoma	0.857	EPN PFA 1E	0.638
BS_CYX19WJT	206390560071_R04C01	Paediatric-Type Diffuse High-Grade Gliomas	0.999299268	Paediatric-Type Diffuse High-Grade Gliomas	0.999287733	Diffuse Hemispheric Glioma, H3 G34-Mutant	0.999214556	DHG_G34	0.999214556	Pediatric-type high-grade gliomas	0.987	Diffuse hemispheric glioma, H3 G34-mutant	0.985	DHG G34	0.985
BS_WY2HPA89	205624900107_R02C01	Ependymal Tumours	0.999982763	Posterior Fossa Ependymoma Group A	0.999979193	Posterior Fossa Ependymoma Group A1	0.999877131	EPN_PFA_1E	0.877352252	Ependymal tumors	0.989	Posterior fossa group A (PFA) ependymoma	0.988	EPN PFA 1E	0.988
BS_NHR5TX1Z	205707900053_R06C01	Ependymal Tumours	0.999963902	Posterior Fossa Ependymoma Group A	0.999958968	Posterior Fossa Ependymoma Group A2	0.999955586	EPN_PFA_2A	0.825507507	Ependymal tumors	0.989	Posterior fossa group A (PFA) ependymoma	0.986	EPN PFA 2A	0.984
BS_T2CWHH4K	206390560067_R03C01	Control Tissues	0.349198529	Control Brain Tissues	0.338784972	Control Tissue, Hemispheric Cortex	0.33023772	CTRL_HEMI	0.33023772	Low-grade glial/glioneuronal tumors	0.907	Ganglioglioma	0.895	GG	0.895
BS_5REGCJEY	206390560100_R05C01	Tumours Of The Sellar Region	0.999569084	Craniopharyngioma	0.999545046	Adamantinomatous Craniopharyngioma	0.999544927	CPH_ADM	0.999544927	Epithelial tumors	0.988	Adamantinomatous craniopharyngioma	0.986	CPH ADM	0.986
BS_HJBTJ8Q7	205589730167_R02C01	Inflammatory Microenvironment	0.438239477	Inflammatory Microenvironment	0.438239477	Inflammatory Microenvironment	0.438239477	INFLAM_ENV	0.438239477	Control tissues	0.866	Control tissue, reactive tumor microenvironment	0.819	CONTR REACT	0.819
BS_1ZW0BTJ2	205125590007_R01C01	Neuroepithelial Tumour, PLAGl1-Fused	0.999999915	Neuroepithelial Tumour, PLAGl1-Fused	0.999999915	Neuroepithelial Tumour, PLAGl1-Fused	0.999999915	NET_PLAGL1_FUS	0.999999915	Neuroblastic embryonal tumors	0.983	CNS tumor, PLAGL1 fusion-positive	0.978	CNS PLAGL1 FUS	0.978
BS_J7DNY34X	206390560083_R03C01	Cranial And Paraspinal Nerve Tumours	0.992785099	Cranial And Paraspinal Nerve Tumours	0.705453144	Plexiform Neurofibroma	0.70438903	NFIB_PLEX	0.70438903	Mesenchymal tumors	0.988	Plexiform neurofibroma	0.909	NFIB PLEX	0.909
BS_5K50ZZVF	206402350048_R08C01	Paediatric-Type Diffuse High-Grade Gliomas	0.999961214	Paediatric-Type Diffuse High-Grade Gliomas	0.999960752	Diffuse Paediatric-Type High Grade Glioma, H3 Wildtype And IDH Wild Type, Subtype A\&B (Novel)	0.99995458	pedHGG_A	0.999952905	Pediatric-type high-grade gliomas	0.983	Diffuse pediatric-type high-grade glioma, H3-wildtype and IDH-wildtype	0.981	pedHGG A	0.976
BS_37T009DG	205624860003_R06C01	Ependymal Tumours	0.986737113	Supratentorial Ependymoma, ZFTA Fusion-Positive	0.982039836	Supratentorial Ependymoma, ZFTA:rela Fusion-Positive	0.967710845	EPN_ST_ZFTA_RELA_A	0.967481562	Ependymal tumors	0.988	Supratentorial ependymoma, ZFTA fusion-positive	0.982	EPN ST ZFTA RELA	0.982
BS_XVNPADPR	205624870063_R06C01	Medulloblastoma	0.184451745	Medulloblastoma, SHH-Activated	0.117885339	Medulloblastoma, SHH-Activated, Subtype 3	0.107073909	MB_SHH_3	0.107073909	Mesenchymal tumors	0.979	Chondrosarcoma	0.643	CSA GROUP B	0.533
BS_26Q3RNP6	206402350086_R07C01	Other CNS Embryonal Tumours	0.99999584	Atypical Teratoid Rhabdoid Tumour	0.999995473	Atypical Teratoid Rhabdoid Tumour, SHH Activated	0.999992355	ATRT_SHH	0.999992355	SMARC-altered tumors	0.986	Atypical teratoid/rhabdoid tumor	0.986	ATRT SHH	0.985
BS_2KYCDB13	205624860109_R02C01	Ependymal Tumours	0.197511923	Medulloblastoma, SHH-Activated	0.097530788	Supratentorial Ependymoma, ZFTA:rela Fusion-Positive	0.07052244	EPN_ST_ZFTA_RELA_A	0.069457893	Neuroblastic embryonal tumors	0.486	CNS tumor with PATZ1 fusion	0.152	CNS PATZ1 FUS	0.152
BS_ATVVVXCS	205624870061_R08C01	Rhabdomyosarcoma	0.997443891	Alveolar Rhabdomyosarcoma	0.997338487	Rhabdomyosarcoma, Alveolar Subtype	0.997338487	ARMS	0.997338487	Mesenchymal tumors	0.988	Rhabdomyosarcoma	0.987	RMS ALV	0.987
BS_8KS2BZR5	205624860161_R05C01	Low-Grade Glial/Glioneuronal/Neuroepithelial Tumours	0.960876586	Pilocytic Astrocytoma	0.887709826	Infratentorial Pilocytic Astrocytoma	0.868248652	PA_INF	0.868248652	Low-grade glial/glioneuronal tumors	0.989	Pilocytic astrocytoma	0.97	PA PF TYP	0.963
BS_KAFZ8Y5J	205624860012_R07C01	Low-Grade Glial/Glioneuronal/Neuroepithelial Tumours	0.99966646	Pilocytic Astrocytoma	0.998924178	Supratentorial Midline Pilocytic Astrocytoma	0.997871435	PA_MID	0.997871435	Low-grade glial/glioneuronal tumors	0.989	Pilocytic astrocytoma	0.988	PA MID	0.986
BS_AHX3C7QS	206390560106_R01C01	Other CNS Embryonal Tumours	0.999707904	Atypical Teratoid Rhabdoid Tumour	0.965752511	Atypical Teratoid Rhabdoid Tumour, Tyrosinase Activated	0.965679536	ATRT_TYR	0.965679536	SMARC-altered tumors	0.983	Atypical teratoid/rhabdoid tumor	0.983	ATRT TYR	0.981
BS_S70ERMN0	207343240057_R05C01	Paediatric-Type Diffuse High-Grade Gliomas	0.999917691	Diffuse Midline Glioma, H3k27-Altered	0.999916586	Diffuse Midline Glioma, H3 K27-Mutant / EZHIP Overexpressing	0.999916226	DMG_K27	0.999916226	Diffuse midline glioma, H3 K27-altered	0.772	Diffuse midline glioma, H3 K27-altered	0.772	DMG K27	0.772
BS_FP4757SN	205657380110_R03C01	Medulloblastoma	0.999822057	Medulloblastoma Non-WNT/Non-SHH Activated	0.999804056	Medulloblastoma Group 3	0.99957522	MB_G34_III	0.957725682	Medulloblastoma	0.991	Medulloblastoma, non-WNT/non-SHH, Group 3	0.989	MB G3 III	0.988
BS_ZNZ19RZS	205707890145_R07C01	Ependymal Tumours	0.999981825	Posterior Fossa Ependymoma Group A	0.999978772	Posterior Fossa Ependymoma Group A1	0.999900302	EPN_PFA_1A	0.815839101	Ependymal tumors	0.989	Posterior fossa group A (PFA) ependymoma	0.96	EPN PFA 1A	0.887
BS_VTWGK1DV	206430120132_R08C01	Paediatric-Type Diffuse High-Grade Gliomas	0.766808403	Diffuse Midline Glioma, H3k27-Altered	0.753494295	Diffuse Midline Glioma, H3 K27-Mutant / EZHIP Overexpressing	0.75331154	DMG_K27	0.75331154	Diffuse midline glioma, H3 K27-altered	0.987	Diffuse midline glioma, H3 K27-altered	0.987	DMG K27	0.987
BS_W6T84FBY	207356850155_R05C01	Other CNS Embryonal Tumours	0.999992053	Atypical Teratoid Rhabdoid Tumour	0.994685827	Atypical Teratoid Rhabdoid Tumour, Tyrosinase Activated	0.994685427	ATRT_TYR	0.994685427	SMARC-altered tumors	0.986	Atypical teratoid/rhabdoid tumor	0.986	ATRT TYR	0.984
BS_SB4J8W73	205707890108_R01C01	Medulloblastoma	0.999680201	Medulloblastoma Non-WNT/Non-SHH Activated	0.999641459	Medulloblastoma Group 4	0.999595936	MB_G34_VIII	0.998814119	Medulloblastoma	0.991	Medulloblastoma, non-WNT/non-SHH, Group 4	0.989	MB G4 VIII	0.989
BS_P3EHKA6H	205707890153_R01C01	Ependymal Tumours	0.999301697	Posterior Fossa Ependymoma Group A	0.999165737	Posterior Fossa Ependymoma Group A2	0.99900451	EPN_PFA_2B	0.900073236	Ependymal tumors	0.989	Posterior fossa group A (PFA) ependymoma	0.963	EPN PFA 2B	0.732
BS_AAHD7HKE	205982900155_R08C01	Medulloblastoma	0.997578767	Medulloblastoma, SHH-Activated	0.997046882	Medulloblastoma, SHH-Activated, Subtype 2	0.948776613	MB_SHH_2	0.948776613	Medulloblastoma	0.99	Medulloblastoma, SHH-activated	0.94	MB SHH 2	0.851
BS_2NCEKP94	205707900030_R03C01	Ependymal Tumours	0.999917659	Posterior Fossa Ependymoma Group B \& Posterior Fossa Subependymoma	0.999512702	Posterior Fossa Ependymoma Group B	0.999511291	EPN_PFB_4	0.996331441	Ependymal tumors	0.989	Posterior fossa group B (PFB) ependymoma	0.984	EPN PFB 4	0.984
BS_N0M1S8GA	205624870062_R02C01	Medulloblastoma	0.995128627	Medulloblastoma, SHH-Activated	0.995109066	Medulloblastoma, SHH-Activated, Subtype 2	0.994887608	MB_SHH_2	0.994887608	Medulloblastoma	0.989	Medulloblastoma, SHH-activated	0.986	MB SHH 2	0.986
BS_Q38RHT56	207356840047_R08C01	Paediatric-Type Diffuse High-Grade Gliomas	0.993468453	Diffuse Midline Glioma, H3k27-Altered	0.993269582	Diffuse Midline Glioma, H3 K27-Mutant / EZHIP Overexpressing	0.993238927	DMG_K27	0.993238927	Pediatric-type high-grade gliomas	0.878	H3 K27 and MAPK-altered glioma	0.856	H3K27 MAPK	0.856
BS_TTXVFB85	205676390142_R06C01	Germ Cell Tumours	0.999999696	Germ Cell Tumours Of The CNS	0.999999696	(Immature) Teratoma	0.999999696	GCT_TERA	0.999999696	Other tumors	0.978	Teratoma	0.976	GCT TERA	0.976
BS_W7K1H10P	206402350055_R05C01	Adult-Type Diffuse Gliomas	0.999994745	Diffuse High-Grade Neuroepithelial Tumour [Adult-Type]	0.999992645	Glioneuronal tumor with ATRX alteration, kinase fusion and anaplastic features 	0.999992644	GTAKA	0.999992644	Intermediate-grade IDH-wildtype gliomas	0.98	Glioneuronal tumor with ATRX alteration, kinase fusion and anaplastic features	0.97	GTAKA	0.97
BS_9H0M145X	206390560077_R06C01	Medulloblastoma	0.999968856	Medulloblastoma Non-WNT/Non-SHH Activated	0.999964336	Medulloblastoma Group 3	0.999788502	MB_G34_III	0.997773514	Medulloblastoma	0.991	Medulloblastoma, non-WNT/non-SHH, Group 3	0.989	MB G3 III	0.988
BS_1JBHR7FM	205707900008_R04C01	Ependymal Tumours	0.998007333	Posterior Fossa Ependymoma Group A	0.9976105	Posterior Fossa Ependymoma Group A2	0.996936102	EPN_PFA_2A	0.585640882	Ependymal tumors	0.989	Posterior fossa group A (PFA) ependymoma	0.964	EPN PFA 2B	0.899
BS_4QKZM1NC	206402350106_R03C01	Low-Grade Glial/Glioneuronal/Neuroepithelial Tumours	0.298492315	Low-Grade Ganglioglial/Neuroepithelial Tumour	0.244236502	Ganglioglioma	0.23351394	GG	0.23351394	Low-grade glial/glioneuronal tumors	0.529	Ganglioglioma	0.368	GG	0.368
BS_0F6G5B4Q	205624860132_R07C01	Mesenchymal, Non-Meningothelial Tumours Involving The CNS	0.219300513	Notochordal Tumours	0.182040385	Chordoma	0.182040385	CHORDM	0.182040385	Mesenchymal tumors	0.984	Poorly differentiated chordoma	0.282	CHORDM PD	0.282
BS_46NDPFHD	205707900126_R05C01	Low-Grade Glial/Glioneuronal/Neuroepithelial Tumours	0.994822407	Pilocytic Astrocytoma	0.991875236	Infratentorial Pilocytic Astrocytoma	0.793875921	PA_INF	0.793875921	Low-grade glial/glioneuronal tumors	0.99	Pilocytic astrocytoma	0.989	PA PF TYP	0.988
BS_V38JC9TH	205624900117_R05C01	Other CNS Embryonal Tumours	0.999968129	CNS BCOR-Altered Tumours	0.999965901	Neuroepithelial Tumour With BCOR Internal Tandem Duplication	0.999965887	CNS_BCOR_ITD	0.999965887	BCOR-altered tumors	0.98	CNS tumor with BCOR internal tandem duplication	0.979	CNS BCOR ITD	0.979
BS_BHVZDY7X	206430120137_R04C01	Paediatric-Type Diffuse High-Grade Gliomas	0.309217792	Paediatric-Type Diffuse High-Grade Gliomas	0.232046629	Glioblastoma, IDH-Wildtype, RTK2 Type	0.082253901	GBM_RTK2	0.082253901	Pediatric-type high-grade gliomas	0.841	Infant-type hemispheric glioma	0.601	IHG TYP	0.596
BS_7ZNW2CM5	207356840106_R04C01	Cranial And Paraspinal Nerve Tumours	0.968695601	Malignant Peripheral Nerve-Sheath Tumour	0.949797973	Malignant Peripheral Nerve Sheath Tumour [Spinal Or Atypical Type]	0.875777487	MPNST_ATYP	0.875777487	Glioblastoma, IDH-wildtype	0.451	Glioblastoma, IDH-wildtype	0.451	GBM MES ATYP	0.354
BS_36HN0ANX	205707910014_R04C01	Ependymal Tumours	0.999997654	Supratentorial Ependymoma, ZFTA Fusion-Positive	0.999997654	Supratentorial Ependymoma, ZFTA Fusion-Positive	0.99999765	EPN_ST_ZFTA_FUS_E	0.99999276	Ependymal tumors	0.986	Supratentorial ependymoma, ZFTA fusion-positive	0.983	EPN ST ZFTA FUS E	0.983
BS_1GQZ81B4	205707900087_R08C01	Ependymal Tumours	0.991961132	Posterior Fossa Ependymoma Group A	0.99061587	Posterior Fossa Ependymoma Group A1	0.985454539	EPN_PFA_1D	0.712914566	Ependymal tumors	0.989	Posterior fossa group A (PFA) ependymoma	0.988	EPN PFA 1D	0.986
BS_Q2CFP829	205567980099_R01C01	Cranial And Paraspinal Nerve Tumours	0.999919724	Schwann-Cell Tumours	0.999869787	Schwannoma	0.999865419	SCHW	0.999865419	Mesenchymal tumors	0.987	Schwannoma	0.984	SCHW	0.984
BS_GF29GAAC	207356850155_R02C01	Other CNS Embryonal Tumours	0.96554666200000006	Cribriform Neuroepithelial Tumour	0.525521762	Cribriform Neuroepithelial Tumour	0.525521762	CRINET	0.525521762	SMARC-altered tumors	0.987	Cribriform neuroepithelial tumor	0.983	CRINET	0.983
BS_5YM07796	206402350049_R03C01	Control Tissues	0.871011371	Control Tissue, Reactive Tumour Microenvironment	0.870130856	Control Tissue, Reactive Tumour Microenvironment	0.870130856	CTRL_REACTIVE	0.870130856	Low-grade glial/glioneuronal tumors	0.981	Pilocytic astrocytoma	0.961	PA ST	0.933
BS_78RQ01QQ	207211180095_R02C01	Adult-Type Diffuse Gliomas	0.999954572	Diffuse High-Grade Neuroepithelial Tumour [Adult-Type]	0.999953894	Gliomatosis Cerebri-like Glioma, IDH-wildtype	0.999953689	GCG	0.999953689	Pediatric-type high-grade gliomas	0.975	Diffuse pediatric-type high-grade glioma, H3-wildtype and IDH-wildtype	0.791	pedHGG MYCN	0.387
BS_4CTSVRTB	205676390163_R06C01	Choroid Plexus Tumours	0.999004037	Choroid Plexus Tumours	0.999004037	Choroid Plexus Tumours Subtype A	0.998398523	CPT_PED_A	0.996355087	Choroid plexus tumors	0.987	Choroid plexus papilloma	0.986	CPP PED	0.985
BS_W0VT0DC9	205648310151_R02C01	Cranial And Paraspinal Nerve Tumours	0.961965284	Malignant Peripheral Nerve-Sheath Tumour	0.952216709	Malignant Peripheral Nerve Sheath Tumour [Typical Type]	0.872750366	MPNST_TYP	0.872750366	Mesenchymal tumors	0.987	Malignant peripheral nerve sheath tumor	0.326	MPNST TYP	0.301
BS_9ZTH8XZA	205676390063_R08C01	Medulloblastoma	0.997527205	Medulloblastoma, SHH-Activated	0.99694276	Medulloblastoma, SHH-Activated, Subtype 2	0.685246765	MB_SHH_2	0.685246765	Medulloblastoma	0.99	Medulloblastoma, SHH-activated	0.981	MB SHH 1	0.978
BS_7Y1A2J3B	205122170055_R01C01	Control Tissues	0.995911845	Control Brain Tissues	0.995911843	Control Tissue, Cerebellar Hemisphere	0.995911838	CTRL_CBM	0.995911838	Low-grade glial/glioneuronal tumors	0.93	Pilocytic astrocytoma	0.929	PA PF VAR	0.929
BS_FVQKDYJP	206430120117_R04C01	Paediatric-Type Diffuse High-Grade Gliomas	0.97002589	Diffuse Midline Glioma, H3k27-Altered	0.967159914	Diffuse Midline Glioma, H3 K27-Mutant / EZHIP Overexpressing	0.967090745	DMG_K27	0.967090745	Diffuse midline glioma, H3 K27-altered	0.98	Diffuse midline glioma, H3 K27-altered	0.98	DMG K27	0.98
BS_45T9TX1J	205624860132_R02C01	Tumours Of The Sellar Region	0.999760518	Craniopharyngioma	0.999747901	Adamantinomatous Craniopharyngioma	0.999747714	CPH_ADM	0.999747714	Epithelial tumors	0.988	Adamantinomatous craniopharyngioma	0.986	CPH ADM	0.986
BS_FNQVK8W6	205676390004_R07C01	Low-Grade Glial/Glioneuronal/Neuroepithelial Tumours	0.999950024	Pilocytic Astrocytoma	0.999909248	Infratentorial Pilocytic Astrocytoma	0.997768291	PA_INF	0.997768291	Low-grade glial/glioneuronal tumors	0.99	Pilocytic astrocytoma	0.988	PA PF TYP	0.988
BS_SQE70RAX	206430120054_R04C01	Low-Grade Glial/Glioneuronal/Neuroepithelial Tumours	0.32197852	Low-Grade Ganglioglial/Neuroepithelial Tumour	0.219085174	Ganglioglioma	0.189284587	GG	0.189284587	Control tissues	0.385	Control tissue, optic pathway	0.312	CONTR OPTIC	0.312
BS_QQ96KZ3W	205624880007_R05C01	Low-Grade Glial/Glioneuronal/Neuroepithelial Tumours	0.999216646	Pilocytic Astrocytoma	0.99884916	Infratentorial Pilocytic Astrocytoma	0.998649788	PA_INF	0.998649788	Low-grade glial/glioneuronal tumors	0.989	Pilocytic astrocytoma	0.988	PA PF TYP	0.986
BS_HB6Y8Y2A	206402350045_R07C01	Paediatric-Type Diffuse High-Grade Gliomas	0.999898147	Diffuse Midline Glioma, H3k27-Altered	0.999895635	Diffuse Midline Glioma, H3 K27-Mutant / EZHIP Overexpressing	0.999895626	DMG_K27	0.999895626	Diffuse midline glioma, H3 K27-altered	0.987	Diffuse midline glioma, H3 K27-altered	0.987	DMG K27	0.987
BS_KBV42KN2	206430120102_R04C01	Medulloblastoma	0.997169669	Medulloblastoma Non-WNT/Non-SHH Activated	0.996771576	Medulloblastoma Group 4	0.855112238	MB_G34_V	0.740612973	Medulloblastoma	0.991	Medulloblastoma, non-WNT/non-SHH, Group 4	0.854	MB G4 VII	0.824
BS_0Y8CP9S8	206390560080_R01C01	High-Grade Neuroepithelial Tumour With MN1:BEND2 Fusion	0.997061466	High-Grade Neuroepithelial Tumour With MN1:BEND2 Fusion	0.997061466	High-Grade Neuroepithelial Tumour With MN1:BEND2 Fusion	0.997061466	ABM_MN1	0.997061466	Intermediate-grade IDH-wildtype gliomas	0.568	Astroblastoma, MN1-altered	0.532	AB MN1 BEND2	0.53
BS_16Q57NBD	205707910014_R08C01	Ependymal Tumours	0.999999829	Supratentorial Ependymoma, YAP1-Fused	0.9999986	Supratentorial Ependymoma, YAP1-Fused	0.9999986	EPN_YAP	0.9999986	Ependymal tumors	0.989	Supratentorial ependymoma, YAP1 fusion-positive	0.988	EPN ST YAP	0.988
BS_ZJ36E1SR	205122170051_R04C01	Ependymal Tumours	0.999993038	Posterior Fossa Ependymoma Group A	0.999991765	Posterior Fossa Ependymoma Group A2	0.999991221	EPN_PFA_2A	0.999754712	Ependymal tumors	0.989	Posterior fossa group A (PFA) ependymoma	0.986	EPN PFA 2A	0.985
BS_73Y1GN32	206402350086_R05C01	Ependymal Tumours	0.999970141	Posterior Fossa Ependymoma Group A	0.99996416	Posterior Fossa Ependymoma Group A2	0.999953826	EPN_PFA_2B	0.999516437	Ependymal tumors	0.989	Posterior fossa group A (PFA) ependymoma	0.988	EPN PFA 2B	0.987
BS_0H9QQRK0	206430120130_R01C01	Neuroblastoma	0.999597508	Neuroblastoma	0.999597508	Neuroblastoma	0.999597508	NB_TMM_POS	0.950014853	Neuroblastic embryonal tumors	0.985	Peripheral neuroblastoma	0.983	NB TMM POS	0.982
BS_7VBB4CMK	206390560063_R05C01	Choroid Plexus Tumours	0.978050418	Choroid Plexus Tumours	0.978050418	Choroid Plexus Tumours Subtype B	0.97728865	CPT_PED_B	0.976298995	Choroid plexus tumors	0.98	Choroid plexus carcinoma	0.979	CPC PED	0.979
BS_WJXENSZ2	206402350055_R04C01	Paediatric-Type Diffuse High-Grade Gliomas	0.932568454	Paediatric-Type Diffuse High-Grade Gliomas	0.923846489	Diffuse Paediatric-Type High Grade Glioma, RTK1 Subtype	0.920369655	pedHGG_RTK1B	0.384198672	Pediatric-type high-grade gliomas	0.984	Diffuse pediatric-type high-grade glioma, H3-wildtype and IDH-wildtype	0.88	pedHGG RTK1C	0.667
BS_773PCETX	206390560038_R07C01	Choroid Plexus Tumours	0.999714624	Choroid Plexus Tumours	0.999714624	Choroid Plexus Tumours Subtype B	0.999709571	CPT_PED_B	0.999704685	Choroid plexus tumors	0.986	Choroid plexus carcinoma	0.985	CPC PED	0.985
BS_792BA1SM	207211180067_R01C01	Paediatric-Type Diffuse High-Grade Gliomas	0.501369394	Paediatric-Type Diffuse High-Grade Gliomas	0.493818283	Diffuse Hemispheric Glioma, H3 G34-Mutant	0.472129199	DHG_G34	0.472129199	Pediatric-type high-grade gliomas	0.647	Diffuse hemispheric glioma, H3 G34-mutant	0.45	DHG G34	0.182
BS_TY2CX5HN	206430120111_R07C01	Other CNS Embryonal Tumours	0.792071125	CNS BCOR-Altered Tumours	0.775592108	Neuroepithelial Tumour With BCOR Internal Tandem Duplication	0.775472495	CNS_BCOR_ITD	0.775472495	BCOR-altered tumors	0.559	CNS tumor with BCOR internal tandem duplication	0.559	CNS BCOR ITD	0.559
BS_V26XB0ZH	205567980059_R03C01	Ependymal Tumours	0.999999419	Supratentorial Ependymoma, ZFTA Fusion-Positive	0.999998274	Supratentorial Ependymoma, ZFTA:rela Fusion-Positive	0.999872679	EPN_ST_ZFTA_RELA_A	0.999872672	Ependymal tumors	0.989	Supratentorial ependymoma, ZFTA fusion-positive	0.988	EPN ST ZFTA RELA	0.988
BS_AM1YZ3FP	206430120133_R04C01	Ependymal Tumours	0.99998888	Spinal Ependymoma (myxopapillary-enriched)	0.999983337	Spinal Ependymoma (myxopapillary-enriched)	0.999983337	EPN_MPE	0.999983337	Ependymal tumors	0.989	Myxopapillary ependymoma	0.986	EPN MPE A	0.986
BS_SHVQXH3K	206390560054_R05C01	Mesenchymal, Non-Meningothelial Tumours Involving The CNS	0.99954902	Tumours Of Uncertain Differentiation	0.999535863	Ewing Sarcoma	0.999506934	EWS	0.999506934	Neuroblastic embryonal tumors	0.985	Ewing sarcoma	0.983	EWS	0.983
BS_MDP4Y3YH	206390560073_R05C01	Circumscribed Astrocytic Tumours	0.160347835	Subependymal Giant Cell Astrocytoma	0.158427819	Subependymal Giant Cell Astrocytoma	0.158427819	SEGA	0.158427819	Mesenchymal tumors	0.648	Poorly differentiated chordoma	0.161	CHORDM PD	0.161
BS_H1DTKG7W	205657380112_R08C01	Neuroblastoma	0.999998993	Neuroblastoma	0.999998993	Neuroblastoma	0.999998993	NB_MYCN	0.999998917	Neuroblastic embryonal tumors	0.985	Peripheral neuroblastoma	0.981	NB MYCN	0.98
BS_D810R3BW	206430120018_R07C01	Inflammatory Microenvironment	0.998399017	Inflammatory Microenvironment	0.998399017	Inflammatory Microenvironment	0.998399017	INFLAM_ENV	0.998399017	Control tissues	0.986	Control tissue, white blood cells	0.836	CONTR BLOOD	0.836
BS_B7Y5KSZF	205707900164_R05C01	Germ Cell Tumours	0.597008833	Germ Cell Tumours Of The CNS	0.597008833	(Immature) Teratoma	0.595556884	GCT_TERA	0.595556884	Control tissues	0.245	Control tissue, pituitary gland	0.081	CONTR ADENOPIT	0.081
BS_SA7WDK5W	206402350019_R08C01	Pineal Parenchymal And Retinal Tumours	0.653206828	Pineal Parenchymal Tumour Of Intermediate Differentiation	0.510079691	Pineal Parenchymal Tumour Of Intermediate Differentiation	0.510079691	PPTID_A	0.500573534	Pineal region tumors and retinoblastoma	0.98	Pineal parenchymal tumor of intermediate differentiation	0.39	PPTID A	0.3
BS_VTHR1XMM	205676390063_R02C01	Meningioma	0.999467304	Meningioma	0.999467304	Meningioma, Intermediate	0.973558621	MNG_INT_A	0.973546989	Meningioma	0.988	Meningioma, intermediate	0.987	MNG INT A	0.986
BS_HY5J31DZ	206430120162_R06C01	Germ Cell Tumours	0.230709033	Germ Cell Tumours Of The CNS	0.230709033	(Immature) Teratoma	0.228579842	GCT_TERA	0.228579842	Mesenchymal tumors	0.97	Chondrosarcoma	0.415	CSA CC	0.281
BS_9AHABF0Q	205128000053_R05C01	Control Tissues	0.624822835	Control Brain Tissues	0.624799601	Control Tissue, Cerebellar Hemisphere	0.624724519	CTRL_CBM	0.624724519	Low-grade glial/glioneuronal tumors	0.988	Pilocytic astrocytoma	0.988	PA PF VAR	0.987
BS_8T5T4MTS	206390560167_R01C01	Meningioma	0.999153316	Meningioma	0.999153316	Meningioma, Benign	0.997019677	MNG_BEN_1	0.975581353	Meningioma	0.988	Meningioma, benign	0.962	MNG BEN 3	0.64
BS_TH0N2J4P	207356840095_R05C01	Paediatric-Type Diffuse High-Grade Gliomas	0.999448409	Paediatric-Type Diffuse High-Grade Gliomas	0.999439728	Diffuse Hemispheric Glioma, H3 G34-Mutant	0.999399413	DHG_G34	0.999399413	Pediatric-type high-grade gliomas	0.986	Diffuse hemispheric glioma, H3 G34-mutant	0.984	DHG G34	0.984
BS_93W1TAZP	205707900163_R04C01	Paediatric-Type Diffuse High-Grade Gliomas	0.999979553	Diffuse Midline Glioma, H3k27-Altered	0.999979523	Diffuse Midline Glioma, H3 K27-Mutant / EZHIP Overexpressing	0.999979512	DMG_K27	0.999979512	Diffuse midline glioma, H3 K27-altered	0.985	Diffuse midline glioma, H3 K27-altered	0.985	DMG K27	0.985
BS_XKSDEG8D	205676380032_R08C01	Control Tissues	0.999531053	Control Brain Tissues	0.999529564	Control Tissue, Hemispheric Cortex	0.999477043	CTRL_HEMI	0.999477043	Control tissues	0.98	Control tissue, cerebral hemisphere	0.942	CONTR HEMI	0.942
BS_ZDM8Y1XM	205707910024_R06C01	Other CNS Embryonal Tumours	0.999489123	Atypical Teratoid Rhabdoid Tumour	0.999414937	Atypical Teratoid Rhabdoid Tumour, MYC Activated	0.895541992	ATRT_MYC	0.895541992	SMARC-altered tumors	0.984	Atypical teratoid/rhabdoid tumor	0.982	ATRT SHH	0.831
BS_7VBT9G8F	205624860102_R06C01	Circumscribed Astrocytic Tumours	0.999958731	Subependymal Giant Cell Astrocytoma	0.999958523	Subependymal Giant Cell Astrocytoma	0.999958523	SEGA	0.999958523	Low-grade glial/glioneuronal tumors	0.988	Subependymal giant cell astrocytoma	0.982	SEGA	0.982
BS_PVZ4DTEE	205624860102_R01C01	Medulloblastoma	0.999893371	Medulloblastoma Non-WNT/Non-SHH Activated	0.999881691	Medulloblastoma Group 3	0.999546847	MB_G34_III	0.996939987	Medulloblastoma	0.991	Medulloblastoma, non-WNT/non-SHH, Group 3	0.989	MB G3 III	0.988
BS_Z8BJAPNR	206402350001_R03C01	Meningioma	0.993490149	Meningioma	0.993490149	Meningioma, Intermediate	0.792505153	MNG_INT_A	0.787366327	Meningioma	0.988	Meningioma, intermediate	0.983	MNG INT A	0.983
BS_PRJ6VEZ8	206390560183_R02C01	Low-Grade Glial/Glioneuronal/Neuroepithelial Tumours	0.898128048	Pilocytic Astrocytoma	0.692115778	Supratentorial Midline Pilocytic Astrocytoma	0.621068086	PA_MID	0.621068086	Low-grade glial/glioneuronal tumors	0.989	Pilocytic astrocytoma	0.976	PA MID	0.952
BS_M7KQY7PE	205122170051_R07C01	Low-Grade Glial/Glioneuronal/Neuroepithelial Tumours	0.987704245	Pilocytic Astrocytoma	0.987063014	Infratentorial Pilocytic Astrocytoma	0.98695575	PA_INF	0.98695575	Low-grade glial/glioneuronal tumors	0.989	Pilocytic astrocytoma	0.987	PA PF VAR	0.984
BS_ZMBM30XG	207356850155_R07C01	Paediatric-Type Diffuse High-Grade Gliomas	0.999993731	Diffuse Midline Glioma, H3k27-Altered	0.999993729	Diffuse Midline Glioma, H3 K27-Mutant / EZHIP Overexpressing	0.999993729	DMG_K27	0.999993729	Diffuse midline glioma, H3 K27-altered	0.987	Diffuse midline glioma, H3 K27-altered	0.987	DMG K27	0.987
BS_P05DF41V	205657380177_R05C01	Cranial And Paraspinal Nerve Tumours	0.99917007	Schwann-Cell Tumours	0.590945481	Schwannoma	0.590876639	SCHW	0.590876639	Mesenchymal tumors	0.988	Plexiform neurofibroma	0.982	NFIB PLEX	0.982
BS_3GWGMS4G	205657380024_R07C01	Ependymal Tumours	0.999998858	Supratentorial Ependymoma, ZFTA Fusion-Positive	0.999995557	Supratentorial Ependymoma, ZFTA:rela Fusion-Positive	0.999992853	EPN_ST_ZFTA_RELA_A	0.999992785	Ependymal tumors	0.989	Supratentorial ependymoma, ZFTA fusion-positive	0.987	EPN ST ZFTA RELA	0.987
BS_GDF5WQV9	205624870063_R04C01	Medulloblastoma	0.99942311	Medulloblastoma Non-WNT/Non-SHH Activated	0.999338484	Medulloblastoma Group 4	0.998955521	MB_G34_VII	0.980350557	Medulloblastoma	0.991	Medulloblastoma, non-WNT/non-SHH, Group 4	0.989	MB G4 VII	0.988
BS_NQQ4P8S7	206530740002_R04C01	Control Tissues	0.995263792	Control Brain Tissues	0.995246566	Control Tissue, White Matter (Corpus Callosum)	0.994352136	CTRL_CORPCAL	0.994352136	Control tissues	0.883	Control tissue, corpus callosum	0.863	CONTR CORPCAL	0.863
BS_26XTJTTF	206402350029_R03C01	Other CNS Embryonal Tumours	0.999771445	Atypical Teratoid Rhabdoid Tumour	0.981384237	Atypical Teratoid Rhabdoid Tumour, Tyrosinase Activated	0.98131255	ATRT_TYR	0.98131255	SMARC-altered tumors	0.986	Atypical teratoid/rhabdoid tumor	0.986	ATRT TYR	0.983
BS_CXV7X7WN	205676390135_R01C01	Low-Grade Glial/Glioneuronal/Neuroepithelial Tumours	0.999995962	Pilocytic Astrocytoma	0.999994138	Supratentorial Midline Pilocytic Astrocytoma	0.999975592	PA_MID	0.999975592	Low-grade glial/glioneuronal tumors	0.989	Pilocytic astrocytoma	0.988	PA MID	0.987
BS_NHDD620E	206402350046_R02C01	Medulloblastoma	0.9989576	Medulloblastoma, SHH-Activated	0.998758779	Medulloblastoma, SHH-Activated, Subtype 4	0.804260483	MB_SHH_4	0.804260483	Medulloblastoma	0.99	Medulloblastoma, SHH-activated	0.988	MB SHH 4	0.987
BS_06ZT67NX	205648310114_R01C01	Low-Grade Glial/Glioneuronal/Neuroepithelial Tumours	0.997846033	Low-Grade Glioneuronal Tumour	0.997614719	Dysembryoplastic Neuroepithelial Tumour	0.911701496	DNET	0.911701496	Low-grade glial/glioneuronal tumors	0.99	Dysembryoplastic neuroepithelial tumor	0.987	DNT	0.987
BS_J010KMJT	205128000053_R07C01	Low-Grade Glial/Glioneuronal/Neuroepithelial Tumours	0.964196124	Pilocytic Astrocytoma	0.956691701	Infratentorial Pilocytic Astrocytoma	0.955885457	PA_INF	0.955885457	Low-grade glial/glioneuronal tumors	0.99	Pilocytic astrocytoma	0.963	PA PF TYP	0.921
BS_PYSXW993	205128000053_R06C01	Low-Grade Glial/Glioneuronal/Neuroepithelial Tumours	0.999982775	Low-Grade Ganglioglial/Neuroepithelial Tumour	0.999978171	Ganglioglioma	0.99984437	GG	0.99984437	Low-grade glial/glioneuronal tumors	0.989	Ganglioglioma	0.986	GG	0.986
BS_ZTWT62DX	205707890108_R08C01	Control Tissues	0.944165758	Control Brain Tissues	0.9414164	Control Tissue, Hemispheric Cortex	0.940639805	CTRL_HEMI	0.940639805	Control tissues	0.963	Control tissue, cerebral hemisphere	0.635	CONTR HEMI	0.635
BS_86MPXAX5	205624900172_R08C01	Paediatric-Type Diffuse High-Grade Gliomas	0.998976709	Diffuse Midline Glioma, H3k27-Altered	0.998935595	Diffuse Midline Glioma, H3 K27-Mutant / EZHIP Overexpressing	0.998931992	DMG_K27	0.998931992	Diffuse midline glioma, H3 K27-altered	0.976	Diffuse midline glioma, H3 K27-altered	0.976	DMG K27	0.976
BS_FF9N48KN	205624900133_R01C01	Low-Grade Glial/Glioneuronal/Neuroepithelial Tumours	0.7503749	Low-Grade Ganglioglial/Neuroepithelial Tumour	0.660988761	Supratentorial Pilocytic Astrocytoma	0.571227113	PA_CORT	0.571227113	Low-grade glial/glioneuronal tumors	0.989	Ganglioglioma	0.729	GG	0.729
BS_2BSS24QD	205624860132_R03C01	Control Tissues	0.484246752	Control Tissue, Reactive Tumour Microenvironment	0.463690243	Control Tissue, Reactive Tumour Microenvironment	0.463690243	CTRL_REACTIVE	0.463690243	Control tissues	0.688	Control tissue, reactive tumor microenvironment	0.357	CONTR REACT	0.357
BS_2W29VZ0Q	205707890156_R02C01	Cranial And Paraspinal Nerve Tumours	0.998982381	Schwann-Cell Tumours	0.998901666	Schwannoma	0.998755417	SCHW	0.998755417	Mesenchymal tumors	0.988	Schwannoma	0.987	SCHW	0.987
BS_JBD1GJHB	205676380056_R01C01	Control Tissues	0.381497171	Control Brain Tissues	0.369705706	Control Tissue, Hemispheric Cortex	0.363000257	CTRL_HEMI	0.363000257	Low-grade glial/glioneuronal tumors	0.907	Ganglioglioma	0.879	GG	0.879
BS_21KG9DWJ	205624860120_R07C01	Other CNS Embryonal Tumours	0.998476282	CNS BCOR-Altered Tumours	0.998378342	Neuroepithelial Tumour With BCOR Internal Tandem Duplication	0.998378165	CNS_BCOR_ITD	0.998378165	BCOR-altered tumors	0.988	CNS tumor with BCOR internal tandem duplication	0.987	CNS BCOR ITD	0.987
BS_4APXHAPJ	206402350072_R01C01	Tumours Of The Sellar Region	0.988101928	Craniopharyngioma	0.987702688	Adamantinomatous Craniopharyngioma	0.842785113	CPH_ADM	0.842785113	Epithelial tumors	0.987	Adamantinomatous craniopharyngioma	0.55	CPH ADM	0.55
BS_F4S6YVNV	205657380008_R07C01	Cranial And Paraspinal Nerve Tumours	0.987342239	Schwann-Cell Tumours	0.98625273	Schwannoma	0.984457861	SCHW	0.984457861	Mesenchymal tumors	0.988	Schwannoma	0.985	SCHW	0.985
BS_6YWZ165E	206402350021_R02C01	Medulloblastoma	0.999796644	Medulloblastoma, SHH-Activated	0.999743685	Medulloblastoma, SHH-Activated, Subtype 1	0.962422763	MB_SHH_1	0.962422763	Medulloblastoma	0.991	Medulloblastoma, SHH-activated	0.988	MB SHH 1	0.987
BS_KQCXTBDN	205624860143_R07C01	Mesenchymal, Non-Meningothelial Tumours Involving The CNS	0.999997066	Tumours Of Uncertain Differentiation	0.999997001	Ewing Sarcoma	0.999996891	EWS	0.999996891	Neuroblastic embryonal tumors	0.985	Ewing sarcoma	0.983	EWS	0.983
BS_TFK9N79K	205982900173_R04C01	Paediatric-Type Diffuse High-Grade Gliomas	0.881314666	Diffuse Midline Glioma, H3k27-Altered	0.83672467	Diffuse Midline Glioma, H3 K27-Mutant / EZHIP Overexpressing	0.836678462	DMG_K27	0.836678462	Diffuse midline glioma, H3 K27-altered	0.985	Diffuse midline glioma, H3 K27-altered	0.985	DMG K27	0.984
BS_2QHBMM9W	206390560073_R03C01	Tumours Of The Sellar Region	0.968611646	Craniopharyngioma	0.967458145	Adamantinomatous Craniopharyngioma	0.769466632	CPH_ADM	0.769466632	Epithelial tumors	0.986	Papillary craniopharyngioma	0.576	CPH PAP	0.576
BS_470YTZE4	206530740002_R02C01	Control Tissues	0.825663766	Control Tissue, Reactive Tumour Microenvironment	0.824222189	Control Tissue, Reactive Tumour Microenvironment	0.824222189	CTRL_REACTIVE	0.824222189	Low-grade glial/glioneuronal tumors	0.641	Pilocytic astrocytoma	0.563	PA PF TYP	0.333
BS_6FH33KY0	205707900008_R01C01	Ependymal Tumours	0.993446739	Supratentorial Ependymoma, ZFTA Fusion-Positive	0.993110936	Supratentorial Ependymoma, ZFTA Fusion-Positive	0.985526218	EPN_ST_ZFTA_FUS_D	0.969983298	Ependymal tumors	0.987	Supratentorial ependymoma, ZFTA fusion-positive	0.984	EPN ST ZFTA FUS D	0.984
BS_6H40DB4M	205707900009_R06C01	Neuroblastoma	0.254309596	Neuroblastoma	0.254309596	Neuroblastoma	0.254309596	NB_TMM_NEG	0.251932999	Mesenchymal tumors	0.806	Malignant melanotic nerve sheath tumor	0.308	MMNST	0.308
BS_99K0N5B3	205624900111_R02C01	Tumours Of The Sellar Region	0.999701967	Craniopharyngioma	0.999686164	Adamantinomatous Craniopharyngioma	0.999685911	CPH_ADM	0.999685911	Epithelial tumors	0.987	Adamantinomatous craniopharyngioma	0.986	CPH ADM	0.986
BS_GTF0J2P7	206390560034_R07C01	Paediatric-Type Diffuse High-Grade Gliomas	0.987616905	Paediatric-Type Diffuse High-Grade Gliomas	0.986919512	Diffuse Paediatric-Type High Grade Glioma, H3 Wildtype And IDH Wild Type, Subtype A\&B (Novel)	0.986556616	pedHGG_A	0.974241468	Ependymal tumors	0.694	Intracranial ependymoma-variant type	0.298	EPN IC C6C	0.247
BS_B5AQJ9XV	206390560054_R01C01	Medulloblastoma	0.879140992	Medulloblastoma Non-WNT/Non-SHH Activated	0.859242305	Medulloblastoma Group 4	0.604223453	MB_G34_VII	0.550617402	Medulloblastoma	0.988	Medulloblastoma, non-WNT/non-SHH, Group 4	0.606	MB G4 VII	0.337
BS_YTJBZSP8	207211180125_R01C01	Diffuse Glioma, Mapk Altered, Cell-Cycle Activated	0.999998887	Pleomorphic Xanthoastrocytoma(-Like)	0.999998886	Pleomorphic Xanthoastrocytoma(-Like)	0.999998886	PXA	0.999998886	Intermediate-grade IDH-wildtype gliomas	0.988	Pleomorphic xanthoastrocytoma	0.987	PXA	0.987
BS_M6YZNRVZ	205657380173_R01C01	Medulloblastoma	0.999999434	Medulloblastoma Non-WNT/Non-SHH Activated	0.999999208	Medulloblastoma Group 3	0.999996765	MB_G34_II	0.999989202	Medulloblastoma	0.991	Medulloblastoma, non-WNT/non-SHH, Group 3	0.989	MB G3 II	0.988
BS_JA5SMT0Q	206390560119_R04C01	Mesenchymal, Non-Meningothelial Tumours Involving The CNS	0.462564399	Notochordal Tumours	0.432362058	Chordoma	0.432362058	CHORDM	0.432362058	Mesenchymal tumors	0.988	Chondrosarcoma	0.986	CSA IDH GROUP A	0.985
BS_PSMS1RNK	206390560038_R06C01	Control Tissues	0.951512656	Control Brain Tissues	0.951512406	Control Tissue, Cerebellar Hemisphere	0.951511541	CTRL_CBM	0.951511541	Control tissues	0.558	Control tissue, cerebellum	0.338	CONTR CEBM	0.338
BS_BP45YHME	205624860121_R01C01	Control Tissues	0.87993776	Control Brain Tissues	0.879814857	Control Tissue, White Matter (Corpus Callosum)	0.878231463	CTRL_CORPCAL	0.878231463	Low-grade glial/glioneuronal tumors	0.909	Ganglioglioma	0.74	GG	0.74
BS_J6NGG30Q	205676390004_R03C01	Circumscribed Astrocytic Tumours	0.95320974	Subependymal Giant Cell Astrocytoma	0.952941442	Subependymal Giant Cell Astrocytoma	0.952941442	SEGA	0.952941442	Low-grade glial/glioneuronal tumors	0.989	Subependymal giant cell astrocytoma	0.986	SEGA	0.986
BS_MZ45E21Q	205566000036_R03C01	Low-Grade Glial/Glioneuronal/Neuroepithelial Tumours	0.987605658	Pilocytic Astrocytoma	0.95149738	Infratentorial Pilocytic Astrocytoma	0.948306455	PA_INF	0.948306455	Low-grade glial/glioneuronal tumors	0.989	Pilocytic astrocytoma	0.988	PA PF TYP	0.988
BS_61S3VRAP	205624900009_R08C01	Meningioma	0.999797661	Meningioma	0.999797661	Meningioma, SMARCE1-Altered	0.998782717	MNG_SMARCE1	0.998782717	Meningioma	0.987	Meningioma, clear cell type, SMARCE1-altered	0.983	MNG SMARCE1	0.983
BS_X3CRNZWC	205624900111_R08C01	Ependymal Tumours	0.999687626	Posterior Fossa Ependymoma Group A	0.999643809	Posterior Fossa Ependymoma Group A1	0.999559886	EPN_PFA_1B	0.971415989	Ependymal tumors	0.989	Posterior fossa group A (PFA) ependymoma	0.985	EPN PFA 1B	0.981
BS_KYNTSD2S	206390560121_R03C01	Meningioma	0.998411867	Meningioma	0.998411867	Meningioma, Benign	0.736176006	MNG_BEN_2	0.716291305	Meningioma	0.988	Meningioma, benign	0.988	MNG BEN 2	0.987
BS_V0F35JP0	206390560188_R03C01	Paediatric-Type Diffuse High-Grade Gliomas	0.99989811	Diffuse Midline Glioma, H3k27-Altered	0.999897507	Diffuse Midline Glioma, H3 K27-Mutant / EZHIP Overexpressing	0.999897412	DMG_K27	0.999897412	Diffuse midline glioma, H3 K27-altered	0.986	Diffuse midline glioma, H3 K27-altered	0.986	DMG K27	0.986
BS_W55EBKYC	205624870137_R06C01	Ependymal Tumours	0.99984249	Posterior Fossa Ependymoma Group A	0.999770803	Posterior Fossa Ependymoma Group A1	0.999609037	EPN_PFA_1C	0.988506506	Ependymal tumors	0.989	Posterior fossa group A (PFA) ependymoma	0.974	EPN PFA 1C	0.965
BS_G43HP0PK	205566000166_R05C01	Low-Grade Glial/Glioneuronal/Neuroepithelial Tumours	0.99999861	Pilocytic Astrocytoma	0.999998374	Supratentorial Midline Pilocytic Astrocytoma	0.999994853	PA_MID	0.999994853	Low-grade glial/glioneuronal tumors	0.989	Pilocytic astrocytoma	0.988	PA MID	0.987
BS_9C2ZR3WF	209890280148_R03C01	Control Tissues	0.999992909	Control Brain Tissues	0.999992909	Control Tissue, Cerebellar Hemisphere	0.999992909	CTRL_CBM	0.999992909	Control tissues	0.967	Control tissue, cerebellum	0.941	CONTR CEBM	0.941
BS_SHMXPXA4	205624870062_R05C01	Ependymal Tumours	0.993167316	Supratentorial Ependymoma, ZFTA Fusion-Positive	0.990625372	Supratentorial Ependymoma, ZFTA:rela Fusion-Positive	0.698594106	EPN_ST_ZFTA_RELA_A	0.698579237	Ependymal tumors	0.989	Supratentorial ependymoma, ZFTA fusion-positive	0.778	EPN ST ZFTA RELA	0.759
BS_PM1GM8XT	206430120162_R07C01	Tumours Of The Sellar Region	0.984901565	Craniopharyngioma	0.984387636	Papillary Craniopharyngioma	0.949446491	CPH_PAP	0.949446491	Epithelial tumors	0.984	Papillary craniopharyngioma	0.981	CPH PAP	0.981
BS_RE5YCEEX	206390560167_R02C01	Low-Grade Glial/Glioneuronal/Neuroepithelial Tumours	0.999999759	Pilocytic Astrocytoma	0.999999672	Supratentorial Midline Pilocytic Astrocytoma	0.999999093	PA_MID	0.999999093	Low-grade glial/glioneuronal tumors	0.99	Pilocytic astrocytoma	0.988	PA MID	0.987
BS_123T7MSE	206390560102_R07C01	Other CNS Embryonal Tumours	0.998136511	Atypical Teratoid Rhabdoid Tumour	0.99795977	Atypical Teratoid Rhabdoid Tumour, MYC Activated	0.995362794	ATRT_MYC	0.995362794	SMARC-altered tumors	0.981	Atypical teratoid/rhabdoid tumor	0.981	ATRT MYC	0.979
BS_KMVRX07R	205676390135_R03C01	Cranial And Paraspinal Nerve Tumours	0.999441263	Malignant Peripheral Nerve-Sheath Tumour	0.999397427	Malignant Peripheral Nerve Sheath Tumour [Spinal Or Atypical Type]	0.996514932	MPNST_ATYP	0.996514932	Mesenchymal tumors	0.988	Malignant peripheral nerve sheath tumor	0.798	MPNST ATYP	0.789
BS_7M1ZAZ7B	206390560188_R06C01	Medulloblastoma	0.687020734	Medulloblastoma Non-WNT/Non-SHH Activated	0.632832742	Medulloblastoma Group 4	0.363753238	MB_G34_VII	0.230332074	Medulloblastoma	0.988	Medulloblastoma, non-WNT/non-SHH, Group 4	0.975	MB G4 VII	0.968
BS_83A6CZNH	205624860121_R03C01	Low-Grade Glial/Glioneuronal/Neuroepithelial Tumours	0.811914103	Low-Grade Ganglioglial/Neuroepithelial Tumour	0.807867554	Ganglioglioma	0.804149696	GG	0.804149696	Intermediate-grade IDH-wildtype gliomas	0.984	Pleomorphic xanthoastrocytoma	0.983	PXA	0.983
BS_0BE09VC0	206402350055_R01C01	Adult-Type Diffuse Gliomas	0.739085178	Diffuse High-Grade Neuroepithelial Tumour [Adult-Type]	0.669625437	Gliomatosis Cerebri-like Glioma, IDH-wildtype	0.659730212	GCG	0.659730212	Low-grade glial/glioneuronal tumors	0.681	Pilocytic astrocytoma	0.33	PA PF TYP	0.22
BS_FY9FVK53	206390560073_R02C01	Tumours Of The Sellar Region	0.681642064	Craniopharyngioma	0.666771157	Papillary Craniopharyngioma	0.564159879	CPH_PAP	0.564159879	Epithelial tumors	0.986	Papillary craniopharyngioma	0.982	CPH PAP	0.982
BS_0F6XDP09	206402350056_R02C01	Rhabdomyosarcoma	0.171173296	Germ Cell Tumours Of The CNS	0.108653619	(Immature) Teratoma	0.105768544	GCT_TERA	0.105768544	Mesenchymal tumors	0.988	Plexiform neurofibroma	0.511	NFIB PLEX	0.511
BS_S19WN975	205676390133_R05C01	Medulloblastoma	0.998234352	Medulloblastoma Non-WNT/Non-SHH Activated	0.997942957	Medulloblastoma Group 3	0.996677495	MB_G34_III	0.971766467	Medulloblastoma	0.991	Medulloblastoma, non-WNT/non-SHH, Group 3	0.989	MB G3 III	0.988
BS_SAXS4J5F	207356840128_R07C01	Other CNS Embryonal Tumours	0.99998972	Atypical Teratoid Rhabdoid Tumour	0.992286335	Atypical Teratoid Rhabdoid Tumour, Tyrosinase Activated	0.992285897	ATRT_TYR	0.992285897	SMARC-altered tumors	0.987	Atypical teratoid/rhabdoid tumor	0.987	ATRT TYR	0.985
BS_MAQMYWNS	206530740002_R06C01	Adult-Type Diffuse Gliomas	0.996280495	Diffuse Glioma, IDH Mutant	0.995979552	Diffuse Glioma, IDH-Mutant And 1p19q Retained [Astroglial Type]	0.995148694	A_IDH_HG	0.994154195	Diffuse midline glioma, H3 K27-altered	0.608	Diffuse midline glioma, H3 K27-altered	0.608	DMG K27	0.607
BS_2ARHMFW0	206430120102_R07C01	Choroid Plexus Tumours	0.993136922	Choroid Plexus Tumours	0.993136922	Choroid Plexus Tumours Subtype B	0.96038289	CPT_PED_B	0.96014374	Choroid plexus tumors	0.987	Choroid plexus carcinoma	0.986	CPC PED	0.986
BS_0NPQFPZ9	206390560103_R01C01	Medulloblastoma	0.678938505	Medulloblastoma, WNT Activated	0.507640173	Medulloblastoma, WNT Activated	0.507640173	MB_WNT	0.507640173	Medulloblastoma	0.926	Medulloblastoma, WNT-activated	0.894	MB WNT	0.894
BS_KPEJSEDB	206390560077_R03C01	Pineal Parenchymal And Retinal Tumours	0.999878329	Pineoblastoma	0.999876857	Pineoblastoma, miRNA Pathway Altered, Group 2	0.995218557	PB_GRP2	0.995218557	Pineal region tumors and retinoblastoma	0.985	Pineoblastoma	0.984	PB GROUP 2	0.983
BS_RMP2RWNA	205657380092_R08C01	Choroid Plexus Tumours	0.971076452	Choroid Plexus Tumours	0.971076452	Choroid Plexus Tumours Subtype B	0.970512566	CPT_PED_B	0.968913998	Choroid plexus tumors	0.985	Choroid plexus carcinoma	0.984	CPC PED	0.984
BS_4039HAR9	205567990005_R04C01	Medulloblastoma	0.989869804	Medulloblastoma Non-WNT/Non-SHH Activated	0.987976449	Medulloblastoma Group 4	0.948373194	MB_G34_VIII	0.636897885	Medulloblastoma	0.991	Medulloblastoma, non-WNT/non-SHH, Group 4	0.963	MB G4 VIII	0.843
BS_AQXCVDTJ	206390560083_R05C01	Low-Grade Glial/Glioneuronal/Neuroepithelial Tumours	0.999992924	Low-Grade Glioneuronal Tumour	0.999988413	Dysembryoplastic Neuroepithelial Tumour	0.999144876	DNET	0.999144876	Low-grade glial/glioneuronal tumors	0.99	Dysembryoplastic neuroepithelial tumor	0.987	DNT	0.987
BS_TYV44Q7J	206402350130_R01C01	Ependymal Tumours	0.997548803	Posterior Fossa Ependymoma Group A	0.994830513	Posterior Fossa Ependymoma Group A1	0.991609042	EPN_PFA_1C	0.978210565	Ependymal tumors	0.989	Posterior fossa group A (PFA) ependymoma	0.988	EPN PFA 1C	0.988
BS_0JZ4RSWQ	205624900009_R07C01	Meningioma	0.99967891	Meningioma	0.99967891	Meningioma, SMARCE1-Altered	0.99694912	MNG_SMARCE1	0.99694912	Meningioma	0.987	Meningioma, clear cell type, SMARCE1-altered	0.981	MNG SMARCE1	0.981
BS_8TEAVCT6	205676390004_R05C01	Haematolymphoid Tumours Involving The CNS	0.448291571	Histiocytic Tumours	0.447207838	Langerhans Cell Histiocytosis	0.447207838	LCH	0.447207838	Hematopoietic tumors	0.858	Langerhans cell histiocytosis	0.853	LCH	0.853
BS_NK7H671N	206390560119_R07C01	Medulloblastoma	0.999676865	Medulloblastoma, SHH-Activated	0.999589158	Medulloblastoma, SHH-Activated, Subtype 3	0.95829112	MB_SHH_3	0.95829112	Medulloblastoma	0.991	Medulloblastoma, SHH-activated	0.989	MB SHH 3	0.988
BS_JCSHMADP	205624900100_R07C01	Ependymal Tumours	0.950148675	Posterior Fossa Ependymoma Group A	0.941499252	Posterior Fossa Ependymoma Group A1	0.932357446	EPN_PFA_1F	0.730200076	Ependymal tumors	0.989	Posterior fossa group A (PFA) ependymoma	0.758	EPN PFA 1A	0.373
BS_PVHKMY7T	205566000004_R01C01	Low-Grade Glial/Glioneuronal/Neuroepithelial Tumours	0.999895947	Pilocytic Astrocytoma	0.999774151	Infratentorial Pilocytic Astrocytoma	0.999434305	PA_INF	0.999434305	Low-grade glial/glioneuronal tumors	0.99	Pilocytic astrocytoma	0.988	PA PF TYP	0.988
BS_MTZ8S25V	206530740001_R08C01	Paediatric-Type Diffuse High-Grade Gliomas	0.995109269	Diffuse Midline Glioma, H3k27-Altered	0.994940646	Diffuse Midline Glioma, H3 K27-Mutant / EZHIP Overexpressing	0.994939521	DMG_K27	0.994939521	Diffuse midline glioma, H3 K27-altered	0.987	Diffuse midline glioma, H3 K27-altered	0.987	DMG K27	0.987
BS_S1MG1BK6	206402350044_R08C01	Paediatric-Type Diffuse High-Grade Gliomas	0.999871559	Diffuse Midline Glioma, H3k27-Altered	0.999869823	Diffuse Midline Glioma, H3 K27-Mutant / EZHIP Overexpressing	0.999868249	DMG_K27	0.999868249	Diffuse midline glioma, H3 K27-altered	0.982	Diffuse midline glioma, H3 K27-altered	0.982	DMG K27	0.982
BS_7SSM2WX4	205624900062_R05C01	Low-Grade Glial/Glioneuronal/Neuroepithelial Tumours	0.986886962	Pilocytic Astrocytoma	0.977016276	Infratentorial Pilocytic Astrocytoma	0.976792337	PA_INF	0.976792337	Low-grade glial/glioneuronal tumors	0.989	Pilocytic astrocytoma	0.984	PA PF VAR	0.979
BS_Z4Q0JCGB	205624870153_R07C01	Diffuse Glioma, Mapk Altered, Cell-Cycle Activated	0.962900287	Pleomorphic Xanthoastrocytoma(-Like)	0.962833303	Pleomorphic Xanthoastrocytoma(-Like)	0.962833303	PXA	0.962833303	Intermediate-grade IDH-wildtype gliomas	0.988	Pleomorphic xanthoastrocytoma	0.987	PXA	0.987
BS_R83GG0JW	206390560158_R06C01	Choroid Plexus Tumours	0.97745809	Choroid Plexus Tumours	0.97745809	Choroid Plexus Tumours Subtype B	0.97651886	CPT_PED_B	0.976208024	Choroid plexus tumors	0.982	Choroid plexus carcinoma	0.981	CPC PED	0.981
BS_NAHRYB7F	205707890087_R08C01	Cranial And Paraspinal Nerve Tumours	0.99994247	Schwann-Cell Tumours	0.999935344	Schwannoma	0.999904467	SCHW	0.999904467	Mesenchymal tumors	0.989	Schwannoma	0.987	SCHW	0.987
BS_F54HQ746	206390560168_R08C01	Meningioma	0.999890491	Meningioma	0.999890491	Meningioma, Intermediate	0.986232323	MNG_INT_A	0.725368823	Meningioma	0.988	Meningioma, intermediate	0.985	MNG INT A	0.985
BS_20PJ16XZ	205589740019_R08C01	Ependymal Tumours	0.245490565	Posterior Fossa Ependymoma Group A	0.101652389	Posterior Fossa Ependymoma Group A1	0.080426827	EPN_ST_ZFTA_RELA_A	0.07025487	Low-grade glial/glioneuronal tumors	0.981	Pilocytic astrocytoma	0.919	PA PF TYP	0.48
BS_BEH6A0QS	205657380024_R02C01	Medulloblastoma	0.246115649	Medulloblastoma, SHH-Activated	0.151279166	Medulloblastoma, SHH-Activated, Subtype 3	0.141737599	MB_SHH_3	0.141737599	Mesenchymal tumors	0.988	Malignant peripheral nerve sheath tumor	0.986	MPNST ATYP	0.986
BS_P3A3FMWA	205657380065_R08C01	Meningioma	0.24790123	Meningioma	0.24790123	Meningioma, Benign	0.225332	MNG_BEN_3	0.191266714	Mesenchymal tumors	0.988	Chondrosarcoma	0.819	CSA CC	0.682
BS_KP5F3FTJ	205589730006_R04C01	Medulloblastoma	0.999827464	Medulloblastoma Non-WNT/Non-SHH Activated	0.999806946	Medulloblastoma Group 4	0.999789115	MB_G34_VIII	0.999617418	Medulloblastoma	0.991	Medulloblastoma, non-WNT/non-SHH, Group 4	0.989	MB G4 VIII	0.989
BS_CB4QGWRF	206390560158_R05C01	Medulloblastoma	0.999971997	Medulloblastoma Non-WNT/Non-SHH Activated	0.999969199	Medulloblastoma Group 3	0.999765135	MB_G34_III	0.998015273	Medulloblastoma	0.991	Medulloblastoma, non-WNT/non-SHH, Group 3	0.989	MB G3 III	0.988
BS_FJCWXV37	205676390133_R02C01	Medulloblastoma	0.999700069	Medulloblastoma Non-WNT/Non-SHH Activated	0.999670741	Medulloblastoma Group 4	0.999643497	MB_G34_VI	0.772418807	Medulloblastoma	0.991	Medulloblastoma, non-WNT/non-SHH, Group 4	0.931	MB G4 VIII	0.678
BS_FJ8MRRDH	207356840008_R06C01	Paediatric-Type Diffuse High-Grade Gliomas	0.999110701	Paediatric-Type Diffuse High-Grade Gliomas	0.999005528	Diffuse Paediatric-Type High Grade Glioma, H3 Wildtype And IDH Wild Type, Subtype A\&B (Novel)	0.993368736	pedHGG_A	0.977951601	Pediatric-type high-grade gliomas	0.987	Diffuse pediatric-type high-grade glioma, H3-wildtype and IDH-wildtype	0.918	pedHGG A	0.703
BS_4N2R4TNP	206390560133_R02C01	Ependymal Tumours	0.99758319	Posterior Fossa Ependymoma Group A	0.997116828	Posterior Fossa Ependymoma Group A2	0.993576477	EPN_PFA_2A	0.957715821	Ependymal tumors	0.989	Posterior fossa group A (PFA) ependymoma	0.987	EPN PFA 2A	0.987
BS_D0J34RBW	206390560159_R03C01	Medulloblastoma	0.999949516	Medulloblastoma Non-WNT/Non-SHH Activated	0.999942894	Medulloblastoma Group 3	0.999709718	MB_G34_IV	0.996360674	Medulloblastoma	0.99	Medulloblastoma, non-WNT/non-SHH, Group 3	0.988	MB G3 IV	0.988
BS_HMWNCF3E	205624900062_R02C01	Medulloblastoma	0.999942885	Medulloblastoma, SHH-Activated	0.999924571	Medulloblastoma, SHH-Activated, Subtype 1	0.997738095	MB_SHH_1	0.997738095	Medulloblastoma	0.991	Medulloblastoma, SHH-activated	0.988	MB SHH 1	0.988
BS_NV6NQHM2	205676380104_R07C01	Paediatric-Type Diffuse High-Grade Gliomas	0.984942645	Paediatric-Type Diffuse High-Grade Gliomas	0.980955554	Diffuse Paediatric-Type High Grade Glioma, RTK1 Subtype	0.980451656	pedHGG_RTK1A	0.515543198	Pediatric-type high-grade gliomas	0.984	Diffuse pediatric-type high-grade glioma, H3-wildtype and IDH-wildtype	0.898	pedHGG RTK1A	0.464
BS_Y0V9RZCQ	205624900111_R04C01	Germ Cell Tumours	0.997863166	Germ Cell Tumours Of The CNS	0.997863166	Germinoma	0.997852178	GCT_GERM_KIT	0.997847417	Other tumors	0.984	Germinoma	0.982	GCT GERM	0.982
BS_3EN4331J	207356840047_R06C01	Adult-Type Diffuse Gliomas	0.999957753	Diffuse Glioma, IDH Mutant	0.999956193	Diffuse Glioma, IDH-Mutant And 1p19q Retained [Astroglial Type]	0.999647978	A_IDH_LG	0.999641063	Diffuse glioma, IDH-mutant	0.988	Astrocytoma, IDH-mutant, lower-grade	0.987	A IDH LG	0.987
BS_TB9SQHA4	205624860106_R07C01	Medulloblastoma	0.988247456	Medulloblastoma Non-WNT/Non-SHH Activated	0.986353997	Medulloblastoma Group 4	0.934980302	MB_G34_VII	0.405919899	Medulloblastoma	0.991	Medulloblastoma, non-WNT/non-SHH, Group 4	0.989	MB G4 VII	0.988
BS_7ZC1599X	205122170051_R01C01	Ependymal Tumours	0.997322705	Posterior Fossa Ependymoma Group A	0.996479862	Posterior Fossa Ependymoma Group A2	0.995526453	EPN_PFA_2B	0.967781494	Ependymal tumors	0.989	Posterior fossa group A (PFA) ependymoma	0.98	EPN PFA 2B	0.975
BS_PKCV80C3	205624900023_R02C01	Medulloblastoma	0.943991189	Medulloblastoma Non-WNT/Non-SHH Activated	0.934091157	Medulloblastoma Group 4	0.879549538	MB_G34_V	0.546074852	Medulloblastoma	0.99	Medulloblastoma, non-WNT/non-SHH, Group 4	0.963	MB G4 VIII	0.913
BS_STYGP160	207356840127_R05C01	Other CNS Embryonal Tumours	0.97663873	Atypical Teratoid Rhabdoid Tumour	0.975181693	Atypical Teratoid Rhabdoid Tumour, MYC Activated	0.959848274	ATRT_MYC	0.959848274	SMARC-altered tumors	0.987	Atypical teratoid/rhabdoid tumor	0.974	ATRT MYC	0.955
BS_EJK71EEZ	205624860155_R06C01	Control Tissues	0.50344973	Control Tissue, Reactive Tumour Microenvironment	0.490519286	Control Tissue, Reactive Tumour Microenvironment	0.490519286	CTRL_REACTIVE	0.490519286	Control tissues	0.943	Control tissue, reactive tumor microenvironment	0.839	CONTR REACT	0.839
BS_FW4MCZSG	205707900011_R04C01	Ependymal Tumours	0.999976993	Supratentorial Ependymoma, ZFTA Fusion-Positive	0.999931241	Supratentorial Ependymoma, ZFTA:rela Fusion-Positive	0.999884526	EPN_ST_ZFTA_RELA_A	0.999880958	Ependymal tumors	0.989	Supratentorial ependymoma, ZFTA fusion-positive	0.986	EPN ST ZFTA RELA	0.986
BS_0890HJY2	207356850144_R01C01	Paediatric-Type Diffuse High-Grade Gliomas	0.999883539	Diffuse Midline Glioma, H3k27-Altered	0.999880356	Diffuse Midline Glioma, H3 K27-Mutant / EZHIP Overexpressing	0.999869516	DMG_K27	0.999869516	Diffuse midline glioma, H3 K27-altered	0.987	Diffuse midline glioma, H3 K27-altered	0.987	DMG K27	0.987
BS_5QFPZ2QW	205589730167_R06C01	Low-Grade Glial/Glioneuronal/Neuroepithelial Tumours	0.997880294	Low-Grade Ganglioglial/Neuroepithelial Tumour	0.992918152	Supratentorial Pilocytic Astrocytoma	0.992835494	PA_CORT	0.992835494	Low-grade glial/glioneuronal tumors	0.989	Pilocytic astrocytoma	0.984	PA ST	0.98
BS_4AD9TXWQ	205707890153_R06C01	Inflammatory Microenvironment	0.777198923	Inflammatory Microenvironment	0.777198923	Inflammatory Microenvironment	0.777198923	INFLAM_ENV	0.777198923	Control tissues	0.347	Control tissue, inflammatory microenvironment	0.302	CONTR INFLAM	0.302
BS_KJM08ZYE	205707890145_R03C01	Ependymal Tumours	0.930590062	Posterior Fossa Ependymoma Group A	0.830357631	Posterior Fossa Ependymoma Group A2	0.815511111	EPN_PFA_2B	0.752700999	Ependymal tumors	0.985	Posterior fossa group A (PFA) ependymoma	0.59	EPN PFA 2B	0.252
BS_6M1F3J71	205624900024_R05C01	Meningioma	0.997181739	Meningioma	0.997181739	Meningioma, Benign	0.994386621	MNG_BEN_1	0.865058218	Meningioma	0.988	Meningioma, benign	0.974	MNG BEN 1	0.565
BS_0RN1W1Q3	206390560167_R06C01	Inflammatory Microenvironment	0.965800343	Inflammatory Microenvironment	0.965800343	Inflammatory Microenvironment	0.965800343	INFLAM_ENV	0.965800343	Control tissues	0.98	Control tissue, inflammatory microenvironment	0.934	CONTR INFLAM	0.934
BS_YDXYS3Y2	205676390004_R04C01	Low-Grade Glial/Glioneuronal/Neuroepithelial Tumours	0.999999989	Pilocytic Astrocytoma	0.999999987	Supratentorial Midline Pilocytic Astrocytoma	0.99999998	PA_MID	0.99999998	Low-grade glial/glioneuronal tumors	0.99	Pilocytic astrocytoma	0.988	PA MID	0.987
BS_0YB6N1PA	205624860012_R05C01	Low-Grade Glial/Glioneuronal/Neuroepithelial Tumours	0.999669196	Pilocytic Astrocytoma	0.999619726	Supratentorial Midline Pilocytic Astrocytoma	0.999537555	PA_MID	0.999537555	Low-grade glial/glioneuronal tumors	0.989	Pilocytic astrocytoma	0.988	PA MID	0.986
BS_2NZKGP9F	205624900023_R03C01	Diffuse Glioma, Mapk Altered, Cell-Cycle Activated	0.900690763	High-Grade Astrocytoma With Piloid Features	0.892996346	High-Grade Astrocytoma With Piloid Features	0.892996346	HGAP	0.892996346	Intermediate-grade IDH-wildtype gliomas	0.957	High-grade astrocytoma with piloid features	0.95	HGAP	0.95
BS_4TB5ER2V	205657380092_R06C01	Low-Grade Glial/Glioneuronal/Neuroepithelial Tumours	0.999994953	Pilocytic Astrocytoma	0.99999211	Infratentorial Pilocytic Astrocytoma	0.998001747	PA_INF	0.998001747	Low-grade glial/glioneuronal tumors	0.99	Pilocytic astrocytoma	0.989	PA PF TYP	0.988
BS_2GAJWRRT	206390560134_R04C01	Low-Grade Glial/Glioneuronal/Neuroepithelial Tumours	0.999978737	Low-Grade Glioneuronal Tumour	0.999976618	Dysembryoplastic Neuroepithelial Tumour	0.992204561	DNET	0.992204561	Low-grade glial/glioneuronal tumors	0.99	Dysembryoplastic neuroepithelial tumor	0.987	DNT	0.987
BS_WQ90DGQT	205624870062_R06C01	Control Tissues	0.997430702	Control Brain Tissues	0.997430701	Control Tissue, Cerebellar Hemisphere	0.9974307	CTRL_CBM	0.9974307	Low-grade glial/glioneuronal tumors	0.982	Pilocytic astrocytoma	0.981	PA PF VAR	0.981
BS_P8BTR3QS	205676390173_R05C01	Other CNS Embryonal Tumours	0.999961036	CNS BCOR-Altered Tumours	0.999960878	CNS Tumour With EP300:BCOR(L1) Fusion	0.998059252	CNS_BCOR_FUS	0.998059252	BCOR-altered tumors	0.983	CNS tumor with BCOR/BCORL1 fusion	0.982	CNS BCOR FUS	0.982
BS_0X8FZCSW	206430120018_R04C01	Medulloblastoma	0.776249387	Medulloblastoma Non-WNT/Non-SHH Activated	0.726462024	Medulloblastoma Group 4	0.544053675	MB_G34_V	0.457334036	Medulloblastoma	0.986	Medulloblastoma, non-WNT/non-SHH, Group 4	0.605	MB G4 V	0.445
BS_BEQYY2S5	205624870063_R05C01	Ependymal Tumours	0.999999989	Supratentorial Ependymoma, ZFTA Fusion-Positive	0.999999932	Supratentorial Ependymoma, ZFTA:rela Fusion-Positive	0.999999819	EPN_ST_ZFTA_RELA_A	0.999999816	Ependymal tumors	0.989	Supratentorial ependymoma, ZFTA fusion-positive	0.988	EPN ST ZFTA RELA	0.988
BS_N3J92FM4	205589730146_R03C01	Medulloblastoma	0.998218305	Medulloblastoma Non-WNT/Non-SHH Activated	0.998027798	Medulloblastoma Group 4	0.993728585	MB_G34_V	0.502370144	Medulloblastoma	0.991	Medulloblastoma, non-WNT/non-SHH, Group 4	0.983	MB G4 V	0.975
BS_Y8PF9EKB	207343240057_R07C01	Other CNS Embryonal Tumours	0.99896104	Atypical Teratoid Rhabdoid Tumour	0.998721496	Atypical Teratoid Rhabdoid Tumour, MYC Activated	0.964222265	ATRT_MYC	0.964222265	SMARC-altered tumors	0.987	Atypical teratoid/rhabdoid tumor	0.987	ATRT MYC	0.985
BS_N52FBNRY	205122170009_R05C01	Low-Grade Glial/Glioneuronal/Neuroepithelial Tumours	0.999999965	Pilocytic Astrocytoma	0.999999539	Infratentorial Pilocytic Astrocytoma	0.999999527	PA_INF	0.999999527	Low-grade glial/glioneuronal tumors	0.99	Pilocytic astrocytoma	0.989	PA PF TYP	0.988
BS_ECBMVAZ7	205707900164_R03C01	Meningioma	0.999266891	Meningioma	0.999266891	Meningioma, Benign	0.999042479	MNG_BEN_1	0.998639857	Meningioma	0.985	Meningioma, benign	0.984	MNG BEN 1	0.983
BS_WD1MS5X0	206430120112_R07C01	Adult-Type Diffuse Gliomas	0.50926417	Diffuse High-Grade Neuroepithelial Tumour [Adult-Type]	0.461936921	Gliomatosis Cerebri-like Glioma, IDH-wildtype	0.418577599	GCG	0.418577599	Low-grade glial/glioneuronal tumors	0.846	Pilocytic astrocytoma	0.353	PA PF TYP	0.172
BS_4Z2JRAC6	206430120133_R08C01	Medulloblastoma	0.986453496	Medulloblastoma Non-WNT/Non-SHH Activated	0.983804041	Medulloblastoma Group 3	0.877610937	MB_G34_IV	0.844881862	Medulloblastoma	0.99	Medulloblastoma, non-WNT/non-SHH, Group 3	0.987	MB G3 IV	0.986
BS_RFJN5JSA	205624900161_R01C01	Low-Grade Glial/Glioneuronal/Neuroepithelial Tumours	0.985594598	Low-Grade Ganglioglial/Neuroepithelial Tumour	0.897907325	Supratentorial Pilocytic Astrocytoma	0.89769341	PA_CORT	0.89769341	Low-grade glial/glioneuronal tumors	0.989	Pilocytic astrocytoma	0.987	PA ST	0.986
BS_PYSE2QW3	205676390174_R08C01	Paediatric-Type Diffuse High-Grade Gliomas	0.999823665	Diffuse Midline Glioma, H3k27-Altered	0.999822391	Diffuse Midline Glioma, H3 K27-Mutant / EZHIP Overexpressing	0.999822304	DMG_K27	0.999822304	Diffuse midline glioma, H3 K27-altered	0.987	Diffuse midline glioma, H3 K27-altered	0.987	DMG K27	0.987
BS_CTV7V6RC	205707890156_R01C01	Germ Cell Tumours	0.998556772	Germ Cell Tumours Of The CNS	0.998556772	Germinoma	0.998554332	GCT_GERM_A	0.998392628	Other tumors	0.774	Germinoma	0.582	GCT GERM KIT	0.566
BS_DXC92XSR	205624860120_R02C01	Ependymal Tumours	0.530166545	Posterior Fossa Ependymoma Group A	0.161927313	Posterior Fossa Ependymoma Group A1	0.132272963	EPN_PF_SE	0.101037413	Low-grade glial/glioneuronal tumors	0.648	Ganglioglioma	0.162	GG	0.142
BS_8HVVX41B	205707900137_R01C01	Ependymal Tumours	0.999994224	Posterior Fossa Ependymoma Group A	0.999992348	Posterior Fossa Ependymoma Group A1	0.999972982	EPN_PFA_1C	0.999389506	Ependymal tumors	0.989	Posterior fossa group A (PFA) ependymoma	0.988	EPN PFA 1C	0.987
BS_BHCFPXE8	205566000010_R01C01	Low-Grade Glial/Glioneuronal/Neuroepithelial Tumours	0.999920038	Low-Grade Glioneuronal Tumour	0.999914188	Rosette-Forming Glioneuronal Tumour	0.999317456	RGNT	0.999317456	Low-grade glial/glioneuronal tumors	0.99	Rosette-forming glioneuronal tumor	0.987	RGNT	0.987
BS_HX5THCZ6	205676380056_R02C01	Low-Grade Glial/Glioneuronal/Neuroepithelial Tumours	0.999999948	Pilocytic Astrocytoma	0.999999653	Infratentorial Pilocytic Astrocytoma	0.999999635	PA_INF	0.999999635	Low-grade glial/glioneuronal tumors	0.99	Pilocytic astrocytoma	0.989	PA PF TYP	0.988
BS_DKD8ZZRV	205676390068_R02C01	Control Tissues	0.53384708	Control Brain Tissues	0.531882319	Control Tissue, White Matter (Corpus Callosum)	0.493037718	CTRL_CORPCAL	0.493037718	Control tissues	0.448	Control tissue, corpus callosum	0.374	CONTR CORPCAL	0.374
BS_S7Y2Q1T7	205624860012_R06C01	Ependymal Tumours	0.733879106	Posterior Fossa Ependymoma Group A	0.678748609	Posterior Fossa Ependymoma Group A1	0.666937704	EPN_PFA_1B	0.608858684	Ependymal tumors	0.802	Posterior fossa group A (PFA) ependymoma	0.71	EPN PFA 1B	0.659
BS_2XFFHEWQ	205657380112_R06C01	Cranial And Paraspinal Nerve Tumours	0.997911954	Schwann-Cell Tumours	0.997837384	Schwannoma	0.995923691	SCHW	0.995923691	Mesenchymal tumors	0.989	Schwannoma	0.987	SCHW	0.987
BS_RFAVPN1Z	206390560106_R06C01	Paediatric-Type Diffuse High-Grade Gliomas	0.999186536	Diffuse Midline Glioma, H3k27-Altered	0.999170634	Diffuse Midline Glioma, H3 K27-Mutant / EZHIP Overexpressing	0.99916235	DMG_K27	0.99916235	Diffuse midline glioma, H3 K27-altered	0.982	Diffuse midline glioma, H3 K27-altered	0.982	DMG K27	0.982
BS_M1TDN11J	206390560101_R04C01	Paediatric-Type Diffuse High-Grade Gliomas	0.999919335	Diffuse Midline Glioma, H3k27-Altered	0.999912986	Diffuse Midline Glioma, H3 K27-Mutant / EZHIP Overexpressing	0.999912914	DMG_K27	0.999912914	Diffuse midline glioma, H3 K27-altered	0.987	Diffuse midline glioma, H3 K27-altered	0.987	DMG K27	0.987
BS_PH6CH643	205657380177_R07C01	Ependymal Tumours	0.999999887	Posterior Fossa Ependymoma Group A	0.99999986	Posterior Fossa Ependymoma Group A1	0.999998257	EPN_PFA_1E	0.999312365	Ependymal tumors	0.989	Posterior fossa group A (PFA) ependymoma	0.988	EPN PFA 1E	0.988
BS_TRSPTHMM	205624900139_R06C01	Diffuse Glioma, Mapk Altered, Cell-Cycle Activated	0.975306826	Pleomorphic Xanthoastrocytoma(-Like)	0.974950376	Pleomorphic Xanthoastrocytoma(-Like)	0.974950376	PXA	0.974950376	Intermediate-grade IDH-wildtype gliomas	0.988	Pleomorphic xanthoastrocytoma	0.986	PXA	0.986
BS_4HAXKEFA	206430120107_R02C01	Choroid Plexus Tumours	0.998431812	Choroid Plexus Tumours	0.998431812	Choroid Plexus Tumours Subtype B	0.99834424	CPT_PED_B	0.998330339	Choroid plexus tumors	0.981	Choroid plexus carcinoma	0.98	CPC PED	0.979
BS_Y19FJ1NW	206402350117_R04C01	Control Tissues	0.999628137	Control Brain Tissues	0.999626866	Control Tissue, White Matter (Corpus Callosum)	0.999593933	CTRL_CORPCAL	0.999593933	Control tissues	0.984	Control tissue, corpus callosum	0.967	CONTR CORPCAL	0.967
BS_S1FNE351	206390560021_R02C01	Other CNS Embryonal Tumours	0.999739499	Atypical Teratoid Rhabdoid Tumour	0.999711565	Atypical Teratoid Rhabdoid Tumour, SHH Activated	0.999586259	ATRT_SHH	0.999586259	SMARC-altered tumors	0.984	Atypical teratoid/rhabdoid tumor	0.984	ATRT SHH	0.983
BS_GYBPDPEB	209890280173_R08C01	Adult-Type Diffuse Gliomas	0.671345465	Glioblastoma, IDH-Wildtype	0.669303669	Glioblastoma, IDH-Wildtype, RTK1 Type	0.669088492	GBM_RTK1	0.669088492	Pediatric-type high-grade gliomas	0.985	Diffuse pediatric-type high-grade glioma, H3-wildtype and IDH-wildtype	0.918	pedHGG RTK1A	0.717
BS_VFT9TW5D	205624900133_R07C01	Neuroblastoma	0.304192921	Neuroblastoma	0.304192921	Neuroblastoma	0.304192921	NB_TMM_NEG	0.301911638	Mesenchymal tumors	0.81	Malignant melanotic nerve sheath tumor	0.456	MMNST	0.456
BS_6SQMYDWP	206390560159_R02C01	Paediatric-Type Diffuse High-Grade Gliomas	0.643191104	Infant-Type Hemispheric Glioma	0.609104084	Infant-Type Hemispheric Glioma	0.609104084	IHG	0.609104084	Pediatric-type high-grade gliomas	0.986	Infant-type hemispheric glioma	0.983	IHG TYP	0.983
BS_VXQX0JPW	205589730005_R08C01	Paediatric-Type Diffuse High-Grade Gliomas	0.999797869	Paediatric-Type Diffuse High-Grade Gliomas	0.999782102	Diffuse Paediatric-Type High Grade Glioma, RTK2 Subtype	0.999491567	pedHGG_RTK2A	0.999491511	Pediatric-type high-grade gliomas	0.987	Diffuse pediatric-type high-grade glioma, H3-wildtype and IDH-wildtype	0.985	pedHGG RTK2A	0.983
BS_9AWA5SR5	205125590007_R06C01	Low-Grade Glial/Glioneuronal/Neuroepithelial Tumours	0.999851232	Pilocytic Astrocytoma	0.999722952	Infratentorial Pilocytic Astrocytoma	0.998896691	PA_INF	0.998896691	Low-grade glial/glioneuronal tumors	0.989	Pilocytic astrocytoma	0.989	PA PF TYP	0.988
BS_EDK7V3CK	205624900023_R06C01	Paediatric-Type Diffuse High-Grade Gliomas	0.999953629	Diffuse Midline Glioma, H3k27-Altered	0.999953348	Diffuse Midline Glioma, H3 K27-Mutant / EZHIP Overexpressing	0.999953274	DMG_K27	0.999953274	Diffuse midline glioma, H3 K27-altered	0.987	Diffuse midline glioma, H3 K27-altered	0.987	DMG K27	0.987
BS_THFRS5M7	206390560100_R07C01	Other CNS Embryonal Tumours	0.999888791	Atypical Teratoid Rhabdoid Tumour	0.999878771	Atypical Teratoid Rhabdoid Tumour, MYC Activated	0.999801934	ATRT_MYC	0.999801934	SMARC-altered tumors	0.987	Atypical teratoid/rhabdoid tumor	0.987	ATRT MYC	0.986
BS_J33ZKHQ5	206430120018_R02C01	Tumours Of The Sellar Region	0.999673337	Craniopharyngioma	0.999656551	Adamantinomatous Craniopharyngioma	0.999656497	CPH_ADM	0.999656497	Epithelial tumors	0.988	Adamantinomatous craniopharyngioma	0.986	CPH ADM	0.986
BS_109XBCVB	205624870062_R08C01	Low-Grade Glial/Glioneuronal/Neuroepithelial Tumours	0.971279036	Pilocytic Astrocytoma	0.961702456	Infratentorial Pilocytic Astrocytoma	0.958444896	PA_INF	0.958444896	Low-grade glial/glioneuronal tumors	0.989	Pilocytic astrocytoma	0.988	PA PF TYP	0.988
BS_VNHBE5ZV	206390560102_R08C01	Paediatric-Type Diffuse High-Grade Gliomas	0.996990729	Diffuse Midline Glioma, H3k27-Altered	0.993895389	Diffuse Midline Glioma, H3 K27-Mutant / EZHIP Overexpressing	0.993894605	DMG_K27	0.993894605	Diffuse midline glioma, H3 K27-altered	0.986	Diffuse midline glioma, H3 K27-altered	0.986	DMG K27	0.986
BS_5VRG5FS1	205707890087_R01C01	Ependymal Tumours	0.998081616	Supratentorial Ependymoma, ZFTA Fusion-Positive	0.997470873	Supratentorial Ependymoma, ZFTA:rela Fusion-Positive	0.995348368	EPN_ST_ZFTA_RELA_A	0.993973089	Ependymal tumors	0.989	Supratentorial ependymoma, ZFTA fusion-positive	0.986	EPN ST ZFTA RELA	0.986
BS_MWV91M7D	206390560131_R07C01	Medulloblastoma	0.989629823	Medulloblastoma Non-WNT/Non-SHH Activated	0.987207073	Medulloblastoma Group 3	0.968187542	MB_G34_II	0.956390663	Medulloblastoma	0.979	Medulloblastoma, non-WNT/non-SHH, Group 3	0.973	MB G3 II	0.972
BS_P6BMPCE3	205676390004_R06C01	Low-Grade Glial/Glioneuronal/Neuroepithelial Tumours	0.999980087	Pilocytic Astrocytoma	0.999973381	Supratentorial Midline Pilocytic Astrocytoma	0.999970735	PA_MID	0.999970735	Low-grade glial/glioneuronal tumors	0.989	Pilocytic astrocytoma	0.988	PA MID	0.987
BS_TY5BXJN9	205589730005_R02C01	Medulloblastoma	0.336176666	Pilocytic Astrocytoma	0.258225804	Infratentorial Pilocytic Astrocytoma	0.255093492	PA_INF	0.255093492	Low-grade glial/glioneuronal tumors	0.987	Pilocytic astrocytoma	0.986	PA PF VAR	0.985
BS_WCCX199N	206430120054_R03C01	Paediatric-Type Diffuse High-Grade Gliomas	0.999780206	Diffuse Midline Glioma, H3k27-Altered	0.999779495	Diffuse Midline Glioma, H3 K27-Mutant / EZHIP Overexpressing	0.99977944	DMG_K27	0.99977944	Diffuse midline glioma, H3 K27-altered	0.987	Diffuse midline glioma, H3 K27-altered	0.987	DMG K27	0.987
BS_N2V9HNXV	205624870063_R08C01	Germ Cell Tumours	0.153537258	Germ Cell Tumours Of The CNS	0.153537258	(Immature) Teratoma	0.149904866	GCT_TERA	0.149904866	Low-grade glial/glioneuronal tumors	0.555	Pilocytic astrocytoma	0.352	PA PF TYP	0.271
BS_ERZJP66A	205624860020_R02C01	Circumscribed Astrocytic Tumours	0.989944393	Subependymal Giant Cell Astrocytoma	0.989911925	Subependymal Giant Cell Astrocytoma	0.989911925	SEGA	0.989911925	Low-grade glial/glioneuronal tumors	0.988	Subependymal giant cell astrocytoma	0.983	SEGA	0.983
BS_R9B71R7T	205624900161_R08C01	Paediatric-Type Diffuse High-Grade Gliomas	0.981067923	Paediatric-Type Diffuse High-Grade Gliomas	0.98088135	Diffuse Hemispheric Glioma, H3 G34-Mutant	0.978186177	DHG_G34	0.978186177	Pediatric-type high-grade gliomas	0.986	Diffuse hemispheric glioma, H3 G34-mutant	0.985	DHG G34	0.985
BS_4T7PPKM0	205982900173_R01C01	Medulloblastoma	0.997384033	Medulloblastoma Non-WNT/Non-SHH Activated	0.996786299	Medulloblastoma Group 4	0.988051489	MB_G34_VII	0.985198398	Medulloblastoma	0.989	Medulloblastoma, non-WNT/non-SHH, Group 4	0.987	MB G4 VII	0.986
BS_ZTMGC2AC	205125590007_R04C01	Low-Grade Glial/Glioneuronal/Neuroepithelial Tumours	0.999960682	Pilocytic Astrocytoma	0.999937049	Supratentorial Midline Pilocytic Astrocytoma	0.998160552	PA_MID	0.998160552	Low-grade glial/glioneuronal tumors	0.989	Pilocytic astrocytoma	0.988	PA MID	0.987
BS_ZXP15DY5	205657390069_R03C01	Ependymal Tumours	0.981895452	Supratentorial Ependymoma, YAP1-Fused	0.954725059	Supratentorial Ependymoma, YAP1-Fused	0.954725059	EPN_YAP	0.954725059	Ependymal tumors	0.985	Supratentorial ependymoma, YAP1 fusion-positive	0.448	EPN ST YAP	0.448
BS_KM2PVNE3	206430120018_R01C01	Paediatric-Type Diffuse High-Grade Gliomas	0.999991606	Diffuse Midline Glioma, H3k27-Altered	0.999991594	Diffuse Midline Glioma, H3 K27-Mutant / EZHIP Overexpressing	0.999991583	DMG_K27	0.999991583	Diffuse midline glioma, H3 K27-altered	0.987	Diffuse midline glioma, H3 K27-altered	0.987	DMG K27	0.987
BS_XWVFV1QX	207356840021_R01C01	Mesenchymal, Non-Meningothelial Tumours Involving The CNS	0.999997329	Tumours Of Uncertain Differentiation	0.99999728	CIC-Rearranged Sarcoma	0.999997154	CNS_SARC_CIC	0.999997154	Mesenchymal tumors	0.988	CIC-rearranged sarcoma	0.986	CNS SARC CIC	0.986
BS_PW40TSTA	205676390135_R07C01	Cranial And Paraspinal Nerve Tumours	0.999927438	Schwann-Cell Tumours	0.999922679	Schwannoma	0.999880397	SCHW	0.999880397	Mesenchymal tumors	0.989	Schwannoma	0.987	SCHW	0.987
BS_9R6GH6CW	205707900163_R08C01	Paediatric-Type Diffuse High-Grade Gliomas	0.999406812	Diffuse Midline Glioma, H3k27-Altered	0.999399862	Diffuse Midline Glioma, H3 K27-Mutant / EZHIP Overexpressing	0.999399626	DMG_K27	0.999399626	Diffuse midline glioma, H3 K27-altered	0.983	Diffuse midline glioma, H3 K27-altered	0.983	DMG K27	0.983
BS_61YHWHV3	205624860155_R03C01	Cranial And Paraspinal Nerve Tumours	0.998817462	Cranial And Paraspinal Nerve Tumours	0.917711364	Plexiform Neurofibroma	0.917699773	NFIB_PLEX	0.917699773	Mesenchymal tumors	0.988	Plexiform neurofibroma	0.986	NFIB PLEX	0.986
BS_DT76JXER	207211180095_R08C01	Low-Grade Glial/Glioneuronal/Neuroepithelial Tumours	0.9520756	Pilocytic Astrocytoma	0.782822495	Infratentorial Pilocytic Astrocytoma	0.702248248	PA_INF_FGFR	0.702248248	Low-grade glial/glioneuronal tumors	0.989	Pilocytic astrocytoma	0.912	PA PF TYP	0.807
BS_VCFT8XRY	206402350026_R07C01	Neuroblastoma	0.572532832	Neuroblastoma	0.572532832	Neuroblastoma	0.572532832	NB_TMM_NEG	0.572375825	Hematopoietic tumors	0.755	Langerhans cell histiocytosis	0.746	LCH	0.746
BS_TCV64VWQ	205707900172_R05C01	Ependymal Tumours	0.999992388	Posterior Fossa Ependymoma Group B \& Posterior Fossa Subependymoma	0.999889696	Posterior Fossa Ependymoma Group B	0.99986222	EPN_PFB_1	0.972600687	Ependymal tumors	0.989	Posterior fossa group B (PFB) ependymoma	0.987	EPN PFB 1	0.987
BS_GQ5XJQ90	205122170009_R06C01	Control Tissues	0.512906367	Control Tissue, Reactive Tumour Microenvironment	0.51099405	Control Tissue, Reactive Tumour Microenvironment	0.51099405	CTRL_REACTIVE	0.51099405	Low-grade glial/glioneuronal tumors	0.467	Pilocytic astrocytoma	0.365	PA MID	0.174
BS_V52DMGQX	205676390146_R07C01	Medulloblastoma	0.999994428	Medulloblastoma, WNT Activated	0.999979009	Medulloblastoma, WNT Activated	0.999979009	MB_WNT	0.999979009	Medulloblastoma	0.991	Medulloblastoma, WNT-activated	0.988	MB WNT	0.988
BS_CK5JWE8K	205624900173_R04C01	Paediatric-Type Diffuse High-Grade Gliomas	0.851135053	Paediatric-Type Diffuse High-Grade Gliomas	0.849239041	Diffuse Paediatric-Type High Grade Glioma, MYCN Subtype	0.620822967	pedHGG_MYCN	0.620822967	Glioblastoma, IDH-wildtype	0.989	Glioblastoma, IDH-wildtype	0.989	GBM RTK2	0.988
BS_RPNFPF58	206530740002_R05C01	Paediatric-Type Diffuse High-Grade Gliomas	0.604430091	Paediatric-Type Diffuse High-Grade Gliomas	0.564864659	Diffuse Paediatric-Type High Grade Glioma, MYCN Subtype	0.489178022	pedHGG_MYCN	0.489178022	Pediatric-type high-grade gliomas	0.986	Diffuse pediatric-type high-grade glioma, H3-wildtype and IDH-wildtype	0.985	pedHGG MYCN	0.983
BS_8S0S0135	206390560100_R03C01	Tumours Of The Sellar Region	0.996272401	Craniopharyngioma	0.996131338	Adamantinomatous Craniopharyngioma	0.991370449	CPH_ADM	0.991370449	Epithelial tumors	0.988	Adamantinomatous craniopharyngioma	0.984	CPH ADM	0.984
BS_VQ4E0ZSM	205566000058_R02C01	Low-Grade Glial/Glioneuronal/Neuroepithelial Tumours	0.99267222	Pilocytic Astrocytoma	0.991142124	Supratentorial Midline Pilocytic Astrocytoma	0.987598369	PA_MID	0.987598369	Low-grade glial/glioneuronal tumors	0.99	Pilocytic astrocytoma	0.988	PA MID	0.987
BS_CYJMA6Y7	205707900053_R03C01	Ependymal Tumours	0.999999965	Posterior Fossa Ependymoma Group A	0.999999961	Posterior Fossa Ependymoma Group A1	0.999999952	EPN_PFA_1B	0.999996662	Ependymal tumors	0.989	Posterior fossa group A (PFA) ependymoma	0.988	EPN PFA 1B	0.987
BS_EAACSQ7E	207356840128_R03C01	Circumscribed Astrocytic Tumours	0.463387419	Subependymal Giant Cell Astrocytoma	0.462795191	Subependymal Giant Cell Astrocytoma	0.462795191	SEGA	0.462795191	Control tissues	0.587	Control tissue, reactive tumor microenvironment	0.544	CONTR REACT	0.544
BS_24EX2XSS	207356840127_R03C01	Other CNS Embryonal Tumours	0.993876232	Atypical Teratoid Rhabdoid Tumour	0.993511411	Atypical Teratoid Rhabdoid Tumour, SHH Activated	0.992639811	ATRT_SHH	0.992639811	SMARC-altered tumors	0.477	Atypical teratoid/rhabdoid tumor	0.476	ATRT SHH	0.476
BS_6JTXMCTT	205589730018_R06C01	Low-Grade Glial/Glioneuronal/Neuroepithelial Tumours	0.995214669	Pilocytic Astrocytoma	0.992409286	Infratentorial Pilocytic Astrocytoma	0.985976967	PA_INF	0.985976967	Low-grade glial/glioneuronal tumors	0.99	Pilocytic astrocytoma	0.988	PA PF TYP	0.988
BS_ATR3CMEZ	206390560164_R08C01	Paediatric-Type Diffuse High-Grade Gliomas	0.998167186	Diffuse Midline Glioma, H3k27-Altered	0.998115714	Diffuse Midline Glioma, H3 K27-Mutant / EZHIP Overexpressing	0.998115331	DMG_K27	0.998115331	Diffuse midline glioma, H3 K27-altered	0.987	Diffuse midline glioma, H3 K27-altered	0.987	DMG K27	0.987
BS_TFPBSRP7	205707900137_R08C01	Ependymal Tumours	0.932580567	Posterior Fossa Ependymoma Group B \& Posterior Fossa Subependymoma	0.506757487	Posterior Fossa Ependymoma Group B	0.487950308	EPN_PFB_3	0.328191727	Ependymal tumors	0.989	Posterior fossa group A (PFA) ependymoma	0.807	EPN PFA 1C	0.73
BS_KM45ZRKE	205624860120_R08C01	Low-Grade Glial/Glioneuronal/Neuroepithelial Tumours	0.999987149	Pilocytic Astrocytoma	0.999969833	Infratentorial Pilocytic Astrocytoma	0.99996014	PA_INF	0.99996014	Low-grade glial/glioneuronal tumors	0.99	Pilocytic astrocytoma	0.989	PA PF TYP	0.988
BS_NKJCKV8X	205657380013_R04C01	Ependymal Tumours	0.998733925	Posterior Fossa Ependymoma Group A	0.998334215	Posterior Fossa Ependymoma Group A1	0.998115886	EPN_PFA_1B	0.995744789	Ependymal tumors	0.986	Posterior fossa group A (PFA) ependymoma	0.978	EPN PFA 1B	0.973
BS_1048DHEA	205657390069_R05C01	Ependymal Tumours	0.998662538	Supratentorial Ependymoma, ZFTA Fusion-Positive	0.998493096	Supratentorial Ependymoma, ZFTA:rela Fusion-Positive	0.997504967	EPN_ST_ZFTA_RELA_B	0.997443223	Ependymal tumors	0.989	Supratentorial ependymoma, ZFTA fusion-positive	0.987	EPN ST ZFTA RELA	0.987
BS_JJZKPXCK	205624900172_R03C01	Control Tissues	0.9467514	Control Brain Tissues	0.946007594	Control Tissue, Hemispheric Cortex	0.945389178	CTRL_HEMI	0.945389178	Control tissues	0.688	Control tissue, cerebral hemisphere	0.667	CONTR HEMI	0.667
BS_JMAEFJ1F	206402350061_R08C01	Choroid Plexus Tumours	0.999875978	Choroid Plexus Tumours	0.999875978	Choroid Plexus Tumours Subtype B	0.999866742	CPT_PED_B	0.99986475	Choroid plexus tumors	0.987	Choroid plexus carcinoma	0.985	CPC PED	0.985
BS_24KYA5PH	206430120132_R02C01	Medulloblastoma	0.989513489	Medulloblastoma Non-WNT/Non-SHH Activated	0.987892337	Medulloblastoma Group 4	0.986696821	MB_G34_VIII	0.981535396	Medulloblastoma	0.991	Medulloblastoma, non-WNT/non-SHH, Group 4	0.989	MB G4 VIII	0.989
BS_43XHCMC5	205707900164_R07C01	Low-Grade Glial/Glioneuronal/Neuroepithelial Tumours	0.999297605	Diffuse Glioma, MYB- Or MYBl1-Altered	0.998757961	Diffuse Glioma, MYB(L1)-Altered, Subtype D	0.992659595	LGG_MYB_D	0.992659595	Low-grade glial/glioneuronal tumors	0.989	Diffuse astrocytoma, MYB- or MYBL1-altered	0.983	LGG MYB D	0.982
BS_VJF0JW0Y	206430120102_R06C01	Medulloblastoma	0.998981767	Medulloblastoma, SHH-Activated	0.998697509	Medulloblastoma, SHH-Activated, Subtype 2	0.896781693	MB_SHH_2	0.896781693	Medulloblastoma	0.991	Medulloblastoma, SHH-activated	0.976	MB SHH 2	0.969
BS_BFJ68JWH	205624860047_R01C01	Medulloblastoma	0.999945362	Medulloblastoma Non-WNT/Non-SHH Activated	0.999935518	Medulloblastoma Group 4	0.999838813	MB_G34_VII	0.999481368	Medulloblastoma	0.991	Medulloblastoma, non-WNT/non-SHH, Group 4	0.989	MB G4 VII	0.989
BS_9JSD42ZK	207356840021_R07C01	Other CNS Embryonal Tumours	0.999994229	Atypical Teratoid Rhabdoid Tumour	0.995421191	Atypical Teratoid Rhabdoid Tumour, Tyrosinase Activated	0.995420977	ATRT_TYR	0.995420977	SMARC-altered tumors	0.986	Atypical teratoid/rhabdoid tumor	0.986	ATRT TYR	0.985
BS_XVE841YY	205624900062_R04C01	Low-Grade Glial/Glioneuronal/Neuroepithelial Tumours	0.996372761	Low-Grade Ganglioglial/Neuroepithelial Tumour	0.961562297	Supratentorial Pilocytic Astrocytoma	0.961533819	PA_CORT	0.961533819	Low-grade glial/glioneuronal tumors	0.99	Pilocytic astrocytoma	0.988	PA ST	0.987
BS_N5VEQ8RH	205624900022_R02C01	Adult-Type Diffuse Gliomas	0.661699351	Glioblastoma, IDH-Wildtype	0.65320227	Glioblastoma, IDH-Wildtype, RTK2 Type	0.617010801	GBM_RTK2	0.617010801	Glioblastoma, IDH-wildtype	0.512	Glioblastoma, IDH-wildtype	0.512	GBM RTK2	0.489
BS_E8B2JNAK	205566000010_R06C01	Ependymal Tumours	0.999999996	Supratentorial Ependymoma, ZFTA Fusion-Positive	0.999999973	Supratentorial Ependymoma, ZFTA:rela Fusion-Positive	0.999999944	EPN_ST_ZFTA_RELA_A	0.999999944	Ependymal tumors	0.989	Supratentorial ependymoma, ZFTA fusion-positive	0.987	EPN ST ZFTA RELA	0.987
BS_HNF2XW64	206402350009_R01C01	Adult-Type Diffuse Gliomas	0.191527021	Glioblastoma, IDH-Wildtype	0.180957285	Glioblastoma, IDH-Wildtype, Mesenchymal Type	0.1778519	GBM_MES_TYP	0.155176988	Control tissues	0.776	Control tissue, reactive tumor microenvironment	0.333	CONTR REACT	0.333
BS_HR8WK8WR	209204310088_R04C01	Other CNS Embryonal Tumours	0.35025429	Embryonal Tumour With Multilayered Rosettes	0.323498478	Embryonal Tumour With Multilayered Rosettes-Like	0.305339257	ETMR_Atyp	0.305339257	Mesenchymal tumors	0.268	Hemangioblastoma	0.088	HMB	0.088
BS_Q9XEFY7D	206402350026_R01C01	Low-Grade Glial/Glioneuronal/Neuroepithelial Tumours	0.999962353	Low-Grade Glioneuronal Tumour	0.999959592	Rosette-Forming Glioneuronal Tumour	0.999791076	RGNT	0.999791076	Low-grade glial/glioneuronal tumors	0.99	Rosette-forming glioneuronal tumor	0.986	RGNT	0.986
BS_MJKBDY5T	205676380026_R02C01	Mesenchymal, Non-Meningothelial Tumours Involving The CNS	0.710317273	Notochordal Tumours	0.695272684	Chordoma	0.695272684	CHORDM	0.695272684	Mesenchymal tumors	0.986	Poorly differentiated chordoma	0.984	CHORDM PD	0.984
BS_243YNBAH	206402350056_R08C01	Low-Grade Glial/Glioneuronal/Neuroepithelial Tumours	0.997217502	Low-Grade Ganglioglial/Neuroepithelial Tumour	0.625860816	Supratentorial Pilocytic Astrocytoma	0.625807044	PA_CORT	0.625807044	Low-grade glial/glioneuronal tumors	0.99	Dysembryoplastic neuroepithelial tumor	0.549	DNT	0.549
BS_5X8XV0CC	205128000027_R07C01	Other CNS Embryonal Tumours	0.999485575	Atypical Teratoid Rhabdoid Tumour	0.999430892	Atypical Teratoid Rhabdoid Tumour, SHH Activated	0.997423704	ATRT_SHH	0.997423704	SMARC-altered tumors	0.985	Atypical teratoid/rhabdoid tumor	0.985	ATRT SHH	0.983
